2026-03-24 16:20:21 [debug    ] model_registered               model_id=agent_alice
2026-03-24 16:20:21 [debug    ] model_registered               model_id=agent_bob
2026-03-24 16:20:21 [debug    ] model_registered               model_id=agent_carol
2026-03-24 16:20:21 [debug    ] model_registered               model_id=agent_dave
2026-03-24 16:20:21 [debug    ] model_registered               model_id=agent_eve
2026-03-24 16:20:21 [debug    ] model_registered               model_id=agent_frank
2026-03-24 16:20:21 [debug    ] model_registered               model_id=agent_grace
2026-03-24 16:20:21 [debug    ] model_registered               model_id=agent_hank
2026-03-24 16:20:21 [debug    ] model_registered               model_id=agent_ivan
2026-03-24 16:20:21 [info     ] agents_initialized             count=9
2026-03-24 16:20:21 [info     ] selfplay_starting              max_iterations=20 num_players=9 tournaments_per_iter=5
2026-03-24 16:20:21 [info     ] iteration_starting             iteration=1
2026-03-24 16:20:21 [debug    ] tournament_starting            tournament_id=selfplay-9b220550
/home/babbitt/workspace/angzarr/examples-python/main/ai_player/models/poker_net.py:123: UserWarning: To copy construct from a tensor, it is recommended to use sourceTensor.detach().clone() or sourceTensor.detach().clone().requires_grad_(True), rather than torch.tensor(sourceTensor).
  x = torch.tensor(state, dtype=torch.float32, device=self._device)

┌─ COMMAND: CreateTable
│  table: SelfPlay-selfplay, variant: holdem
│  blinds: $5/$10
└─ EVENT: TableCreated

┌─ COMMAND: RegisterPlayer
│  name: Alice
└─ EVENT: PlayerRegistered

┌─ COMMAND: DepositFunds
│  player: Alice, amount: $1,000
└─ EVENT: FundsDeposited

┌─ COMMAND: ReserveFunds
│  player: Alice, amount: $1,000
└─ EVENT: FundsReserved

┌─ COMMAND: JoinTable
│  player: Alice, seat: 0
└─ EVENT: PlayerJoined

┌─ COMMAND: RegisterPlayer
│  name: Bob
└─ EVENT: PlayerRegistered

┌─ COMMAND: DepositFunds
│  player: Bob, amount: $1,000
└─ EVENT: FundsDeposited

┌─ COMMAND: ReserveFunds
│  player: Bob, amount: $1,000
└─ EVENT: FundsReserved

┌─ COMMAND: JoinTable
│  player: Bob, seat: 1
└─ EVENT: PlayerJoined

┌─ COMMAND: RegisterPlayer
│  name: Carol
└─ EVENT: PlayerRegistered

┌─ COMMAND: DepositFunds
│  player: Carol, amount: $1,000
└─ EVENT: FundsDeposited

┌─ COMMAND: ReserveFunds
│  player: Carol, amount: $1,000
└─ EVENT: FundsReserved

┌─ COMMAND: JoinTable
│  player: Carol, seat: 2
└─ EVENT: PlayerJoined

┌─ COMMAND: RegisterPlayer
│  name: Dave
└─ EVENT: PlayerRegistered

┌─ COMMAND: DepositFunds
│  player: Dave, amount: $1,000
└─ EVENT: FundsDeposited

┌─ COMMAND: ReserveFunds
│  player: Dave, amount: $1,000
└─ EVENT: FundsReserved

┌─ COMMAND: JoinTable
│  player: Dave, seat: 3
└─ EVENT: PlayerJoined

┌─ COMMAND: RegisterPlayer
│  name: Eve
└─ EVENT: PlayerRegistered

┌─ COMMAND: DepositFunds
│  player: Eve, amount: $1,000
└─ EVENT: FundsDeposited

┌─ COMMAND: ReserveFunds
│  player: Eve, amount: $1,000
└─ EVENT: FundsReserved

┌─ COMMAND: JoinTable
│  player: Eve, seat: 4
└─ EVENT: PlayerJoined

┌─ COMMAND: RegisterPlayer
│  name: Frank
└─ EVENT: PlayerRegistered

┌─ COMMAND: DepositFunds
│  player: Frank, amount: $1,000
└─ EVENT: FundsDeposited

┌─ COMMAND: ReserveFunds
│  player: Frank, amount: $1,000
└─ EVENT: FundsReserved

┌─ COMMAND: JoinTable
│  player: Frank, seat: 5
└─ EVENT: PlayerJoined

┌─ COMMAND: RegisterPlayer
│  name: Grace
└─ EVENT: PlayerRegistered

┌─ COMMAND: DepositFunds
│  player: Grace, amount: $1,000
└─ EVENT: FundsDeposited

┌─ COMMAND: ReserveFunds
│  player: Grace, amount: $1,000
└─ EVENT: FundsReserved

┌─ COMMAND: JoinTable
│  player: Grace, seat: 6
└─ EVENT: PlayerJoined

┌─ COMMAND: RegisterPlayer
│  name: Hank
└─ EVENT: PlayerRegistered

┌─ COMMAND: DepositFunds
│  player: Hank, amount: $1,000
└─ EVENT: FundsDeposited

┌─ COMMAND: ReserveFunds
│  player: Hank, amount: $1,000
└─ EVENT: FundsReserved

┌─ COMMAND: JoinTable
│  player: Hank, seat: 7
└─ EVENT: PlayerJoined

┌─ COMMAND: RegisterPlayer
│  name: Ivan
└─ EVENT: PlayerRegistered

┌─ COMMAND: DepositFunds
│  player: Ivan, amount: $1,000
└─ EVENT: FundsDeposited

┌─ COMMAND: ReserveFunds
│  player: Ivan, amount: $1,000
└─ EVENT: FundsReserved

┌─ COMMAND: JoinTable
│  player: Ivan, seat: 8
└─ EVENT: PlayerJoined

============================================================
HAND #1 - Dealer: Alice
============================================================

┌─ COMMAND: DealCards
│  hand: #1, dealer: seat 0
└─ EVENT: CardsDealt
   Alice: [K♠ 8♥] ($1,000)
   Bob: [J♣ Q♦] ($1,000)
   Carol: [3♣ K♦] ($1,000)
   Dave: [2♦ K♥] ($1,000)
   Eve: [3♦ Q♥] ($1,000)
   Frank: [4♠ 8♦] ($1,000)
   Grace: [4♦ 4♥] ($1,000)
   Hank: [3♥ 5♣] ($1,000)
   Ivan: [A♠ 5♥] ($1,000)

┌─ COMMAND: PostBlind (small)
│  Bob: $5
└─ EVENT: BlindPosted

┌─ COMMAND: PostBlind (big)
│  Carol: $10
└─ EVENT: BlindPosted

--- PREFLOP ---

┌─ COMMAND: PlayerAction
│  Dave: CALL $10
└─ EVENT: ActionTaken

┌─ COMMAND: PlayerAction
│  Eve: CALL $10
└─ EVENT: ActionTaken

┌─ COMMAND: PlayerAction
│  Frank: RAISE $53
└─ EVENT: ActionTaken

┌─ COMMAND: PlayerAction
│  Grace: CALL $53
└─ EVENT: ActionTaken

┌─ COMMAND: PlayerAction
│  Hank: CALL $53
└─ EVENT: ActionTaken

┌─ COMMAND: PlayerAction
│  Ivan: CALL $53
└─ EVENT: ActionTaken

┌─ COMMAND: PlayerAction
│  Alice: CALL $53
└─ EVENT: ActionTaken

┌─ COMMAND: PlayerAction
│  Bob: CALL $48
└─ EVENT: ActionTaken

┌─ COMMAND: PlayerAction
│  Carol: CALL $43
└─ EVENT: ActionTaken

┌─ COMMAND: PlayerAction
│  Dave: CALL $43
└─ EVENT: ActionTaken

┌─ COMMAND: PlayerAction
│  Eve: CALL $43
└─ EVENT: ActionTaken

┌─ COMMAND: DealCommunityCards (FLOP)
└─ EVENT: CommunityCardsDealt
   Board: [7♣ T♠ 9♥]

--- FLOP ---

┌─ COMMAND: PlayerAction
│  Bob: CHECK
└─ EVENT: ActionTaken

┌─ COMMAND: PlayerAction
│  Carol: CHECK
└─ EVENT: ActionTaken

┌─ COMMAND: PlayerAction
│  Dave: BET $49
└─ EVENT: ActionTaken

┌─ COMMAND: PlayerAction
│  Eve: CALL $49
└─ EVENT: ActionTaken

┌─ COMMAND: PlayerAction
│  Frank: CALL $49
└─ EVENT: ActionTaken

┌─ COMMAND: PlayerAction
│  Grace: CALL $49
└─ EVENT: ActionTaken

┌─ COMMAND: PlayerAction
│  Hank: CALL $49
└─ EVENT: ActionTaken

┌─ COMMAND: PlayerAction
│  Ivan: CALL $49
└─ EVENT: ActionTaken

┌─ COMMAND: PlayerAction
│  Alice: CALL $49
└─ EVENT: ActionTaken

┌─ COMMAND: PlayerAction
│  Bob: CALL $49
└─ EVENT: ActionTaken

┌─ COMMAND: PlayerAction
│  Carol: CALL $49
└─ EVENT: ActionTaken

┌─ COMMAND: DealCommunityCards (TURN)
└─ EVENT: CommunityCardsDealt
   Board: [7♣ T♠ 9♥ T♥]

--- TURN ---

┌─ COMMAND: PlayerAction
│  Bob: BET $52
└─ EVENT: ActionTaken

┌─ COMMAND: PlayerAction
│  Carol: CALL $52
└─ EVENT: ActionTaken

┌─ COMMAND: PlayerAction
│  Dave: CALL $52
└─ EVENT: ActionTaken

┌─ COMMAND: PlayerAction
│  Eve: CALL $52
└─ EVENT: ActionTaken

┌─ COMMAND: PlayerAction
│  Frank: CALL $52
└─ EVENT: ActionTaken

┌─ COMMAND: PlayerAction
│  Grace: CALL $52
└─ EVENT: ActionTaken

┌─ COMMAND: PlayerAction
│  Hank: CALL $52
└─ EVENT: ActionTaken

┌─ COMMAND: PlayerAction
│  Ivan: CALL $52
└─ EVENT: ActionTaken

┌─ COMMAND: PlayerAction
│  Alice: CALL $52
└─ EVENT: ActionTaken

┌─ COMMAND: DealCommunityCards (RIVER)
└─ EVENT: CommunityCardsDealt
   Board: [7♣ T♠ 9♥ T♥ 6♦]

--- RIVER ---

┌─ COMMAND: PlayerAction
│  Bob: BET $47
└─ EVENT: ActionTaken

┌─ COMMAND: PlayerAction
│  Carol: CALL $47
└─ EVENT: ActionTaken

┌─ COMMAND: PlayerAction
│  Dave: CALL $47
└─ EVENT: ActionTaken

┌─ COMMAND: PlayerAction
│  Eve: CALL $47
└─ EVENT: ActionTaken

┌─ COMMAND: PlayerAction
│  Frank: CALL $47
└─ EVENT: ActionTaken

┌─ COMMAND: PlayerAction
│  Grace: CALL $47
└─ EVENT: ActionTaken

┌─ COMMAND: PlayerAction
│  Hank: CALL $47
└─ EVENT: ActionTaken

┌─ COMMAND: PlayerAction
│  Ivan: CALL $47
└─ EVENT: ActionTaken

┌─ COMMAND: PlayerAction
│  Alice: CALL $47
└─ EVENT: ActionTaken

   Eve wins $1,809

┌─ COMMAND: AwardPot
│  Eve: $1,809
└─ EVENT: PotAwarded

============================================================
HAND #2 - Dealer: Bob
============================================================

┌─ COMMAND: DealCards
│  hand: #2, dealer: seat 1
└─ EVENT: CardsDealt
   Alice: [8♠ K♦] ($799)
   Bob: [T♥ 6♦] ($799)
   Carol: [8♦ K♠] ($799)
   Dave: [3♠ 6♥] ($799)
   Eve: [2♠ 9♦] ($2,608)
   Frank: [2♣ 9♥] ($799)
   Grace: [4♣ 5♥] ($799)
   Hank: [T♣ 5♣] ($799)
   Ivan: [7♦ A♥] ($799)

┌─ COMMAND: PostBlind (small)
│  Carol: $5
└─ EVENT: BlindPosted

┌─ COMMAND: PostBlind (big)
│  Dave: $10
└─ EVENT: BlindPosted

--- PREFLOP ---

┌─ COMMAND: PlayerAction
│  Eve: CALL $10
└─ EVENT: ActionTaken

┌─ COMMAND: PlayerAction
│  Frank: RAISE $53
└─ EVENT: ActionTaken

┌─ COMMAND: PlayerAction
│  Grace: CALL $53
└─ EVENT: ActionTaken

┌─ COMMAND: PlayerAction
│  Hank: CALL $53
└─ EVENT: ActionTaken

┌─ COMMAND: PlayerAction
│  Ivan: CALL $53
└─ EVENT: ActionTaken

┌─ COMMAND: PlayerAction
│  Alice: CALL $53
└─ EVENT: ActionTaken

┌─ COMMAND: PlayerAction
│  Bob: CALL $53
└─ EVENT: ActionTaken

┌─ COMMAND: PlayerAction
│  Carol: CALL $48
└─ EVENT: ActionTaken

┌─ COMMAND: PlayerAction
│  Dave: CALL $43
└─ EVENT: ActionTaken

┌─ COMMAND: PlayerAction
│  Eve: CALL $43
└─ EVENT: ActionTaken

┌─ COMMAND: DealCommunityCards (FLOP)
└─ EVENT: CommunityCardsDealt
   Board: [9♣ 5♦ A♦]

--- FLOP ---

┌─ COMMAND: PlayerAction
│  Carol: BET $53
└─ EVENT: ActionTaken

┌─ COMMAND: PlayerAction
│  Dave: CALL $53
└─ EVENT: ActionTaken

┌─ COMMAND: PlayerAction
│  Eve: CALL $53
└─ EVENT: ActionTaken

┌─ COMMAND: PlayerAction
│  Frank: CALL $53
└─ EVENT: ActionTaken

┌─ COMMAND: PlayerAction
│  Grace: CALL $53
└─ EVENT: ActionTaken

┌─ COMMAND: PlayerAction
│  Hank: CALL $53
└─ EVENT: ActionTaken

┌─ COMMAND: PlayerAction
│  Ivan: CALL $53
└─ EVENT: ActionTaken

┌─ COMMAND: PlayerAction
│  Alice: CALL $53
└─ EVENT: ActionTaken

┌─ COMMAND: PlayerAction
│  Bob: CALL $53
└─ EVENT: ActionTaken

┌─ COMMAND: DealCommunityCards (TURN)
└─ EVENT: CommunityCardsDealt
   Board: [9♣ 5♦ A♦ J♣]

--- TURN ---

┌─ COMMAND: PlayerAction
│  Carol: CHECK
└─ EVENT: ActionTaken

┌─ COMMAND: PlayerAction
│  Dave: BET $52
└─ EVENT: ActionTaken

┌─ COMMAND: PlayerAction
│  Eve: CALL $52
└─ EVENT: ActionTaken

┌─ COMMAND: PlayerAction
│  Frank: CALL $52
└─ EVENT: ActionTaken

┌─ COMMAND: PlayerAction
│  Grace: CALL $52
└─ EVENT: ActionTaken

┌─ COMMAND: PlayerAction
│  Hank: CALL $52
└─ EVENT: ActionTaken

┌─ COMMAND: PlayerAction
│  Ivan: CALL $52
└─ EVENT: ActionTaken

┌─ COMMAND: PlayerAction
│  Alice: CALL $52
└─ EVENT: ActionTaken

┌─ COMMAND: PlayerAction
│  Bob: CALL $52
└─ EVENT: ActionTaken

┌─ COMMAND: PlayerAction
│  Carol: CALL $52
└─ EVENT: ActionTaken

┌─ COMMAND: DealCommunityCards (RIVER)
└─ EVENT: CommunityCardsDealt
   Board: [9♣ 5♦ A♦ J♣ 6♣]

--- RIVER ---

┌─ COMMAND: PlayerAction
│  Carol: CHECK
└─ EVENT: ActionTaken

┌─ COMMAND: PlayerAction
│  Dave: BET $53
└─ EVENT: ActionTaken

┌─ COMMAND: PlayerAction
│  Eve: CALL $53
└─ EVENT: ActionTaken

┌─ COMMAND: PlayerAction
│  Frank: CALL $53
└─ EVENT: ActionTaken

┌─ COMMAND: PlayerAction
│  Grace: CALL $53
└─ EVENT: ActionTaken

┌─ COMMAND: PlayerAction
│  Hank: CALL $53
└─ EVENT: ActionTaken

┌─ COMMAND: PlayerAction
│  Ivan: CALL $53
└─ EVENT: ActionTaken

┌─ COMMAND: PlayerAction
│  Alice: CALL $53
└─ EVENT: ActionTaken

┌─ COMMAND: PlayerAction
│  Bob: CALL $53
└─ EVENT: ActionTaken

┌─ COMMAND: PlayerAction
│  Carol: CALL $53
└─ EVENT: ActionTaken

   Grace wins $1,899

┌─ COMMAND: AwardPot
│  Grace: $1,899
└─ EVENT: PotAwarded

============================================================
HAND #3 - Dealer: Carol
============================================================

┌─ COMMAND: DealCards
│  hand: #3, dealer: seat 2
└─ EVENT: CardsDealt
   Alice: [7♦ T♥] ($588)
   Bob: [9♣ 7♠] ($588)
   Carol: [4♥ Q♣] ($588)
   Dave: [6♣ J♥] ($588)
   Eve: [6♠ 2♦] ($2,397)
   Frank: [K♥ 7♣] ($588)
   Grace: [J♦ Q♥] ($2,487)
   Hank: [3♣ Q♠] ($588)
   Ivan: [T♦ 3♠] ($588)

┌─ COMMAND: PostBlind (small)
│  Dave: $5
└─ EVENT: BlindPosted

┌─ COMMAND: PostBlind (big)
│  Eve: $10
└─ EVENT: BlindPosted

--- PREFLOP ---

┌─ COMMAND: PlayerAction
│  Frank: RAISE $49
└─ EVENT: ActionTaken

┌─ COMMAND: PlayerAction
│  Grace: CALL $49
└─ EVENT: ActionTaken

┌─ COMMAND: PlayerAction
│  Hank: CALL $49
└─ EVENT: ActionTaken

┌─ COMMAND: PlayerAction
│  Ivan: CALL $49
└─ EVENT: ActionTaken

┌─ COMMAND: PlayerAction
│  Alice: CALL $49
└─ EVENT: ActionTaken

┌─ COMMAND: PlayerAction
│  Bob: CALL $49
└─ EVENT: ActionTaken

┌─ COMMAND: PlayerAction
│  Carol: CALL $49
└─ EVENT: ActionTaken

┌─ COMMAND: PlayerAction
│  Dave: CALL $44
└─ EVENT: ActionTaken

┌─ COMMAND: PlayerAction
│  Eve: CALL $39
└─ EVENT: ActionTaken

┌─ COMMAND: DealCommunityCards (FLOP)
└─ EVENT: CommunityCardsDealt
   Board: [5♦ 6♦ A♦]

--- FLOP ---

┌─ COMMAND: PlayerAction
│  Dave: CHECK
└─ EVENT: ActionTaken

┌─ COMMAND: PlayerAction
│  Eve: CHECK
└─ EVENT: ActionTaken

┌─ COMMAND: PlayerAction
│  Frank: CHECK
└─ EVENT: ActionTaken

┌─ COMMAND: PlayerAction
│  Grace: BET $40
└─ EVENT: ActionTaken

┌─ COMMAND: PlayerAction
│  Hank: CALL $40
└─ EVENT: ActionTaken

┌─ COMMAND: PlayerAction
│  Ivan: CALL $40
└─ EVENT: ActionTaken

┌─ COMMAND: PlayerAction
│  Alice: CALL $40
└─ EVENT: ActionTaken

┌─ COMMAND: PlayerAction
│  Bob: CALL $40
└─ EVENT: ActionTaken

┌─ COMMAND: PlayerAction
│  Carol: CALL $40
└─ EVENT: ActionTaken

┌─ COMMAND: PlayerAction
│  Dave: CALL $40
└─ EVENT: ActionTaken

┌─ COMMAND: PlayerAction
│  Eve: CALL $40
└─ EVENT: ActionTaken

┌─ COMMAND: PlayerAction
│  Frank: CALL $40
└─ EVENT: ActionTaken

┌─ COMMAND: DealCommunityCards (TURN)
└─ EVENT: CommunityCardsDealt
   Board: [5♦ 6♦ A♦ K♦]

--- TURN ---

┌─ COMMAND: PlayerAction
│  Dave: BET $50
└─ EVENT: ActionTaken

┌─ COMMAND: PlayerAction
│  Eve: CALL $50
└─ EVENT: ActionTaken

┌─ COMMAND: PlayerAction
│  Frank: CALL $50
└─ EVENT: ActionTaken

┌─ COMMAND: PlayerAction
│  Grace: CALL $50
└─ EVENT: ActionTaken

┌─ COMMAND: PlayerAction
│  Hank: CALL $50
└─ EVENT: ActionTaken

┌─ COMMAND: PlayerAction
│  Ivan: CALL $50
└─ EVENT: ActionTaken

┌─ COMMAND: PlayerAction
│  Alice: CALL $50
└─ EVENT: ActionTaken

┌─ COMMAND: PlayerAction
│  Bob: CALL $50
└─ EVENT: ActionTaken

┌─ COMMAND: PlayerAction
│  Carol: CALL $50
└─ EVENT: ActionTaken

┌─ COMMAND: DealCommunityCards (RIVER)
└─ EVENT: CommunityCardsDealt
   Board: [5♦ 6♦ A♦ K♦ 9♦]

--- RIVER ---

┌─ COMMAND: PlayerAction
│  Dave: CHECK
└─ EVENT: ActionTaken

┌─ COMMAND: PlayerAction
│  Eve: CHECK
└─ EVENT: ActionTaken

┌─ COMMAND: PlayerAction
│  Frank: BET $50
└─ EVENT: ActionTaken

┌─ COMMAND: PlayerAction
│  Grace: CALL $50
└─ EVENT: ActionTaken

┌─ COMMAND: PlayerAction
│  Hank: CALL $50
└─ EVENT: ActionTaken

┌─ COMMAND: PlayerAction
│  Ivan: CALL $50
└─ EVENT: ActionTaken

┌─ COMMAND: PlayerAction
│  Alice: CALL $50
└─ EVENT: ActionTaken

┌─ COMMAND: PlayerAction
│  Bob: CALL $50
└─ EVENT: ActionTaken

┌─ COMMAND: PlayerAction
│  Carol: CALL $50
└─ EVENT: ActionTaken

┌─ COMMAND: PlayerAction
│  Dave: CALL $50
└─ EVENT: ActionTaken

┌─ COMMAND: PlayerAction
│  Eve: CALL $50
└─ EVENT: ActionTaken

   Eve wins $1,701

┌─ COMMAND: AwardPot
│  Eve: $1,701
└─ EVENT: PotAwarded

============================================================
HAND #4 - Dealer: Dave
============================================================

┌─ COMMAND: DealCards
│  hand: #4, dealer: seat 3
└─ EVENT: CardsDealt
   Alice: [K♠ 9♣] ($399)
   Bob: [9♥ 8♠] ($399)
   Carol: [K♣ T♥] ($399)
   Dave: [7♣ 7♥] ($399)
   Eve: [4♥ 6♦] ($3,909)
   Frank: [J♣ K♦] ($399)
   Grace: [6♥ 3♥] ($2,298)
   Hank: [5♠ 5♣] ($399)
   Ivan: [9♠ 4♦] ($399)

┌─ COMMAND: PostBlind (small)
│  Eve: $5
└─ EVENT: BlindPosted

┌─ COMMAND: PostBlind (big)
│  Frank: $10
└─ EVENT: BlindPosted

--- PREFLOP ---

┌─ COMMAND: PlayerAction
│  Grace: CALL $10
└─ EVENT: ActionTaken

┌─ COMMAND: PlayerAction
│  Hank: RAISE $60
└─ EVENT: ActionTaken

┌─ COMMAND: PlayerAction
│  Ivan: CALL $60
└─ EVENT: ActionTaken

┌─ COMMAND: PlayerAction
│  Alice: CALL $60
└─ EVENT: ActionTaken

┌─ COMMAND: PlayerAction
│  Bob: CALL $60
└─ EVENT: ActionTaken

┌─ COMMAND: PlayerAction
│  Carol: CALL $60
└─ EVENT: ActionTaken

┌─ COMMAND: PlayerAction
│  Dave: CALL $60
└─ EVENT: ActionTaken

┌─ COMMAND: PlayerAction
│  Eve: CALL $55
└─ EVENT: ActionTaken

┌─ COMMAND: PlayerAction
│  Frank: CALL $50
└─ EVENT: ActionTaken

┌─ COMMAND: PlayerAction
│  Grace: CALL $50
└─ EVENT: ActionTaken

┌─ COMMAND: DealCommunityCards (FLOP)
└─ EVENT: CommunityCardsDealt
   Board: [J♥ A♦ 4♣]

--- FLOP ---

┌─ COMMAND: PlayerAction
│  Eve: CHECK
└─ EVENT: ActionTaken

┌─ COMMAND: PlayerAction
│  Frank: BET $48
└─ EVENT: ActionTaken

┌─ COMMAND: PlayerAction
│  Grace: CALL $48
└─ EVENT: ActionTaken

┌─ COMMAND: PlayerAction
│  Hank: CALL $48
└─ EVENT: ActionTaken

┌─ COMMAND: PlayerAction
│  Ivan: CALL $48
└─ EVENT: ActionTaken

┌─ COMMAND: PlayerAction
│  Alice: CALL $48
└─ EVENT: ActionTaken

┌─ COMMAND: PlayerAction
│  Bob: CALL $48
└─ EVENT: ActionTaken

┌─ COMMAND: PlayerAction
│  Carol: CALL $48
└─ EVENT: ActionTaken

┌─ COMMAND: PlayerAction
│  Dave: CALL $48
└─ EVENT: ActionTaken

┌─ COMMAND: PlayerAction
│  Eve: CALL $48
└─ EVENT: ActionTaken

┌─ COMMAND: DealCommunityCards (TURN)
└─ EVENT: CommunityCardsDealt
   Board: [J♥ A♦ 4♣ 2♠]

--- TURN ---

┌─ COMMAND: PlayerAction
│  Eve: CHECK
└─ EVENT: ActionTaken

┌─ COMMAND: PlayerAction
│  Frank: BET $49
└─ EVENT: ActionTaken

┌─ COMMAND: PlayerAction
│  Grace: CALL $49
└─ EVENT: ActionTaken

┌─ COMMAND: PlayerAction
│  Hank: CALL $49
└─ EVENT: ActionTaken

┌─ COMMAND: PlayerAction
│  Ivan: CALL $49
└─ EVENT: ActionTaken

┌─ COMMAND: PlayerAction
│  Alice: CALL $49
└─ EVENT: ActionTaken

┌─ COMMAND: PlayerAction
│  Bob: CALL $49
└─ EVENT: ActionTaken

┌─ COMMAND: PlayerAction
│  Carol: CALL $49
└─ EVENT: ActionTaken

┌─ COMMAND: PlayerAction
│  Dave: CALL $49
└─ EVENT: ActionTaken

┌─ COMMAND: PlayerAction
│  Eve: CALL $49
└─ EVENT: ActionTaken

┌─ COMMAND: DealCommunityCards (RIVER)
└─ EVENT: CommunityCardsDealt
   Board: [J♥ A♦ 4♣ 2♠ 7♦]

--- RIVER ---

┌─ COMMAND: PlayerAction
│  Eve: CHECK
└─ EVENT: ActionTaken

┌─ COMMAND: PlayerAction
│  Frank: BET $51
└─ EVENT: ActionTaken

┌─ COMMAND: PlayerAction
│  Grace: CALL $51
└─ EVENT: ActionTaken

┌─ COMMAND: PlayerAction
│  Hank: CALL $51
└─ EVENT: ActionTaken

┌─ COMMAND: PlayerAction
│  Ivan: CALL $51
└─ EVENT: ActionTaken

┌─ COMMAND: PlayerAction
│  Alice: CALL $51
└─ EVENT: ActionTaken

┌─ COMMAND: PlayerAction
│  Bob: CALL $51
└─ EVENT: ActionTaken

┌─ COMMAND: PlayerAction
│  Carol: CALL $51
└─ EVENT: ActionTaken

┌─ COMMAND: PlayerAction
│  Dave: CALL $51
└─ EVENT: ActionTaken

┌─ COMMAND: PlayerAction
│  Eve: CALL $51
└─ EVENT: ActionTaken

   Hank wins $1,872

┌─ COMMAND: AwardPot
│  Hank: $1,872
└─ EVENT: PotAwarded

============================================================
HAND #5 - Dealer: Eve
============================================================

┌─ COMMAND: DealCards
│  hand: #5, dealer: seat 4
└─ EVENT: CardsDealt
   Alice: [6♠ 9♦] ($191)
   Bob: [7♣ 9♣] ($191)
   Carol: [2♠ 9♥] ($191)
   Dave: [3♠ J♣] ($191)
   Eve: [5♣ 8♦] ($3,701)
   Frank: [4♣ A♥] ($191)
   Grace: [9♠ 4♦] ($2,090)
   Hank: [5♠ T♦] ($2,063)
   Ivan: [6♦ 4♥] ($191)

┌─ COMMAND: PostBlind (small)
│  Frank: $5
└─ EVENT: BlindPosted

┌─ COMMAND: PostBlind (big)
│  Grace: $10
└─ EVENT: BlindPosted

--- PREFLOP ---

┌─ COMMAND: PlayerAction
│  Hank: RAISE $56
└─ EVENT: ActionTaken

┌─ COMMAND: PlayerAction
│  Ivan: CALL $56
└─ EVENT: ActionTaken

┌─ COMMAND: PlayerAction
│  Alice: CALL $56
└─ EVENT: ActionTaken

┌─ COMMAND: PlayerAction
│  Bob: CALL $56
└─ EVENT: ActionTaken

┌─ COMMAND: PlayerAction
│  Carol: CALL $56
└─ EVENT: ActionTaken

┌─ COMMAND: PlayerAction
│  Dave: CALL $56
└─ EVENT: ActionTaken

┌─ COMMAND: PlayerAction
│  Eve: CALL $56
└─ EVENT: ActionTaken

┌─ COMMAND: PlayerAction
│  Frank: CALL $51
└─ EVENT: ActionTaken

┌─ COMMAND: PlayerAction
│  Grace: CALL $46
└─ EVENT: ActionTaken

┌─ COMMAND: DealCommunityCards (FLOP)
└─ EVENT: CommunityCardsDealt
   Board: [T♣ 3♥ J♦]

--- FLOP ---

┌─ COMMAND: PlayerAction
│  Frank: BET $51
└─ EVENT: ActionTaken

┌─ COMMAND: PlayerAction
│  Grace: CALL $51
└─ EVENT: ActionTaken

┌─ COMMAND: PlayerAction
│  Hank: CALL $51
└─ EVENT: ActionTaken

┌─ COMMAND: PlayerAction
│  Ivan: CALL $51
└─ EVENT: ActionTaken

┌─ COMMAND: PlayerAction
│  Alice: CALL $51
└─ EVENT: ActionTaken

┌─ COMMAND: PlayerAction
│  Bob: CALL $51
└─ EVENT: ActionTaken

┌─ COMMAND: PlayerAction
│  Carol: CALL $51
└─ EVENT: ActionTaken

┌─ COMMAND: PlayerAction
│  Dave: CALL $51
└─ EVENT: ActionTaken

┌─ COMMAND: PlayerAction
│  Eve: CALL $51
└─ EVENT: ActionTaken

┌─ COMMAND: DealCommunityCards (TURN)
└─ EVENT: CommunityCardsDealt
   Board: [T♣ 3♥ J♦ 2♣]

--- TURN ---

┌─ COMMAND: PlayerAction
│  Frank: CHECK
└─ EVENT: ActionTaken

┌─ COMMAND: PlayerAction
│  Grace: BET $46
└─ EVENT: ActionTaken

┌─ COMMAND: PlayerAction
│  Hank: CALL $46
└─ EVENT: ActionTaken

┌─ COMMAND: PlayerAction
│  Ivan: CALL $46
└─ EVENT: ActionTaken

┌─ COMMAND: PlayerAction
│  Alice: CALL $46
└─ EVENT: ActionTaken

┌─ COMMAND: PlayerAction
│  Bob: CALL $46
└─ EVENT: ActionTaken

┌─ COMMAND: PlayerAction
│  Carol: CALL $46
└─ EVENT: ActionTaken

┌─ COMMAND: PlayerAction
│  Dave: CALL $46
└─ EVENT: ActionTaken

┌─ COMMAND: PlayerAction
│  Eve: CALL $46
└─ EVENT: ActionTaken

┌─ COMMAND: PlayerAction
│  Frank: CALL $46
└─ EVENT: ActionTaken

┌─ COMMAND: DealCommunityCards (RIVER)
└─ EVENT: CommunityCardsDealt
   Board: [T♣ 3♥ J♦ 2♣ 7♥]

--- RIVER ---

┌─ COMMAND: PlayerAction
│  Frank: BET $38
└─ EVENT: ActionTaken

┌─ COMMAND: PlayerAction
│  Grace: CALL $38
└─ EVENT: ActionTaken

┌─ COMMAND: PlayerAction
│  Hank: CALL $38
└─ EVENT: ActionTaken

┌─ COMMAND: PlayerAction
│  Ivan: CALL $38
└─ EVENT: ActionTaken

┌─ COMMAND: PlayerAction
│  Alice: CALL $38
└─ EVENT: ActionTaken

┌─ COMMAND: PlayerAction
│  Bob: CALL $38
└─ EVENT: ActionTaken

┌─ COMMAND: PlayerAction
│  Carol: CALL $38
└─ EVENT: ActionTaken

┌─ COMMAND: PlayerAction
│  Dave: CALL $38
└─ EVENT: ActionTaken

┌─ COMMAND: PlayerAction
│  Eve: CALL $38
└─ EVENT: ActionTaken

   Alice wins $1,719

┌─ COMMAND: AwardPot
│  Alice: $1,719
└─ EVENT: PotAwarded

   [Bob eliminated - no chips]

   [Carol eliminated - no chips]

   [Dave eliminated - no chips]

   [Frank eliminated - no chips]

   [Ivan eliminated - no chips]

============================================================
HAND #6 - Dealer: Grace
============================================================

┌─ COMMAND: DealCards
│  hand: #6, dealer: seat 6
└─ EVENT: CardsDealt
   Alice: [9♣ Q♠] ($1,719)
   Eve: [5♦ 2♣] ($3,510)
   Grace: [9♥ Q♥] ($1,899)
   Hank: [5♣ 7♣] ($1,872)

┌─ COMMAND: PostBlind (small)
│  Hank: $5
└─ EVENT: BlindPosted

┌─ COMMAND: PostBlind (big)
│  Alice: $10
└─ EVENT: BlindPosted

--- PREFLOP ---

┌─ COMMAND: PlayerAction
│  Eve: CALL $10
└─ EVENT: ActionTaken

┌─ COMMAND: PlayerAction
│  Grace: RAISE $50
└─ EVENT: ActionTaken

┌─ COMMAND: PlayerAction
│  Hank: CALL $45
└─ EVENT: ActionTaken

┌─ COMMAND: PlayerAction
│  Alice: CALL $40
└─ EVENT: ActionTaken

┌─ COMMAND: PlayerAction
│  Eve: CALL $40
└─ EVENT: ActionTaken

┌─ COMMAND: DealCommunityCards (FLOP)
└─ EVENT: CommunityCardsDealt
   Board: [J♥ 7♦ 6♥]

--- FLOP ---

┌─ COMMAND: PlayerAction
│  Hank: BET $56
└─ EVENT: ActionTaken

┌─ COMMAND: PlayerAction
│  Alice: CALL $56
└─ EVENT: ActionTaken

┌─ COMMAND: PlayerAction
│  Eve: CALL $56
└─ EVENT: ActionTaken

┌─ COMMAND: PlayerAction
│  Grace: CALL $56
└─ EVENT: ActionTaken

┌─ COMMAND: DealCommunityCards (TURN)
└─ EVENT: CommunityCardsDealt
   Board: [J♥ 7♦ 6♥ 4♣]

--- TURN ---

┌─ COMMAND: PlayerAction
│  Hank: BET $58
└─ EVENT: ActionTaken

┌─ COMMAND: PlayerAction
│  Alice: CALL $58
└─ EVENT: ActionTaken

┌─ COMMAND: PlayerAction
│  Eve: CALL $58
└─ EVENT: ActionTaken

┌─ COMMAND: PlayerAction
│  Grace: CALL $58
└─ EVENT: ActionTaken

┌─ COMMAND: DealCommunityCards (RIVER)
└─ EVENT: CommunityCardsDealt
   Board: [J♥ 7♦ 6♥ 4♣ 7♥]

--- RIVER ---

┌─ COMMAND: PlayerAction
│  Hank: BET $58
└─ EVENT: ActionTaken

┌─ COMMAND: PlayerAction
│  Alice: CALL $58
└─ EVENT: ActionTaken

┌─ COMMAND: PlayerAction
│  Eve: CALL $58
└─ EVENT: ActionTaken

┌─ COMMAND: PlayerAction
│  Grace: CALL $58
└─ EVENT: ActionTaken

   Grace wins $888

┌─ COMMAND: AwardPot
│  Grace: $888
└─ EVENT: PotAwarded

============================================================
HAND #7 - Dealer: Hank
============================================================

┌─ COMMAND: DealCards
│  hand: #7, dealer: seat 7
└─ EVENT: CardsDealt
   Alice: [T♣ A♥] ($1,497)
   Eve: [Q♣ K♥] ($3,288)
   Grace: [5♦ 6♥] ($2,565)
   Hank: [T♦ K♠] ($1,650)

┌─ COMMAND: PostBlind (small)
│  Alice: $5
└─ EVENT: BlindPosted

┌─ COMMAND: PostBlind (big)
│  Eve: $10
└─ EVENT: BlindPosted

--- PREFLOP ---

┌─ COMMAND: PlayerAction
│  Grace: RAISE $48
└─ EVENT: ActionTaken

┌─ COMMAND: PlayerAction
│  Hank: CALL $48
└─ EVENT: ActionTaken

┌─ COMMAND: PlayerAction
│  Alice: CALL $43
└─ EVENT: ActionTaken

┌─ COMMAND: PlayerAction
│  Eve: CALL $38
└─ EVENT: ActionTaken

┌─ COMMAND: DealCommunityCards (FLOP)
└─ EVENT: CommunityCardsDealt
   Board: [4♦ 5♥ 2♠]

--- FLOP ---

┌─ COMMAND: PlayerAction
│  Alice: CHECK
└─ EVENT: ActionTaken

┌─ COMMAND: PlayerAction
│  Eve: CHECK
└─ EVENT: ActionTaken

┌─ COMMAND: PlayerAction
│  Grace: CHECK
└─ EVENT: ActionTaken

┌─ COMMAND: PlayerAction
│  Hank: CHECK
└─ EVENT: ActionTaken

┌─ COMMAND: DealCommunityCards (TURN)
└─ EVENT: CommunityCardsDealt
   Board: [4♦ 5♥ 2♠ 3♦]

--- TURN ---

┌─ COMMAND: PlayerAction
│  Alice: BET $60
└─ EVENT: ActionTaken

┌─ COMMAND: PlayerAction
│  Eve: CALL $60
└─ EVENT: ActionTaken

┌─ COMMAND: PlayerAction
│  Grace: CALL $60
└─ EVENT: ActionTaken

┌─ COMMAND: PlayerAction
│  Hank: CALL $60
└─ EVENT: ActionTaken

┌─ COMMAND: DealCommunityCards (RIVER)
└─ EVENT: CommunityCardsDealt
   Board: [4♦ 5♥ 2♠ 3♦ T♥]

--- RIVER ---

┌─ COMMAND: PlayerAction
│  Alice: BET $57
└─ EVENT: ActionTaken

┌─ COMMAND: PlayerAction
│  Eve: CALL $57
└─ EVENT: ActionTaken

┌─ COMMAND: PlayerAction
│  Grace: CALL $57
└─ EVENT: ActionTaken

┌─ COMMAND: PlayerAction
│  Hank: CALL $57
└─ EVENT: ActionTaken

   Hank wins $660

┌─ COMMAND: AwardPot
│  Hank: $660
└─ EVENT: PotAwarded

============================================================
HAND #8 - Dealer: Alice
============================================================

┌─ COMMAND: DealCards
│  hand: #8, dealer: seat 0
└─ EVENT: CardsDealt
   Alice: [8♦ 6♦] ($1,332)
   Eve: [3♥ 8♠] ($3,123)
   Grace: [9♠ 9♦] ($2,400)
   Hank: [K♠ K♣] ($2,145)

┌─ COMMAND: PostBlind (small)
│  Eve: $5
└─ EVENT: BlindPosted

┌─ COMMAND: PostBlind (big)
│  Grace: $10
└─ EVENT: BlindPosted

--- PREFLOP ---

┌─ COMMAND: PlayerAction
│  Hank: CALL $10
└─ EVENT: ActionTaken

┌─ COMMAND: PlayerAction
│  Alice: RAISE $63
└─ EVENT: ActionTaken

┌─ COMMAND: PlayerAction
│  Eve: CALL $58
└─ EVENT: ActionTaken

┌─ COMMAND: PlayerAction
│  Grace: CALL $53
└─ EVENT: ActionTaken

┌─ COMMAND: PlayerAction
│  Hank: CALL $53
└─ EVENT: ActionTaken

┌─ COMMAND: DealCommunityCards (FLOP)
└─ EVENT: CommunityCardsDealt
   Board: [T♠ 3♣ J♥]

--- FLOP ---

┌─ COMMAND: PlayerAction
│  Eve: CHECK
└─ EVENT: ActionTaken

┌─ COMMAND: PlayerAction
│  Grace: CHECK
└─ EVENT: ActionTaken

┌─ COMMAND: PlayerAction
│  Hank: CHECK
└─ EVENT: ActionTaken

┌─ COMMAND: PlayerAction
│  Alice: BET $57
└─ EVENT: ActionTaken

┌─ COMMAND: PlayerAction
│  Eve: CALL $57
└─ EVENT: ActionTaken

┌─ COMMAND: PlayerAction
│  Grace: CALL $57
└─ EVENT: ActionTaken

┌─ COMMAND: PlayerAction
│  Hank: CALL $57
└─ EVENT: ActionTaken

┌─ COMMAND: DealCommunityCards (TURN)
└─ EVENT: CommunityCardsDealt
   Board: [T♠ 3♣ J♥ 9♣]

--- TURN ---

┌─ COMMAND: PlayerAction
│  Eve: CHECK
└─ EVENT: ActionTaken

┌─ COMMAND: PlayerAction
│  Grace: CHECK
└─ EVENT: ActionTaken

┌─ COMMAND: PlayerAction
│  Hank: BET $59
└─ EVENT: ActionTaken

┌─ COMMAND: PlayerAction
│  Alice: CALL $59
└─ EVENT: ActionTaken

┌─ COMMAND: PlayerAction
│  Eve: CALL $59
└─ EVENT: ActionTaken

┌─ COMMAND: PlayerAction
│  Grace: CALL $59
└─ EVENT: ActionTaken

┌─ COMMAND: DealCommunityCards (RIVER)
└─ EVENT: CommunityCardsDealt
   Board: [T♠ 3♣ J♥ 9♣ 5♠]

--- RIVER ---

┌─ COMMAND: PlayerAction
│  Eve: CHECK
└─ EVENT: ActionTaken

┌─ COMMAND: PlayerAction
│  Grace: CHECK
└─ EVENT: ActionTaken

┌─ COMMAND: PlayerAction
│  Hank: CHECK
└─ EVENT: ActionTaken

┌─ COMMAND: PlayerAction
│  Alice: BET $56
└─ EVENT: ActionTaken

┌─ COMMAND: PlayerAction
│  Eve: CALL $56
└─ EVENT: ActionTaken

┌─ COMMAND: PlayerAction
│  Grace: CALL $56
└─ EVENT: ActionTaken

┌─ COMMAND: PlayerAction
│  Hank: CALL $56
└─ EVENT: ActionTaken

   Alice wins $940

┌─ COMMAND: AwardPot
│  Alice: $940
└─ EVENT: PotAwarded

============================================================
HAND #9 - Dealer: Eve
============================================================

┌─ COMMAND: DealCards
│  hand: #9, dealer: seat 4
└─ EVENT: CardsDealt
   Alice: [7♠ Q♠] ($2,037)
   Eve: [4♠ 4♦] ($2,888)
   Grace: [8♠ T♣] ($2,165)
   Hank: [7♥ 6♣] ($1,910)

┌─ COMMAND: PostBlind (small)
│  Grace: $5
└─ EVENT: BlindPosted

┌─ COMMAND: PostBlind (big)
│  Hank: $10
└─ EVENT: BlindPosted

--- PREFLOP ---

┌─ COMMAND: PlayerAction
│  Alice: RAISE $59
└─ EVENT: ActionTaken

┌─ COMMAND: PlayerAction
│  Eve: CALL $59
└─ EVENT: ActionTaken

┌─ COMMAND: PlayerAction
│  Grace: CALL $54
└─ EVENT: ActionTaken

┌─ COMMAND: PlayerAction
│  Hank: CALL $49
└─ EVENT: ActionTaken

┌─ COMMAND: DealCommunityCards (FLOP)
└─ EVENT: CommunityCardsDealt
   Board: [4♣ 9♦ K♥]

--- FLOP ---

┌─ COMMAND: PlayerAction
│  Grace: BET $48
└─ EVENT: ActionTaken

┌─ COMMAND: PlayerAction
│  Hank: CALL $48
└─ EVENT: ActionTaken

┌─ COMMAND: PlayerAction
│  Alice: CALL $48
└─ EVENT: ActionTaken

┌─ COMMAND: PlayerAction
│  Eve: CALL $48
└─ EVENT: ActionTaken

┌─ COMMAND: DealCommunityCards (TURN)
└─ EVENT: CommunityCardsDealt
   Board: [4♣ 9♦ K♥ 7♣]

--- TURN ---

┌─ COMMAND: PlayerAction
│  Grace: BET $43
└─ EVENT: ActionTaken

┌─ COMMAND: PlayerAction
│  Hank: CALL $43
└─ EVENT: ActionTaken

┌─ COMMAND: PlayerAction
│  Alice: CALL $43
└─ EVENT: ActionTaken

┌─ COMMAND: PlayerAction
│  Eve: CALL $43
└─ EVENT: ActionTaken

┌─ COMMAND: DealCommunityCards (RIVER)
└─ EVENT: CommunityCardsDealt
   Board: [4♣ 9♦ K♥ 7♣ 6♥]

--- RIVER ---

┌─ COMMAND: PlayerAction
│  Grace: BET $47
└─ EVENT: ActionTaken

┌─ COMMAND: PlayerAction
│  Hank: CALL $47
└─ EVENT: ActionTaken

┌─ COMMAND: PlayerAction
│  Alice: CALL $47
└─ EVENT: ActionTaken

┌─ COMMAND: PlayerAction
│  Eve: CALL $47
└─ EVENT: ActionTaken

   Hank wins $788

┌─ COMMAND: AwardPot
│  Hank: $788
└─ EVENT: PotAwarded

============================================================
HAND #10 - Dealer: Grace
============================================================

┌─ COMMAND: DealCards
│  hand: #10, dealer: seat 6
└─ EVENT: CardsDealt
   Alice: [5♠ 4♣] ($1,840)
   Eve: [9♥ T♥] ($2,691)
   Grace: [J♣ 7♥] ($1,968)
   Hank: [2♠ Q♥] ($2,501)

┌─ COMMAND: PostBlind (small)
│  Hank: $5
└─ EVENT: BlindPosted

┌─ COMMAND: PostBlind (big)
│  Alice: $10
└─ EVENT: BlindPosted

--- PREFLOP ---

┌─ COMMAND: PlayerAction
│  Eve: CALL $10
└─ EVENT: ActionTaken

┌─ COMMAND: PlayerAction
│  Grace: CALL $10
└─ EVENT: ActionTaken

┌─ COMMAND: PlayerAction
│  Hank: RAISE $52
└─ EVENT: ActionTaken

┌─ COMMAND: PlayerAction
│  Alice: CALL $42
└─ EVENT: ActionTaken

┌─ COMMAND: PlayerAction
│  Eve: CALL $42
└─ EVENT: ActionTaken

┌─ COMMAND: PlayerAction
│  Grace: CALL $42
└─ EVENT: ActionTaken

┌─ COMMAND: DealCommunityCards (FLOP)
└─ EVENT: CommunityCardsDealt
   Board: [K♠ 2♦ A♣]

--- FLOP ---

┌─ COMMAND: PlayerAction
│  Hank: CHECK
└─ EVENT: ActionTaken

┌─ COMMAND: PlayerAction
│  Alice: BET $58
└─ EVENT: ActionTaken

┌─ COMMAND: PlayerAction
│  Eve: CALL $58
└─ EVENT: ActionTaken

┌─ COMMAND: PlayerAction
│  Grace: CALL $58
└─ EVENT: ActionTaken

┌─ COMMAND: PlayerAction
│  Hank: CALL $58
└─ EVENT: ActionTaken

┌─ COMMAND: DealCommunityCards (TURN)
└─ EVENT: CommunityCardsDealt
   Board: [K♠ 2♦ A♣ J♠]

--- TURN ---

┌─ COMMAND: PlayerAction
│  Hank: BET $56
└─ EVENT: ActionTaken

┌─ COMMAND: PlayerAction
│  Alice: CALL $56
└─ EVENT: ActionTaken

┌─ COMMAND: PlayerAction
│  Eve: CALL $56
└─ EVENT: ActionTaken

┌─ COMMAND: PlayerAction
│  Grace: CALL $56
└─ EVENT: ActionTaken

┌─ COMMAND: DealCommunityCards (RIVER)
└─ EVENT: CommunityCardsDealt
   Board: [K♠ 2♦ A♣ J♠ Q♠]

--- RIVER ---

┌─ COMMAND: PlayerAction
│  Hank: BET $63
└─ EVENT: ActionTaken

┌─ COMMAND: PlayerAction
│  Alice: CALL $63
└─ EVENT: ActionTaken

┌─ COMMAND: PlayerAction
│  Eve: CALL $63
└─ EVENT: ActionTaken

┌─ COMMAND: PlayerAction
│  Grace: CALL $63
└─ EVENT: ActionTaken

   Eve wins $916

┌─ COMMAND: AwardPot
│  Eve: $916
└─ EVENT: PotAwarded

============================================================
HAND #11 - Dealer: Hank
============================================================

┌─ COMMAND: DealCards
│  hand: #11, dealer: seat 7
└─ EVENT: CardsDealt
   Alice: [4♣ 2♦] ($1,611)
   Eve: [Q♣ Q♠] ($3,378)
   Grace: [J♣ 7♠] ($1,739)
   Hank: [T♦ 2♣] ($2,272)

┌─ COMMAND: PostBlind (small)
│  Alice: $5
└─ EVENT: BlindPosted

┌─ COMMAND: PostBlind (big)
│  Eve: $10
└─ EVENT: BlindPosted

--- PREFLOP ---

┌─ COMMAND: PlayerAction
│  Grace: CALL $10
└─ EVENT: ActionTaken

┌─ COMMAND: PlayerAction
│  Hank: CALL $10
└─ EVENT: ActionTaken

┌─ COMMAND: PlayerAction
│  Alice: RAISE $57
└─ EVENT: ActionTaken

┌─ COMMAND: PlayerAction
│  Eve: CALL $47
└─ EVENT: ActionTaken

┌─ COMMAND: PlayerAction
│  Grace: CALL $47
└─ EVENT: ActionTaken

┌─ COMMAND: PlayerAction
│  Hank: CALL $47
└─ EVENT: ActionTaken

┌─ COMMAND: DealCommunityCards (FLOP)
└─ EVENT: CommunityCardsDealt
   Board: [3♠ K♦ 5♥]

--- FLOP ---

┌─ COMMAND: PlayerAction
│  Alice: BET $56
└─ EVENT: ActionTaken

┌─ COMMAND: PlayerAction
│  Eve: CALL $56
└─ EVENT: ActionTaken

┌─ COMMAND: PlayerAction
│  Grace: CALL $56
└─ EVENT: ActionTaken

┌─ COMMAND: PlayerAction
│  Hank: CALL $56
└─ EVENT: ActionTaken

┌─ COMMAND: DealCommunityCards (TURN)
└─ EVENT: CommunityCardsDealt
   Board: [3♠ K♦ 5♥ 8♠]

--- TURN ---

┌─ COMMAND: PlayerAction
│  Alice: BET $64
└─ EVENT: ActionTaken

┌─ COMMAND: PlayerAction
│  Eve: CALL $64
└─ EVENT: ActionTaken

┌─ COMMAND: PlayerAction
│  Grace: CALL $64
└─ EVENT: ActionTaken

┌─ COMMAND: PlayerAction
│  Hank: CALL $64
└─ EVENT: ActionTaken

┌─ COMMAND: DealCommunityCards (RIVER)
└─ EVENT: CommunityCardsDealt
   Board: [3♠ K♦ 5♥ 8♠ 3♥]

--- RIVER ---

┌─ COMMAND: PlayerAction
│  Alice: BET $59
└─ EVENT: ActionTaken

┌─ COMMAND: PlayerAction
│  Eve: CALL $59
└─ EVENT: ActionTaken

┌─ COMMAND: PlayerAction
│  Grace: CALL $59
└─ EVENT: ActionTaken

┌─ COMMAND: PlayerAction
│  Hank: CALL $59
└─ EVENT: ActionTaken

   Grace wins $944

┌─ COMMAND: AwardPot
│  Grace: $944
└─ EVENT: PotAwarded

============================================================
HAND #12 - Dealer: Alice
============================================================

┌─ COMMAND: DealCards
│  hand: #12, dealer: seat 0
└─ EVENT: CardsDealt
   Alice: [4♥ K♠] ($1,375)
   Eve: [9♠ 8♠] ($3,142)
   Grace: [A♣ 7♠] ($2,447)
   Hank: [3♣ J♥] ($2,036)

┌─ COMMAND: PostBlind (small)
│  Eve: $5
└─ EVENT: BlindPosted

┌─ COMMAND: PostBlind (big)
│  Grace: $10
└─ EVENT: BlindPosted

--- PREFLOP ---

┌─ COMMAND: PlayerAction
│  Hank: RAISE $59
└─ EVENT: ActionTaken

┌─ COMMAND: PlayerAction
│  Alice: CALL $59
└─ EVENT: ActionTaken

┌─ COMMAND: PlayerAction
│  Eve: CALL $54
└─ EVENT: ActionTaken

┌─ COMMAND: PlayerAction
│  Grace: CALL $49
└─ EVENT: ActionTaken

┌─ COMMAND: DealCommunityCards (FLOP)
└─ EVENT: CommunityCardsDealt
   Board: [Q♥ T♥ 5♦]

--- FLOP ---

┌─ COMMAND: PlayerAction
│  Eve: CHECK
└─ EVENT: ActionTaken

┌─ COMMAND: PlayerAction
│  Grace: CHECK
└─ EVENT: ActionTaken

┌─ COMMAND: PlayerAction
│  Hank: CHECK
└─ EVENT: ActionTaken

┌─ COMMAND: PlayerAction
│  Alice: BET $62
└─ EVENT: ActionTaken

┌─ COMMAND: PlayerAction
│  Eve: CALL $62
└─ EVENT: ActionTaken

┌─ COMMAND: PlayerAction
│  Grace: CALL $62
└─ EVENT: ActionTaken

┌─ COMMAND: PlayerAction
│  Hank: CALL $62
└─ EVENT: ActionTaken

┌─ COMMAND: DealCommunityCards (TURN)
└─ EVENT: CommunityCardsDealt
   Board: [Q♥ T♥ 5♦ A♠]

--- TURN ---

┌─ COMMAND: PlayerAction
│  Eve: CHECK
└─ EVENT: ActionTaken

┌─ COMMAND: PlayerAction
│  Grace: BET $48
└─ EVENT: ActionTaken

┌─ COMMAND: PlayerAction
│  Hank: CALL $48
└─ EVENT: ActionTaken

┌─ COMMAND: PlayerAction
│  Alice: CALL $48
└─ EVENT: ActionTaken

┌─ COMMAND: PlayerAction
│  Eve: CALL $48
└─ EVENT: ActionTaken

┌─ COMMAND: DealCommunityCards (RIVER)
└─ EVENT: CommunityCardsDealt
   Board: [Q♥ T♥ 5♦ A♠ 5♥]

--- RIVER ---

┌─ COMMAND: PlayerAction
│  Eve: CHECK
└─ EVENT: ActionTaken

┌─ COMMAND: PlayerAction
│  Grace: CHECK
└─ EVENT: ActionTaken

┌─ COMMAND: PlayerAction
│  Hank: BET $55
└─ EVENT: ActionTaken

┌─ COMMAND: PlayerAction
│  Alice: CALL $55
└─ EVENT: ActionTaken

┌─ COMMAND: PlayerAction
│  Eve: CALL $55
└─ EVENT: ActionTaken

┌─ COMMAND: PlayerAction
│  Grace: CALL $55
└─ EVENT: ActionTaken

   Eve wins $896

┌─ COMMAND: AwardPot
│  Eve: $896
└─ EVENT: PotAwarded

============================================================
HAND #13 - Dealer: Eve
============================================================

┌─ COMMAND: DealCards
│  hand: #13, dealer: seat 4
└─ EVENT: CardsDealt
   Alice: [5♠ 4♠] ($1,151)
   Eve: [T♠ A♣] ($3,814)
   Grace: [6♦ Q♠] ($2,223)
   Hank: [7♣ 9♠] ($1,812)

┌─ COMMAND: PostBlind (small)
│  Grace: $5
└─ EVENT: BlindPosted

┌─ COMMAND: PostBlind (big)
│  Hank: $10
└─ EVENT: BlindPosted

--- PREFLOP ---

┌─ COMMAND: PlayerAction
│  Alice: RAISE $58
└─ EVENT: ActionTaken

┌─ COMMAND: PlayerAction
│  Eve: CALL $58
└─ EVENT: ActionTaken

┌─ COMMAND: PlayerAction
│  Grace: CALL $53
└─ EVENT: ActionTaken

┌─ COMMAND: PlayerAction
│  Hank: CALL $48
└─ EVENT: ActionTaken

┌─ COMMAND: DealCommunityCards (FLOP)
└─ EVENT: CommunityCardsDealt
   Board: [K♥ Q♥ 4♥]

--- FLOP ---

┌─ COMMAND: PlayerAction
│  Grace: CHECK
└─ EVENT: ActionTaken

┌─ COMMAND: PlayerAction
│  Hank: BET $61
└─ EVENT: ActionTaken

┌─ COMMAND: PlayerAction
│  Alice: CALL $61
└─ EVENT: ActionTaken

┌─ COMMAND: PlayerAction
│  Eve: CALL $61
└─ EVENT: ActionTaken

┌─ COMMAND: PlayerAction
│  Grace: CALL $61
└─ EVENT: ActionTaken

┌─ COMMAND: DealCommunityCards (TURN)
└─ EVENT: CommunityCardsDealt
   Board: [K♥ Q♥ 4♥ 8♦]

--- TURN ---

┌─ COMMAND: PlayerAction
│  Grace: CHECK
└─ EVENT: ActionTaken

┌─ COMMAND: PlayerAction
│  Hank: CHECK
└─ EVENT: ActionTaken

┌─ COMMAND: PlayerAction
│  Alice: BET $58
└─ EVENT: ActionTaken

┌─ COMMAND: PlayerAction
│  Eve: CALL $58
└─ EVENT: ActionTaken

┌─ COMMAND: PlayerAction
│  Grace: CALL $58
└─ EVENT: ActionTaken

┌─ COMMAND: PlayerAction
│  Hank: CALL $58
└─ EVENT: ActionTaken

┌─ COMMAND: DealCommunityCards (RIVER)
└─ EVENT: CommunityCardsDealt
   Board: [K♥ Q♥ 4♥ 8♦ 8♣]

--- RIVER ---

┌─ COMMAND: PlayerAction
│  Grace: CHECK
└─ EVENT: ActionTaken

┌─ COMMAND: PlayerAction
│  Hank: BET $60
└─ EVENT: ActionTaken

┌─ COMMAND: PlayerAction
│  Alice: CALL $60
└─ EVENT: ActionTaken

┌─ COMMAND: PlayerAction
│  Eve: CALL $60
└─ EVENT: ActionTaken

┌─ COMMAND: PlayerAction
│  Grace: CALL $60
└─ EVENT: ActionTaken

   Eve wins $948

┌─ COMMAND: AwardPot
│  Eve: $948
└─ EVENT: PotAwarded

============================================================
HAND #14 - Dealer: Grace
============================================================

┌─ COMMAND: DealCards
│  hand: #14, dealer: seat 6
└─ EVENT: CardsDealt
   Alice: [3♦ 5♣] ($914)
   Eve: [Q♥ K♥] ($4,525)
   Grace: [K♦ 3♣] ($1,986)
   Hank: [K♠ 6♣] ($1,575)

┌─ COMMAND: PostBlind (small)
│  Hank: $5
└─ EVENT: BlindPosted

┌─ COMMAND: PostBlind (big)
│  Alice: $10
└─ EVENT: BlindPosted

--- PREFLOP ---

┌─ COMMAND: PlayerAction
│  Eve: CALL $10
└─ EVENT: ActionTaken

┌─ COMMAND: PlayerAction
│  Grace: RAISE $46
└─ EVENT: ActionTaken

┌─ COMMAND: PlayerAction
│  Hank: CALL $41
└─ EVENT: ActionTaken

┌─ COMMAND: PlayerAction
│  Alice: CALL $36
└─ EVENT: ActionTaken

┌─ COMMAND: PlayerAction
│  Eve: CALL $36
└─ EVENT: ActionTaken

┌─ COMMAND: DealCommunityCards (FLOP)
└─ EVENT: CommunityCardsDealt
   Board: [4♥ 7♠ 5♥]

--- FLOP ---

┌─ COMMAND: PlayerAction
│  Hank: CHECK
└─ EVENT: ActionTaken

┌─ COMMAND: PlayerAction
│  Alice: BET $59
└─ EVENT: ActionTaken

┌─ COMMAND: PlayerAction
│  Eve: CALL $59
└─ EVENT: ActionTaken

┌─ COMMAND: PlayerAction
│  Grace: CALL $59
└─ EVENT: ActionTaken

┌─ COMMAND: PlayerAction
│  Hank: CALL $59
└─ EVENT: ActionTaken

┌─ COMMAND: DealCommunityCards (TURN)
└─ EVENT: CommunityCardsDealt
   Board: [4♥ 7♠ 5♥ 9♣]

--- TURN ---

┌─ COMMAND: PlayerAction
│  Hank: CHECK
└─ EVENT: ActionTaken

┌─ COMMAND: PlayerAction
│  Alice: BET $65
└─ EVENT: ActionTaken

┌─ COMMAND: PlayerAction
│  Eve: CALL $65
└─ EVENT: ActionTaken

┌─ COMMAND: PlayerAction
│  Grace: CALL $65
└─ EVENT: ActionTaken

┌─ COMMAND: PlayerAction
│  Hank: CALL $65
└─ EVENT: ActionTaken

┌─ COMMAND: DealCommunityCards (RIVER)
└─ EVENT: CommunityCardsDealt
   Board: [4♥ 7♠ 5♥ 9♣ T♥]

--- RIVER ---

┌─ COMMAND: PlayerAction
│  Hank: CHECK
└─ EVENT: ActionTaken

┌─ COMMAND: PlayerAction
│  Alice: CHECK
└─ EVENT: ActionTaken

┌─ COMMAND: PlayerAction
│  Eve: BET $53
└─ EVENT: ActionTaken

┌─ COMMAND: PlayerAction
│  Grace: CALL $53
└─ EVENT: ActionTaken

┌─ COMMAND: PlayerAction
│  Hank: CALL $53
└─ EVENT: ActionTaken

┌─ COMMAND: PlayerAction
│  Alice: CALL $53
└─ EVENT: ActionTaken

   Alice wins $892

┌─ COMMAND: AwardPot
│  Alice: $892
└─ EVENT: PotAwarded

============================================================
HAND #15 - Dealer: Hank
============================================================

┌─ COMMAND: DealCards
│  hand: #15, dealer: seat 7
└─ EVENT: CardsDealt
   Alice: [A♦ J♦] ($1,583)
   Eve: [Q♦ 8♦] ($4,302)
   Grace: [3♦ T♠] ($1,763)
   Hank: [Q♠ 6♦] ($1,352)

┌─ COMMAND: PostBlind (small)
│  Alice: $5
└─ EVENT: BlindPosted

┌─ COMMAND: PostBlind (big)
│  Eve: $10
└─ EVENT: BlindPosted

--- PREFLOP ---

┌─ COMMAND: PlayerAction
│  Grace: CALL $10
└─ EVENT: ActionTaken

┌─ COMMAND: PlayerAction
│  Hank: RAISE $64
└─ EVENT: ActionTaken

┌─ COMMAND: PlayerAction
│  Alice: CALL $59
└─ EVENT: ActionTaken

┌─ COMMAND: PlayerAction
│  Eve: CALL $54
└─ EVENT: ActionTaken

┌─ COMMAND: PlayerAction
│  Grace: CALL $54
└─ EVENT: ActionTaken

┌─ COMMAND: DealCommunityCards (FLOP)
└─ EVENT: CommunityCardsDealt
   Board: [4♥ Q♥ 6♣]

--- FLOP ---

┌─ COMMAND: PlayerAction
│  Alice: BET $59
└─ EVENT: ActionTaken

┌─ COMMAND: PlayerAction
│  Eve: CALL $59
└─ EVENT: ActionTaken

┌─ COMMAND: PlayerAction
│  Grace: CALL $59
└─ EVENT: ActionTaken

┌─ COMMAND: PlayerAction
│  Hank: CALL $59
└─ EVENT: ActionTaken

┌─ COMMAND: DealCommunityCards (TURN)
└─ EVENT: CommunityCardsDealt
   Board: [4♥ Q♥ 6♣ 7♦]

--- TURN ---

┌─ COMMAND: PlayerAction
│  Alice: BET $58
└─ EVENT: ActionTaken

┌─ COMMAND: PlayerAction
│  Eve: CALL $58
└─ EVENT: ActionTaken

┌─ COMMAND: PlayerAction
│  Grace: CALL $58
└─ EVENT: ActionTaken

┌─ COMMAND: PlayerAction
│  Hank: CALL $58
└─ EVENT: ActionTaken

┌─ COMMAND: DealCommunityCards (RIVER)
└─ EVENT: CommunityCardsDealt
   Board: [4♥ Q♥ 6♣ 7♦ 2♠]

--- RIVER ---

┌─ COMMAND: PlayerAction
│  Alice: BET $58
└─ EVENT: ActionTaken

┌─ COMMAND: PlayerAction
│  Eve: CALL $58
└─ EVENT: ActionTaken

┌─ COMMAND: PlayerAction
│  Grace: CALL $58
└─ EVENT: ActionTaken

┌─ COMMAND: PlayerAction
│  Hank: CALL $58
└─ EVENT: ActionTaken

   Alice wins $956

┌─ COMMAND: AwardPot
│  Alice: $956
└─ EVENT: PotAwarded

============================================================
HAND #16 - Dealer: Alice
============================================================

┌─ COMMAND: DealCards
│  hand: #16, dealer: seat 0
└─ EVENT: CardsDealt
   Alice: [Q♣ 7♦] ($2,300)
   Eve: [7♠ 5♣] ($4,063)
   Grace: [9♥ 5♦] ($1,524)
   Hank: [K♣ J♠] ($1,113)

┌─ COMMAND: PostBlind (small)
│  Eve: $5
└─ EVENT: BlindPosted

┌─ COMMAND: PostBlind (big)
│  Grace: $10
└─ EVENT: BlindPosted

--- PREFLOP ---

┌─ COMMAND: PlayerAction
│  Hank: RAISE $58
└─ EVENT: ActionTaken

┌─ COMMAND: PlayerAction
│  Alice: CALL $58
└─ EVENT: ActionTaken

┌─ COMMAND: PlayerAction
│  Eve: CALL $53
└─ EVENT: ActionTaken

┌─ COMMAND: PlayerAction
│  Grace: CALL $48
└─ EVENT: ActionTaken

┌─ COMMAND: DealCommunityCards (FLOP)
└─ EVENT: CommunityCardsDealt
   Board: [Q♥ A♦ 6♥]

--- FLOP ---

┌─ COMMAND: PlayerAction
│  Eve: CHECK
└─ EVENT: ActionTaken

┌─ COMMAND: PlayerAction
│  Grace: CHECK
└─ EVENT: ActionTaken

┌─ COMMAND: PlayerAction
│  Hank: CHECK
└─ EVENT: ActionTaken

┌─ COMMAND: PlayerAction
│  Alice: BET $64
└─ EVENT: ActionTaken

┌─ COMMAND: PlayerAction
│  Eve: CALL $64
└─ EVENT: ActionTaken

┌─ COMMAND: PlayerAction
│  Grace: CALL $64
└─ EVENT: ActionTaken

┌─ COMMAND: PlayerAction
│  Hank: CALL $64
└─ EVENT: ActionTaken

┌─ COMMAND: DealCommunityCards (TURN)
└─ EVENT: CommunityCardsDealt
   Board: [Q♥ A♦ 6♥ 3♥]

--- TURN ---

┌─ COMMAND: PlayerAction
│  Eve: CHECK
└─ EVENT: ActionTaken

┌─ COMMAND: PlayerAction
│  Grace: BET $48
└─ EVENT: ActionTaken

┌─ COMMAND: PlayerAction
│  Hank: CALL $48
└─ EVENT: ActionTaken

┌─ COMMAND: PlayerAction
│  Alice: CALL $48
└─ EVENT: ActionTaken

┌─ COMMAND: PlayerAction
│  Eve: CALL $48
└─ EVENT: ActionTaken

┌─ COMMAND: DealCommunityCards (RIVER)
└─ EVENT: CommunityCardsDealt
   Board: [Q♥ A♦ 6♥ 3♥ 8♣]

--- RIVER ---

┌─ COMMAND: PlayerAction
│  Eve: CHECK
└─ EVENT: ActionTaken

┌─ COMMAND: PlayerAction
│  Grace: BET $45
└─ EVENT: ActionTaken

┌─ COMMAND: PlayerAction
│  Hank: CALL $45
└─ EVENT: ActionTaken

┌─ COMMAND: PlayerAction
│  Alice: CALL $45
└─ EVENT: ActionTaken

┌─ COMMAND: PlayerAction
│  Eve: CALL $45
└─ EVENT: ActionTaken

   Alice wins $860

┌─ COMMAND: AwardPot
│  Alice: $860
└─ EVENT: PotAwarded

============================================================
HAND #17 - Dealer: Eve
============================================================

┌─ COMMAND: DealCards
│  hand: #17, dealer: seat 4
└─ EVENT: CardsDealt
   Alice: [5♥ 7♥] ($2,945)
   Eve: [J♠ 9♣] ($3,848)
   Grace: [K♦ A♦] ($1,309)
   Hank: [Q♦ 8♠] ($898)

┌─ COMMAND: PostBlind (small)
│  Grace: $5
└─ EVENT: BlindPosted

┌─ COMMAND: PostBlind (big)
│  Hank: $10
└─ EVENT: BlindPosted

--- PREFLOP ---

┌─ COMMAND: PlayerAction
│  Alice: RAISE $57
└─ EVENT: ActionTaken

┌─ COMMAND: PlayerAction
│  Eve: CALL $57
└─ EVENT: ActionTaken

┌─ COMMAND: PlayerAction
│  Grace: CALL $52
└─ EVENT: ActionTaken

┌─ COMMAND: PlayerAction
│  Hank: CALL $47
└─ EVENT: ActionTaken

┌─ COMMAND: DealCommunityCards (FLOP)
└─ EVENT: CommunityCardsDealt
   Board: [J♥ K♠ 6♣]

--- FLOP ---

┌─ COMMAND: PlayerAction
│  Grace: CHECK
└─ EVENT: ActionTaken

┌─ COMMAND: PlayerAction
│  Hank: BET $57
└─ EVENT: ActionTaken

┌─ COMMAND: PlayerAction
│  Alice: CALL $57
└─ EVENT: ActionTaken

┌─ COMMAND: PlayerAction
│  Eve: CALL $57
└─ EVENT: ActionTaken

┌─ COMMAND: PlayerAction
│  Grace: CALL $57
└─ EVENT: ActionTaken

┌─ COMMAND: DealCommunityCards (TURN)
└─ EVENT: CommunityCardsDealt
   Board: [J♥ K♠ 6♣ K♥]

--- TURN ---

┌─ COMMAND: PlayerAction
│  Grace: BET $51
└─ EVENT: ActionTaken

┌─ COMMAND: PlayerAction
│  Hank: CALL $51
└─ EVENT: ActionTaken

┌─ COMMAND: PlayerAction
│  Alice: CALL $51
└─ EVENT: ActionTaken

┌─ COMMAND: PlayerAction
│  Eve: CALL $51
└─ EVENT: ActionTaken

┌─ COMMAND: DealCommunityCards (RIVER)
└─ EVENT: CommunityCardsDealt
   Board: [J♥ K♠ 6♣ K♥ 3♣]

--- RIVER ---

┌─ COMMAND: PlayerAction
│  Grace: BET $43
└─ EVENT: ActionTaken

┌─ COMMAND: PlayerAction
│  Hank: CALL $43
└─ EVENT: ActionTaken

┌─ COMMAND: PlayerAction
│  Alice: CALL $43
└─ EVENT: ActionTaken

┌─ COMMAND: PlayerAction
│  Eve: CALL $43
└─ EVENT: ActionTaken

   Alice wins $832

┌─ COMMAND: AwardPot
│  Alice: $832
└─ EVENT: PotAwarded

============================================================
HAND #18 - Dealer: Grace
============================================================

┌─ COMMAND: DealCards
│  hand: #18, dealer: seat 6
└─ EVENT: CardsDealt
   Alice: [T♦ K♥] ($3,569)
   Eve: [J♣ 2♦] ($3,640)
   Grace: [K♣ K♦] ($1,101)
   Hank: [4♣ 9♣] ($690)

┌─ COMMAND: PostBlind (small)
│  Hank: $5
└─ EVENT: BlindPosted

┌─ COMMAND: PostBlind (big)
│  Alice: $10
└─ EVENT: BlindPosted

--- PREFLOP ---

┌─ COMMAND: PlayerAction
│  Eve: CALL $10
└─ EVENT: ActionTaken

┌─ COMMAND: PlayerAction
│  Grace: RAISE $50
└─ EVENT: ActionTaken

┌─ COMMAND: PlayerAction
│  Hank: CALL $45
└─ EVENT: ActionTaken

┌─ COMMAND: PlayerAction
│  Alice: CALL $40
└─ EVENT: ActionTaken

┌─ COMMAND: PlayerAction
│  Eve: CALL $40
└─ EVENT: ActionTaken

┌─ COMMAND: DealCommunityCards (FLOP)
└─ EVENT: CommunityCardsDealt
   Board: [9♦ 8♣ J♦]

--- FLOP ---

┌─ COMMAND: PlayerAction
│  Hank: BET $59
└─ EVENT: ActionTaken

┌─ COMMAND: PlayerAction
│  Alice: CALL $59
└─ EVENT: ActionTaken

┌─ COMMAND: PlayerAction
│  Eve: CALL $59
└─ EVENT: ActionTaken

┌─ COMMAND: PlayerAction
│  Grace: CALL $59
└─ EVENT: ActionTaken

┌─ COMMAND: DealCommunityCards (TURN)
└─ EVENT: CommunityCardsDealt
   Board: [9♦ 8♣ J♦ J♠]

--- TURN ---

┌─ COMMAND: PlayerAction
│  Hank: CHECK
└─ EVENT: ActionTaken

┌─ COMMAND: PlayerAction
│  Alice: BET $63
└─ EVENT: ActionTaken

┌─ COMMAND: PlayerAction
│  Eve: CALL $63
└─ EVENT: ActionTaken

┌─ COMMAND: PlayerAction
│  Grace: CALL $63
└─ EVENT: ActionTaken

┌─ COMMAND: PlayerAction
│  Hank: CALL $63
└─ EVENT: ActionTaken

┌─ COMMAND: DealCommunityCards (RIVER)
└─ EVENT: CommunityCardsDealt
   Board: [9♦ 8♣ J♦ J♠ 9♠]

--- RIVER ---

┌─ COMMAND: PlayerAction
│  Hank: CHECK
└─ EVENT: ActionTaken

┌─ COMMAND: PlayerAction
│  Alice: BET $61
└─ EVENT: ActionTaken

┌─ COMMAND: PlayerAction
│  Eve: CALL $61
└─ EVENT: ActionTaken

┌─ COMMAND: PlayerAction
│  Grace: CALL $61
└─ EVENT: ActionTaken

┌─ COMMAND: PlayerAction
│  Hank: CALL $61
└─ EVENT: ActionTaken

   Hank wins $932

┌─ COMMAND: AwardPot
│  Hank: $932
└─ EVENT: PotAwarded

============================================================
HAND #19 - Dealer: Hank
============================================================

┌─ COMMAND: DealCards
│  hand: #19, dealer: seat 7
└─ EVENT: CardsDealt
   Alice: [K♥ K♠] ($3,336)
   Eve: [T♥ A♥] ($3,407)
   Grace: [5♣ 7♦] ($868)
   Hank: [3♣ 7♣] ($1,389)

┌─ COMMAND: PostBlind (small)
│  Alice: $5
└─ EVENT: BlindPosted

┌─ COMMAND: PostBlind (big)
│  Eve: $10
└─ EVENT: BlindPosted

--- PREFLOP ---

┌─ COMMAND: PlayerAction
│  Grace: CALL $10
└─ EVENT: ActionTaken

┌─ COMMAND: PlayerAction
│  Hank: CALL $10
└─ EVENT: ActionTaken

┌─ COMMAND: PlayerAction
│  Alice: CALL $5
└─ EVENT: ActionTaken

┌─ COMMAND: PlayerAction
│  Eve: CHECK
└─ EVENT: ActionTaken

┌─ COMMAND: DealCommunityCards (FLOP)
└─ EVENT: CommunityCardsDealt
   Board: [9♠ A♦ 5♦]

--- FLOP ---

┌─ COMMAND: PlayerAction
│  Alice: BET $61
└─ EVENT: ActionTaken

┌─ COMMAND: PlayerAction
│  Eve: CALL $61
└─ EVENT: ActionTaken

┌─ COMMAND: PlayerAction
│  Grace: CALL $61
└─ EVENT: ActionTaken

┌─ COMMAND: PlayerAction
│  Hank: CALL $61
└─ EVENT: ActionTaken

┌─ COMMAND: DealCommunityCards (TURN)
└─ EVENT: CommunityCardsDealt
   Board: [9♠ A♦ 5♦ 2♦]

--- TURN ---

┌─ COMMAND: PlayerAction
│  Alice: BET $61
└─ EVENT: ActionTaken

┌─ COMMAND: PlayerAction
│  Eve: CALL $61
└─ EVENT: ActionTaken

┌─ COMMAND: PlayerAction
│  Grace: CALL $61
└─ EVENT: ActionTaken

┌─ COMMAND: PlayerAction
│  Hank: CALL $61
└─ EVENT: ActionTaken

┌─ COMMAND: DealCommunityCards (RIVER)
└─ EVENT: CommunityCardsDealt
   Board: [9♠ A♦ 5♦ 2♦ 7♠]

--- RIVER ---

┌─ COMMAND: PlayerAction
│  Alice: BET $62
└─ EVENT: ActionTaken

┌─ COMMAND: PlayerAction
│  Eve: CALL $62
└─ EVENT: ActionTaken

┌─ COMMAND: PlayerAction
│  Grace: CALL $62
└─ EVENT: ActionTaken

┌─ COMMAND: PlayerAction
│  Hank: CALL $62
└─ EVENT: ActionTaken

   Hank wins $776

┌─ COMMAND: AwardPot
│  Hank: $776
└─ EVENT: PotAwarded

============================================================
HAND #20 - Dealer: Alice
============================================================

┌─ COMMAND: DealCards
│  hand: #20, dealer: seat 0
└─ EVENT: CardsDealt
   Alice: [4♠ 8♦] ($3,142)
   Eve: [A♥ J♦] ($3,213)
   Grace: [T♣ 3♠] ($674)
   Hank: [4♦ 7♠] ($1,971)

┌─ COMMAND: PostBlind (small)
│  Eve: $5
└─ EVENT: BlindPosted

┌─ COMMAND: PostBlind (big)
│  Grace: $10
└─ EVENT: BlindPosted

--- PREFLOP ---

┌─ COMMAND: PlayerAction
│  Hank: CALL $10
└─ EVENT: ActionTaken

┌─ COMMAND: PlayerAction
│  Alice: RAISE $60
└─ EVENT: ActionTaken

┌─ COMMAND: PlayerAction
│  Eve: CALL $55
└─ EVENT: ActionTaken

┌─ COMMAND: PlayerAction
│  Grace: CALL $50
└─ EVENT: ActionTaken

┌─ COMMAND: PlayerAction
│  Hank: CALL $50
└─ EVENT: ActionTaken

┌─ COMMAND: DealCommunityCards (FLOP)
└─ EVENT: CommunityCardsDealt
   Board: [Q♠ 2♥ 7♦]

--- FLOP ---

┌─ COMMAND: PlayerAction
│  Eve: CHECK
└─ EVENT: ActionTaken

┌─ COMMAND: PlayerAction
│  Grace: CHECK
└─ EVENT: ActionTaken

┌─ COMMAND: PlayerAction
│  Hank: BET $57
└─ EVENT: ActionTaken

┌─ COMMAND: PlayerAction
│  Alice: CALL $57
└─ EVENT: ActionTaken

┌─ COMMAND: PlayerAction
│  Eve: CALL $57
└─ EVENT: ActionTaken

┌─ COMMAND: PlayerAction
│  Grace: CALL $57
└─ EVENT: ActionTaken

┌─ COMMAND: DealCommunityCards (TURN)
└─ EVENT: CommunityCardsDealt
   Board: [Q♠ 2♥ 7♦ Q♥]

--- TURN ---

┌─ COMMAND: PlayerAction
│  Eve: CHECK
└─ EVENT: ActionTaken

┌─ COMMAND: PlayerAction
│  Grace: CHECK
└─ EVENT: ActionTaken

┌─ COMMAND: PlayerAction
│  Hank: BET $57
└─ EVENT: ActionTaken

┌─ COMMAND: PlayerAction
│  Alice: CALL $57
└─ EVENT: ActionTaken

┌─ COMMAND: PlayerAction
│  Eve: CALL $57
└─ EVENT: ActionTaken

┌─ COMMAND: PlayerAction
│  Grace: CALL $57
└─ EVENT: ActionTaken

┌─ COMMAND: DealCommunityCards (RIVER)
└─ EVENT: CommunityCardsDealt
   Board: [Q♠ 2♥ 7♦ Q♥ 6♣]

--- RIVER ---

┌─ COMMAND: PlayerAction
│  Eve: CHECK
└─ EVENT: ActionTaken

┌─ COMMAND: PlayerAction
│  Grace: BET $43
└─ EVENT: ActionTaken

┌─ COMMAND: PlayerAction
│  Hank: CALL $43
└─ EVENT: ActionTaken

┌─ COMMAND: PlayerAction
│  Alice: CALL $43
└─ EVENT: ActionTaken

┌─ COMMAND: PlayerAction
│  Eve: CALL $43
└─ EVENT: ActionTaken

   Alice wins $868

┌─ COMMAND: AwardPot
│  Alice: $868
└─ EVENT: PotAwarded

============================================================
HAND #21 - Dealer: Eve
============================================================

┌─ COMMAND: DealCards
│  hand: #21, dealer: seat 4
└─ EVENT: CardsDealt
   Alice: [Q♦ 7♦] ($3,793)
   Eve: [T♦ T♣] ($2,996)
   Grace: [Q♣ 6♠] ($457)
   Hank: [Q♠ 2♥] ($1,754)

┌─ COMMAND: PostBlind (small)
│  Grace: $5
└─ EVENT: BlindPosted

┌─ COMMAND: PostBlind (big)
│  Hank: $10
└─ EVENT: BlindPosted

--- PREFLOP ---

┌─ COMMAND: PlayerAction
│  Alice: RAISE $60
└─ EVENT: ActionTaken

┌─ COMMAND: PlayerAction
│  Eve: CALL $60
└─ EVENT: ActionTaken

┌─ COMMAND: PlayerAction
│  Grace: CALL $55
└─ EVENT: ActionTaken

┌─ COMMAND: PlayerAction
│  Hank: CALL $50
└─ EVENT: ActionTaken

┌─ COMMAND: DealCommunityCards (FLOP)
└─ EVENT: CommunityCardsDealt
   Board: [A♦ 9♣ 4♠]

--- FLOP ---

┌─ COMMAND: PlayerAction
│  Grace: BET $49
└─ EVENT: ActionTaken

┌─ COMMAND: PlayerAction
│  Hank: CALL $49
└─ EVENT: ActionTaken

┌─ COMMAND: PlayerAction
│  Alice: CALL $49
└─ EVENT: ActionTaken

┌─ COMMAND: PlayerAction
│  Eve: CALL $49
└─ EVENT: ActionTaken

┌─ COMMAND: DealCommunityCards (TURN)
└─ EVENT: CommunityCardsDealt
   Board: [A♦ 9♣ 4♠ 9♠]

--- TURN ---

┌─ COMMAND: PlayerAction
│  Grace: CHECK
└─ EVENT: ActionTaken

┌─ COMMAND: PlayerAction
│  Hank: CHECK
└─ EVENT: ActionTaken

┌─ COMMAND: PlayerAction
│  Alice: BET $62
└─ EVENT: ActionTaken

┌─ COMMAND: PlayerAction
│  Eve: CALL $62
└─ EVENT: ActionTaken

┌─ COMMAND: PlayerAction
│  Grace: CALL $62
└─ EVENT: ActionTaken

┌─ COMMAND: PlayerAction
│  Hank: CALL $62
└─ EVENT: ActionTaken

┌─ COMMAND: DealCommunityCards (RIVER)
└─ EVENT: CommunityCardsDealt
   Board: [A♦ 9♣ 4♠ 9♠ 2♠]

--- RIVER ---

┌─ COMMAND: PlayerAction
│  Grace: BET $49
└─ EVENT: ActionTaken

┌─ COMMAND: PlayerAction
│  Hank: CALL $49
└─ EVENT: ActionTaken

┌─ COMMAND: PlayerAction
│  Alice: CALL $49
└─ EVENT: ActionTaken

┌─ COMMAND: PlayerAction
│  Eve: CALL $49
└─ EVENT: ActionTaken

   Grace wins $880

┌─ COMMAND: AwardPot
│  Grace: $880
└─ EVENT: PotAwarded

============================================================
HAND #22 - Dealer: Grace
============================================================

┌─ COMMAND: DealCards
│  hand: #22, dealer: seat 6
└─ EVENT: CardsDealt
   Alice: [K♣ 7♥] ($3,573)
   Eve: [T♣ A♦] ($2,776)
   Grace: [Q♥ 9♠] ($1,117)
   Hank: [5♥ 3♣] ($1,534)

┌─ COMMAND: PostBlind (small)
│  Hank: $5
└─ EVENT: BlindPosted

┌─ COMMAND: PostBlind (big)
│  Alice: $10
└─ EVENT: BlindPosted

--- PREFLOP ---

┌─ COMMAND: PlayerAction
│  Eve: CALL $10
└─ EVENT: ActionTaken

┌─ COMMAND: PlayerAction
│  Grace: CALL $10
└─ EVENT: ActionTaken

┌─ COMMAND: PlayerAction
│  Hank: RAISE $59
└─ EVENT: ActionTaken

┌─ COMMAND: PlayerAction
│  Alice: CALL $49
└─ EVENT: ActionTaken

┌─ COMMAND: PlayerAction
│  Eve: CALL $49
└─ EVENT: ActionTaken

┌─ COMMAND: PlayerAction
│  Grace: CALL $49
└─ EVENT: ActionTaken

┌─ COMMAND: DealCommunityCards (FLOP)
└─ EVENT: CommunityCardsDealt
   Board: [K♦ 2♦ 2♠]

--- FLOP ---

┌─ COMMAND: PlayerAction
│  Hank: CHECK
└─ EVENT: ActionTaken

┌─ COMMAND: PlayerAction
│  Alice: BET $60
└─ EVENT: ActionTaken

┌─ COMMAND: PlayerAction
│  Eve: CALL $60
└─ EVENT: ActionTaken

┌─ COMMAND: PlayerAction
│  Grace: CALL $60
└─ EVENT: ActionTaken

┌─ COMMAND: PlayerAction
│  Hank: CALL $60
└─ EVENT: ActionTaken

┌─ COMMAND: DealCommunityCards (TURN)
└─ EVENT: CommunityCardsDealt
   Board: [K♦ 2♦ 2♠ 7♣]

--- TURN ---

┌─ COMMAND: PlayerAction
│  Hank: CHECK
└─ EVENT: ActionTaken

┌─ COMMAND: PlayerAction
│  Alice: BET $60
└─ EVENT: ActionTaken

┌─ COMMAND: PlayerAction
│  Eve: CALL $60
└─ EVENT: ActionTaken

┌─ COMMAND: PlayerAction
│  Grace: CALL $60
└─ EVENT: ActionTaken

┌─ COMMAND: PlayerAction
│  Hank: CALL $60
└─ EVENT: ActionTaken

┌─ COMMAND: DealCommunityCards (RIVER)
└─ EVENT: CommunityCardsDealt
   Board: [K♦ 2♦ 2♠ 7♣ 9♦]

--- RIVER ---

┌─ COMMAND: PlayerAction
│  Hank: CHECK
└─ EVENT: ActionTaken

┌─ COMMAND: PlayerAction
│  Alice: BET $60
└─ EVENT: ActionTaken

┌─ COMMAND: PlayerAction
│  Eve: CALL $60
└─ EVENT: ActionTaken

┌─ COMMAND: PlayerAction
│  Grace: CALL $60
└─ EVENT: ActionTaken

┌─ COMMAND: PlayerAction
│  Hank: CALL $60
└─ EVENT: ActionTaken

   Alice wins $956

┌─ COMMAND: AwardPot
│  Alice: $956
└─ EVENT: PotAwarded

============================================================
HAND #23 - Dealer: Hank
============================================================

┌─ COMMAND: DealCards
│  hand: #23, dealer: seat 7
└─ EVENT: CardsDealt
   Alice: [9♦ 9♥] ($4,290)
   Eve: [8♦ 3♠] ($2,537)
   Grace: [4♠ J♥] ($878)
   Hank: [A♠ 2♥] ($1,295)

┌─ COMMAND: PostBlind (small)
│  Alice: $5
└─ EVENT: BlindPosted

┌─ COMMAND: PostBlind (big)
│  Eve: $10
└─ EVENT: BlindPosted

--- PREFLOP ---

┌─ COMMAND: PlayerAction
│  Grace: CALL $10
└─ EVENT: ActionTaken

┌─ COMMAND: PlayerAction
│  Hank: RAISE $61
└─ EVENT: ActionTaken

┌─ COMMAND: PlayerAction
│  Alice: CALL $56
└─ EVENT: ActionTaken

┌─ COMMAND: PlayerAction
│  Eve: CALL $51
└─ EVENT: ActionTaken

┌─ COMMAND: PlayerAction
│  Grace: CALL $51
└─ EVENT: ActionTaken

┌─ COMMAND: DealCommunityCards (FLOP)
└─ EVENT: CommunityCardsDealt
   Board: [6♣ K♠ K♣]

--- FLOP ---

┌─ COMMAND: PlayerAction
│  Alice: BET $62
└─ EVENT: ActionTaken

┌─ COMMAND: PlayerAction
│  Eve: CALL $62
└─ EVENT: ActionTaken

┌─ COMMAND: PlayerAction
│  Grace: CALL $62
└─ EVENT: ActionTaken

┌─ COMMAND: PlayerAction
│  Hank: CALL $62
└─ EVENT: ActionTaken

┌─ COMMAND: DealCommunityCards (TURN)
└─ EVENT: CommunityCardsDealt
   Board: [6♣ K♠ K♣ 3♥]

--- TURN ---

┌─ COMMAND: PlayerAction
│  Alice: BET $58
└─ EVENT: ActionTaken

┌─ COMMAND: PlayerAction
│  Eve: CALL $58
└─ EVENT: ActionTaken

┌─ COMMAND: PlayerAction
│  Grace: CALL $58
└─ EVENT: ActionTaken

┌─ COMMAND: PlayerAction
│  Hank: CALL $58
└─ EVENT: ActionTaken

┌─ COMMAND: DealCommunityCards (RIVER)
└─ EVENT: CommunityCardsDealt
   Board: [6♣ K♠ K♣ 3♥ J♠]

--- RIVER ---

┌─ COMMAND: PlayerAction
│  Alice: BET $60
└─ EVENT: ActionTaken

┌─ COMMAND: PlayerAction
│  Eve: CALL $60
└─ EVENT: ActionTaken

┌─ COMMAND: PlayerAction
│  Grace: CALL $60
└─ EVENT: ActionTaken

┌─ COMMAND: PlayerAction
│  Hank: CALL $60
└─ EVENT: ActionTaken

   Hank wins $964

┌─ COMMAND: AwardPot
│  Hank: $964
└─ EVENT: PotAwarded

============================================================
HAND #24 - Dealer: Alice
============================================================

┌─ COMMAND: DealCards
│  hand: #24, dealer: seat 0
└─ EVENT: CardsDealt
   Alice: [J♥ 2♥] ($4,049)
   Eve: [8♦ K♥] ($2,296)
   Grace: [5♦ T♥] ($637)
   Hank: [6♦ A♦] ($2,018)

┌─ COMMAND: PostBlind (small)
│  Eve: $5
└─ EVENT: BlindPosted

┌─ COMMAND: PostBlind (big)
│  Grace: $10
└─ EVENT: BlindPosted

--- PREFLOP ---

┌─ COMMAND: PlayerAction
│  Hank: RAISE $61
└─ EVENT: ActionTaken

┌─ COMMAND: PlayerAction
│  Alice: CALL $61
└─ EVENT: ActionTaken

┌─ COMMAND: PlayerAction
│  Eve: CALL $56
└─ EVENT: ActionTaken

┌─ COMMAND: PlayerAction
│  Grace: CALL $51
└─ EVENT: ActionTaken

┌─ COMMAND: DealCommunityCards (FLOP)
└─ EVENT: CommunityCardsDealt
   Board: [8♣ 6♣ K♠]

--- FLOP ---

┌─ COMMAND: PlayerAction
│  Eve: CHECK
└─ EVENT: ActionTaken

┌─ COMMAND: PlayerAction
│  Grace: CHECK
└─ EVENT: ActionTaken

┌─ COMMAND: PlayerAction
│  Hank: BET $64
└─ EVENT: ActionTaken

┌─ COMMAND: PlayerAction
│  Alice: CALL $64
└─ EVENT: ActionTaken

┌─ COMMAND: PlayerAction
│  Eve: CALL $64
└─ EVENT: ActionTaken

┌─ COMMAND: PlayerAction
│  Grace: CALL $64
└─ EVENT: ActionTaken

┌─ COMMAND: DealCommunityCards (TURN)
└─ EVENT: CommunityCardsDealt
   Board: [8♣ 6♣ K♠ 4♣]

--- TURN ---

┌─ COMMAND: PlayerAction
│  Eve: CHECK
└─ EVENT: ActionTaken

┌─ COMMAND: PlayerAction
│  Grace: CHECK
└─ EVENT: ActionTaken

┌─ COMMAND: PlayerAction
│  Hank: BET $58
└─ EVENT: ActionTaken

┌─ COMMAND: PlayerAction
│  Alice: CALL $58
└─ EVENT: ActionTaken

┌─ COMMAND: PlayerAction
│  Eve: CALL $58
└─ EVENT: ActionTaken

┌─ COMMAND: PlayerAction
│  Grace: CALL $58
└─ EVENT: ActionTaken

┌─ COMMAND: DealCommunityCards (RIVER)
└─ EVENT: CommunityCardsDealt
   Board: [8♣ 6♣ K♠ 4♣ 3♣]

--- RIVER ---

┌─ COMMAND: PlayerAction
│  Eve: CHECK
└─ EVENT: ActionTaken

┌─ COMMAND: PlayerAction
│  Grace: CHECK
└─ EVENT: ActionTaken

┌─ COMMAND: PlayerAction
│  Hank: BET $61
└─ EVENT: ActionTaken

┌─ COMMAND: PlayerAction
│  Alice: CALL $61
└─ EVENT: ActionTaken

┌─ COMMAND: PlayerAction
│  Eve: CALL $61
└─ EVENT: ActionTaken

┌─ COMMAND: PlayerAction
│  Grace: CALL $61
└─ EVENT: ActionTaken

   Eve wins $976

┌─ COMMAND: AwardPot
│  Eve: $976
└─ EVENT: PotAwarded

============================================================
HAND #25 - Dealer: Eve
============================================================

┌─ COMMAND: DealCards
│  hand: #25, dealer: seat 4
└─ EVENT: CardsDealt
   Alice: [4♥ T♦] ($3,805)
   Eve: [Q♠ 8♣] ($3,028)
   Grace: [Q♦ Q♣] ($393)
   Hank: [9♦ Q♥] ($1,774)

┌─ COMMAND: PostBlind (small)
│  Grace: $5
└─ EVENT: BlindPosted

┌─ COMMAND: PostBlind (big)
│  Hank: $10
└─ EVENT: BlindPosted

--- PREFLOP ---

┌─ COMMAND: PlayerAction
│  Alice: RAISE $61
└─ EVENT: ActionTaken

┌─ COMMAND: PlayerAction
│  Eve: CALL $61
└─ EVENT: ActionTaken

┌─ COMMAND: PlayerAction
│  Grace: CALL $56
└─ EVENT: ActionTaken

┌─ COMMAND: PlayerAction
│  Hank: CALL $51
└─ EVENT: ActionTaken

┌─ COMMAND: DealCommunityCards (FLOP)
└─ EVENT: CommunityCardsDealt
   Board: [2♠ 6♠ 5♠]

--- FLOP ---

┌─ COMMAND: PlayerAction
│  Grace: CHECK
└─ EVENT: ActionTaken

┌─ COMMAND: PlayerAction
│  Hank: BET $59
└─ EVENT: ActionTaken

┌─ COMMAND: PlayerAction
│  Alice: CALL $59
└─ EVENT: ActionTaken

┌─ COMMAND: PlayerAction
│  Eve: CALL $59
└─ EVENT: ActionTaken

┌─ COMMAND: PlayerAction
│  Grace: CALL $59
└─ EVENT: ActionTaken

┌─ COMMAND: DealCommunityCards (TURN)
└─ EVENT: CommunityCardsDealt
   Board: [2♠ 6♠ 5♠ A♦]

--- TURN ---

┌─ COMMAND: PlayerAction
│  Grace: CHECK
└─ EVENT: ActionTaken

┌─ COMMAND: PlayerAction
│  Hank: BET $60
└─ EVENT: ActionTaken

┌─ COMMAND: PlayerAction
│  Alice: CALL $60
└─ EVENT: ActionTaken

┌─ COMMAND: PlayerAction
│  Eve: CALL $60
└─ EVENT: ActionTaken

┌─ COMMAND: PlayerAction
│  Grace: CALL $60
└─ EVENT: ActionTaken

┌─ COMMAND: DealCommunityCards (RIVER)
└─ EVENT: CommunityCardsDealt
   Board: [2♠ 6♠ 5♠ A♦ K♠]

--- RIVER ---

┌─ COMMAND: PlayerAction
│  Grace: BET $51
└─ EVENT: ActionTaken

┌─ COMMAND: PlayerAction
│  Hank: CALL $51
└─ EVENT: ActionTaken

┌─ COMMAND: PlayerAction
│  Alice: CALL $51
└─ EVENT: ActionTaken

┌─ COMMAND: PlayerAction
│  Eve: CALL $51
└─ EVENT: ActionTaken

   Grace wins $924

┌─ COMMAND: AwardPot
│  Grace: $924
└─ EVENT: PotAwarded

============================================================
HAND #26 - Dealer: Grace
============================================================

┌─ COMMAND: DealCards
│  hand: #26, dealer: seat 6
└─ EVENT: CardsDealt
   Alice: [7♠ 9♦] ($3,574)
   Eve: [A♣ T♥] ($2,797)
   Grace: [5♣ K♣] ($1,086)
   Hank: [T♣ 7♣] ($1,543)

┌─ COMMAND: PostBlind (small)
│  Hank: $5
└─ EVENT: BlindPosted

┌─ COMMAND: PostBlind (big)
│  Alice: $10
└─ EVENT: BlindPosted

--- PREFLOP ---

┌─ COMMAND: PlayerAction
│  Eve: CALL $10
└─ EVENT: ActionTaken

┌─ COMMAND: PlayerAction
│  Grace: CALL $10
└─ EVENT: ActionTaken

┌─ COMMAND: PlayerAction
│  Hank: RAISE $60
└─ EVENT: ActionTaken

┌─ COMMAND: PlayerAction
│  Alice: CALL $50
└─ EVENT: ActionTaken

┌─ COMMAND: PlayerAction
│  Eve: CALL $50
└─ EVENT: ActionTaken

┌─ COMMAND: PlayerAction
│  Grace: CALL $50
└─ EVENT: ActionTaken

┌─ COMMAND: DealCommunityCards (FLOP)
└─ EVENT: CommunityCardsDealt
   Board: [9♠ 2♦ 2♥]

--- FLOP ---

┌─ COMMAND: PlayerAction
│  Hank: CHECK
└─ EVENT: ActionTaken

┌─ COMMAND: PlayerAction
│  Alice: BET $59
└─ EVENT: ActionTaken

┌─ COMMAND: PlayerAction
│  Eve: CALL $59
└─ EVENT: ActionTaken

┌─ COMMAND: PlayerAction
│  Grace: CALL $59
└─ EVENT: ActionTaken

┌─ COMMAND: PlayerAction
│  Hank: CALL $59
└─ EVENT: ActionTaken

┌─ COMMAND: DealCommunityCards (TURN)
└─ EVENT: CommunityCardsDealt
   Board: [9♠ 2♦ 2♥ A♦]

--- TURN ---

┌─ COMMAND: PlayerAction
│  Hank: CHECK
└─ EVENT: ActionTaken

┌─ COMMAND: PlayerAction
│  Alice: BET $61
└─ EVENT: ActionTaken

┌─ COMMAND: PlayerAction
│  Eve: CALL $61
└─ EVENT: ActionTaken

┌─ COMMAND: PlayerAction
│  Grace: CALL $61
└─ EVENT: ActionTaken

┌─ COMMAND: PlayerAction
│  Hank: CALL $61
└─ EVENT: ActionTaken

┌─ COMMAND: DealCommunityCards (RIVER)
└─ EVENT: CommunityCardsDealt
   Board: [9♠ 2♦ 2♥ A♦ 3♥]

--- RIVER ---

┌─ COMMAND: PlayerAction
│  Hank: CHECK
└─ EVENT: ActionTaken

┌─ COMMAND: PlayerAction
│  Alice: CHECK
└─ EVENT: ActionTaken

┌─ COMMAND: PlayerAction
│  Eve: CHECK
└─ EVENT: ActionTaken

┌─ COMMAND: PlayerAction
│  Grace: BET $46
└─ EVENT: ActionTaken

┌─ COMMAND: PlayerAction
│  Hank: CALL $46
└─ EVENT: ActionTaken

┌─ COMMAND: PlayerAction
│  Alice: CALL $46
└─ EVENT: ActionTaken

┌─ COMMAND: PlayerAction
│  Eve: CALL $46
└─ EVENT: ActionTaken

   Hank wins $904

┌─ COMMAND: AwardPot
│  Hank: $904
└─ EVENT: PotAwarded

============================================================
HAND #27 - Dealer: Hank
============================================================

┌─ COMMAND: DealCards
│  hand: #27, dealer: seat 7
└─ EVENT: CardsDealt
   Alice: [8♠ 7♣] ($3,348)
   Eve: [7♥ 9♦] ($2,571)
   Grace: [5♠ A♦] ($860)
   Hank: [2♠ 5♦] ($2,221)

┌─ COMMAND: PostBlind (small)
│  Alice: $5
└─ EVENT: BlindPosted

┌─ COMMAND: PostBlind (big)
│  Eve: $10
└─ EVENT: BlindPosted

--- PREFLOP ---

┌─ COMMAND: PlayerAction
│  Grace: CALL $10
└─ EVENT: ActionTaken

┌─ COMMAND: PlayerAction
│  Hank: RAISE $59
└─ EVENT: ActionTaken

┌─ COMMAND: PlayerAction
│  Alice: CALL $54
└─ EVENT: ActionTaken

┌─ COMMAND: PlayerAction
│  Eve: CALL $49
└─ EVENT: ActionTaken

┌─ COMMAND: PlayerAction
│  Grace: CALL $49
└─ EVENT: ActionTaken

┌─ COMMAND: DealCommunityCards (FLOP)
└─ EVENT: CommunityCardsDealt
   Board: [8♦ 9♠ K♦]

--- FLOP ---

┌─ COMMAND: PlayerAction
│  Alice: BET $61
└─ EVENT: ActionTaken

┌─ COMMAND: PlayerAction
│  Eve: CALL $61
└─ EVENT: ActionTaken

┌─ COMMAND: PlayerAction
│  Grace: CALL $61
└─ EVENT: ActionTaken

┌─ COMMAND: PlayerAction
│  Hank: CALL $61
└─ EVENT: ActionTaken

┌─ COMMAND: DealCommunityCards (TURN)
└─ EVENT: CommunityCardsDealt
   Board: [8♦ 9♠ K♦ 4♥]

--- TURN ---

┌─ COMMAND: PlayerAction
│  Alice: BET $57
└─ EVENT: ActionTaken

┌─ COMMAND: PlayerAction
│  Eve: CALL $57
└─ EVENT: ActionTaken

┌─ COMMAND: PlayerAction
│  Grace: CALL $57
└─ EVENT: ActionTaken

┌─ COMMAND: PlayerAction
│  Hank: CALL $57
└─ EVENT: ActionTaken

┌─ COMMAND: DealCommunityCards (RIVER)
└─ EVENT: CommunityCardsDealt
   Board: [8♦ 9♠ K♦ 4♥ 6♦]

--- RIVER ---

┌─ COMMAND: PlayerAction
│  Alice: BET $61
└─ EVENT: ActionTaken

┌─ COMMAND: PlayerAction
│  Eve: CALL $61
└─ EVENT: ActionTaken

┌─ COMMAND: PlayerAction
│  Grace: CALL $61
└─ EVENT: ActionTaken

┌─ COMMAND: PlayerAction
│  Hank: CALL $61
└─ EVENT: ActionTaken

   Grace wins $952

┌─ COMMAND: AwardPot
│  Grace: $952
└─ EVENT: PotAwarded

============================================================
HAND #28 - Dealer: Alice
============================================================

┌─ COMMAND: DealCards
│  hand: #28, dealer: seat 0
└─ EVENT: CardsDealt
   Alice: [6♦ 9♠] ($3,110)
   Eve: [T♠ 3♣] ($2,333)
   Grace: [6♣ 4♥] ($1,574)
   Hank: [A♠ Q♦] ($1,983)

┌─ COMMAND: PostBlind (small)
│  Eve: $5
└─ EVENT: BlindPosted

┌─ COMMAND: PostBlind (big)
│  Grace: $10
└─ EVENT: BlindPosted

--- PREFLOP ---

┌─ COMMAND: PlayerAction
│  Hank: RAISE $59
└─ EVENT: ActionTaken

┌─ COMMAND: PlayerAction
│  Alice: CALL $59
└─ EVENT: ActionTaken

┌─ COMMAND: PlayerAction
│  Eve: CALL $54
└─ EVENT: ActionTaken

┌─ COMMAND: PlayerAction
│  Grace: CALL $49
└─ EVENT: ActionTaken

┌─ COMMAND: DealCommunityCards (FLOP)
└─ EVENT: CommunityCardsDealt
   Board: [K♠ 4♦ 2♣]

--- FLOP ---

┌─ COMMAND: PlayerAction
│  Eve: CHECK
└─ EVENT: ActionTaken

┌─ COMMAND: PlayerAction
│  Grace: CHECK
└─ EVENT: ActionTaken

┌─ COMMAND: PlayerAction
│  Hank: BET $59
└─ EVENT: ActionTaken

┌─ COMMAND: PlayerAction
│  Alice: CALL $59
└─ EVENT: ActionTaken

┌─ COMMAND: PlayerAction
│  Eve: CALL $59
└─ EVENT: ActionTaken

┌─ COMMAND: PlayerAction
│  Grace: CALL $59
└─ EVENT: ActionTaken

┌─ COMMAND: DealCommunityCards (TURN)
└─ EVENT: CommunityCardsDealt
   Board: [K♠ 4♦ 2♣ 2♦]

--- TURN ---

┌─ COMMAND: PlayerAction
│  Eve: CHECK
└─ EVENT: ActionTaken

┌─ COMMAND: PlayerAction
│  Grace: CHECK
└─ EVENT: ActionTaken

┌─ COMMAND: PlayerAction
│  Hank: BET $60
└─ EVENT: ActionTaken

┌─ COMMAND: PlayerAction
│  Alice: CALL $60
└─ EVENT: ActionTaken

┌─ COMMAND: PlayerAction
│  Eve: CALL $60
└─ EVENT: ActionTaken

┌─ COMMAND: PlayerAction
│  Grace: CALL $60
└─ EVENT: ActionTaken

┌─ COMMAND: DealCommunityCards (RIVER)
└─ EVENT: CommunityCardsDealt
   Board: [K♠ 4♦ 2♣ 2♦ 9♦]

--- RIVER ---

┌─ COMMAND: PlayerAction
│  Eve: CHECK
└─ EVENT: ActionTaken

┌─ COMMAND: PlayerAction
│  Grace: BET $49
└─ EVENT: ActionTaken

┌─ COMMAND: PlayerAction
│  Hank: CALL $49
└─ EVENT: ActionTaken

┌─ COMMAND: PlayerAction
│  Alice: CALL $49
└─ EVENT: ActionTaken

┌─ COMMAND: PlayerAction
│  Eve: CALL $49
└─ EVENT: ActionTaken

   Alice wins $908

┌─ COMMAND: AwardPot
│  Alice: $908
└─ EVENT: PotAwarded

============================================================
HAND #29 - Dealer: Eve
============================================================

┌─ COMMAND: DealCards
│  hand: #29, dealer: seat 4
└─ EVENT: CardsDealt
   Alice: [2♦ 3♥] ($3,791)
   Eve: [8♠ 7♥] ($2,106)
   Grace: [2♠ K♦] ($1,347)
   Hank: [9♥ 6♠] ($1,756)

┌─ COMMAND: PostBlind (small)
│  Grace: $5
└─ EVENT: BlindPosted

┌─ COMMAND: PostBlind (big)
│  Hank: $10
└─ EVENT: BlindPosted

--- PREFLOP ---

┌─ COMMAND: PlayerAction
│  Alice: RAISE $61
└─ EVENT: ActionTaken

┌─ COMMAND: PlayerAction
│  Eve: CALL $61
└─ EVENT: ActionTaken

┌─ COMMAND: PlayerAction
│  Grace: CALL $56
└─ EVENT: ActionTaken

┌─ COMMAND: PlayerAction
│  Hank: CALL $51
└─ EVENT: ActionTaken

┌─ COMMAND: DealCommunityCards (FLOP)
└─ EVENT: CommunityCardsDealt
   Board: [3♦ J♣ A♣]

--- FLOP ---

┌─ COMMAND: PlayerAction
│  Grace: BET $50
└─ EVENT: ActionTaken

┌─ COMMAND: PlayerAction
│  Hank: CALL $50
└─ EVENT: ActionTaken

┌─ COMMAND: PlayerAction
│  Alice: CALL $50
└─ EVENT: ActionTaken

┌─ COMMAND: PlayerAction
│  Eve: CALL $50
└─ EVENT: ActionTaken

┌─ COMMAND: DealCommunityCards (TURN)
└─ EVENT: CommunityCardsDealt
   Board: [3♦ J♣ A♣ 6♥]

--- TURN ---

┌─ COMMAND: PlayerAction
│  Grace: BET $49
└─ EVENT: ActionTaken

┌─ COMMAND: PlayerAction
│  Hank: CALL $49
└─ EVENT: ActionTaken

┌─ COMMAND: PlayerAction
│  Alice: CALL $49
└─ EVENT: ActionTaken

┌─ COMMAND: PlayerAction
│  Eve: CALL $49
└─ EVENT: ActionTaken

┌─ COMMAND: DealCommunityCards (RIVER)
└─ EVENT: CommunityCardsDealt
   Board: [3♦ J♣ A♣ 6♥ 4♦]

--- RIVER ---

┌─ COMMAND: PlayerAction
│  Grace: CHECK
└─ EVENT: ActionTaken

┌─ COMMAND: PlayerAction
│  Hank: CHECK
└─ EVENT: ActionTaken

┌─ COMMAND: PlayerAction
│  Alice: CHECK
└─ EVENT: ActionTaken

┌─ COMMAND: PlayerAction
│  Eve: CHECK
└─ EVENT: ActionTaken

   Hank wins $640

┌─ COMMAND: AwardPot
│  Hank: $640
└─ EVENT: PotAwarded

============================================================
HAND #30 - Dealer: Grace
============================================================

┌─ COMMAND: DealCards
│  hand: #30, dealer: seat 6
└─ EVENT: CardsDealt
   Alice: [6♣ 8♠] ($3,631)
   Eve: [2♣ 8♥] ($1,946)
   Grace: [4♠ 9♥] ($1,187)
   Hank: [6♦ K♣] ($2,236)

┌─ COMMAND: PostBlind (small)
│  Hank: $5
└─ EVENT: BlindPosted

┌─ COMMAND: PostBlind (big)
│  Alice: $10
└─ EVENT: BlindPosted

--- PREFLOP ---

┌─ COMMAND: PlayerAction
│  Eve: CALL $10
└─ EVENT: ActionTaken

┌─ COMMAND: PlayerAction
│  Grace: CALL $10
└─ EVENT: ActionTaken

┌─ COMMAND: PlayerAction
│  Hank: RAISE $59
└─ EVENT: ActionTaken

┌─ COMMAND: PlayerAction
│  Alice: CALL $49
└─ EVENT: ActionTaken

┌─ COMMAND: PlayerAction
│  Eve: CALL $49
└─ EVENT: ActionTaken

┌─ COMMAND: PlayerAction
│  Grace: CALL $49
└─ EVENT: ActionTaken

┌─ COMMAND: DealCommunityCards (FLOP)
└─ EVENT: CommunityCardsDealt
   Board: [2♥ A♣ 5♣]

--- FLOP ---

┌─ COMMAND: PlayerAction
│  Hank: CHECK
└─ EVENT: ActionTaken

┌─ COMMAND: PlayerAction
│  Alice: CHECK
└─ EVENT: ActionTaken

┌─ COMMAND: PlayerAction
│  Eve: CHECK
└─ EVENT: ActionTaken

┌─ COMMAND: PlayerAction
│  Grace: CHECK
└─ EVENT: ActionTaken

┌─ COMMAND: DealCommunityCards (TURN)
└─ EVENT: CommunityCardsDealt
   Board: [2♥ A♣ 5♣ J♣]

--- TURN ---

┌─ COMMAND: PlayerAction
│  Hank: CHECK
└─ EVENT: ActionTaken

┌─ COMMAND: PlayerAction
│  Alice: BET $63
└─ EVENT: ActionTaken

┌─ COMMAND: PlayerAction
│  Eve: CALL $63
└─ EVENT: ActionTaken

┌─ COMMAND: PlayerAction
│  Grace: CALL $63
└─ EVENT: ActionTaken

┌─ COMMAND: PlayerAction
│  Hank: CALL $63
└─ EVENT: ActionTaken

┌─ COMMAND: DealCommunityCards (RIVER)
└─ EVENT: CommunityCardsDealt
   Board: [2♥ A♣ 5♣ J♣ Q♦]

--- RIVER ---

┌─ COMMAND: PlayerAction
│  Hank: BET $60
└─ EVENT: ActionTaken

┌─ COMMAND: PlayerAction
│  Alice: CALL $60
└─ EVENT: ActionTaken

┌─ COMMAND: PlayerAction
│  Eve: CALL $60
└─ EVENT: ActionTaken

┌─ COMMAND: PlayerAction
│  Grace: CALL $60
└─ EVENT: ActionTaken

   Grace wins $728

┌─ COMMAND: AwardPot
│  Grace: $728
└─ EVENT: PotAwarded

============================================================
HAND #31 - Dealer: Hank
============================================================

┌─ COMMAND: DealCards
│  hand: #31, dealer: seat 7
└─ EVENT: CardsDealt
   Alice: [4♦ Q♦] ($3,449)
   Eve: [5♣ 2♦] ($1,764)
   Grace: [K♣ 6♣] ($1,733)
   Hank: [5♦ T♠] ($2,054)

┌─ COMMAND: PostBlind (small)
│  Alice: $5
└─ EVENT: BlindPosted

┌─ COMMAND: PostBlind (big)
│  Eve: $10
└─ EVENT: BlindPosted

--- PREFLOP ---

┌─ COMMAND: PlayerAction
│  Grace: RAISE $49
└─ EVENT: ActionTaken

┌─ COMMAND: PlayerAction
│  Hank: CALL $49
└─ EVENT: ActionTaken

┌─ COMMAND: PlayerAction
│  Alice: CALL $44
└─ EVENT: ActionTaken

┌─ COMMAND: PlayerAction
│  Eve: CALL $39
└─ EVENT: ActionTaken

┌─ COMMAND: DealCommunityCards (FLOP)
└─ EVENT: CommunityCardsDealt
   Board: [4♠ 7♥ 7♠]

--- FLOP ---

┌─ COMMAND: PlayerAction
│  Alice: BET $63
└─ EVENT: ActionTaken

┌─ COMMAND: PlayerAction
│  Eve: CALL $63
└─ EVENT: ActionTaken

┌─ COMMAND: PlayerAction
│  Grace: CALL $63
└─ EVENT: ActionTaken

┌─ COMMAND: PlayerAction
│  Hank: CALL $63
└─ EVENT: ActionTaken

┌─ COMMAND: DealCommunityCards (TURN)
└─ EVENT: CommunityCardsDealt
   Board: [4♠ 7♥ 7♠ 8♣]

--- TURN ---

┌─ COMMAND: PlayerAction
│  Alice: BET $61
└─ EVENT: ActionTaken

┌─ COMMAND: PlayerAction
│  Eve: CALL $61
└─ EVENT: ActionTaken

┌─ COMMAND: PlayerAction
│  Grace: CALL $61
└─ EVENT: ActionTaken

┌─ COMMAND: PlayerAction
│  Hank: CALL $61
└─ EVENT: ActionTaken

┌─ COMMAND: DealCommunityCards (RIVER)
└─ EVENT: CommunityCardsDealt
   Board: [4♠ 7♥ 7♠ 8♣ T♦]

--- RIVER ---

┌─ COMMAND: PlayerAction
│  Alice: BET $59
└─ EVENT: ActionTaken

┌─ COMMAND: PlayerAction
│  Eve: CALL $59
└─ EVENT: ActionTaken

┌─ COMMAND: PlayerAction
│  Grace: CALL $59
└─ EVENT: ActionTaken

┌─ COMMAND: PlayerAction
│  Hank: CALL $59
└─ EVENT: ActionTaken

   Hank wins $928

┌─ COMMAND: AwardPot
│  Hank: $928
└─ EVENT: PotAwarded

============================================================
HAND #32 - Dealer: Alice
============================================================

┌─ COMMAND: DealCards
│  hand: #32, dealer: seat 0
└─ EVENT: CardsDealt
   Alice: [9♣ K♠] ($3,217)
   Eve: [3♣ J♠] ($1,532)
   Grace: [J♣ 9♠] ($1,501)
   Hank: [K♦ 5♣] ($2,750)

┌─ COMMAND: PostBlind (small)
│  Eve: $5
└─ EVENT: BlindPosted

┌─ COMMAND: PostBlind (big)
│  Grace: $10
└─ EVENT: BlindPosted

--- PREFLOP ---

┌─ COMMAND: PlayerAction
│  Hank: CALL $10
└─ EVENT: ActionTaken

┌─ COMMAND: PlayerAction
│  Alice: RAISE $63
└─ EVENT: ActionTaken

┌─ COMMAND: PlayerAction
│  Eve: CALL $58
└─ EVENT: ActionTaken

┌─ COMMAND: PlayerAction
│  Grace: CALL $53
└─ EVENT: ActionTaken

┌─ COMMAND: PlayerAction
│  Hank: CALL $53
└─ EVENT: ActionTaken

┌─ COMMAND: DealCommunityCards (FLOP)
└─ EVENT: CommunityCardsDealt
   Board: [3♥ Q♠ 6♠]

--- FLOP ---

┌─ COMMAND: PlayerAction
│  Eve: CHECK
└─ EVENT: ActionTaken

┌─ COMMAND: PlayerAction
│  Grace: CHECK
└─ EVENT: ActionTaken

┌─ COMMAND: PlayerAction
│  Hank: CHECK
└─ EVENT: ActionTaken

┌─ COMMAND: PlayerAction
│  Alice: BET $59
└─ EVENT: ActionTaken

┌─ COMMAND: PlayerAction
│  Eve: CALL $59
└─ EVENT: ActionTaken

┌─ COMMAND: PlayerAction
│  Grace: CALL $59
└─ EVENT: ActionTaken

┌─ COMMAND: PlayerAction
│  Hank: CALL $59
└─ EVENT: ActionTaken

┌─ COMMAND: DealCommunityCards (TURN)
└─ EVENT: CommunityCardsDealt
   Board: [3♥ Q♠ 6♠ 4♦]

--- TURN ---

┌─ COMMAND: PlayerAction
│  Eve: CHECK
└─ EVENT: ActionTaken

┌─ COMMAND: PlayerAction
│  Grace: CHECK
└─ EVENT: ActionTaken

┌─ COMMAND: PlayerAction
│  Hank: CHECK
└─ EVENT: ActionTaken

┌─ COMMAND: PlayerAction
│  Alice: BET $61
└─ EVENT: ActionTaken

┌─ COMMAND: PlayerAction
│  Eve: CALL $61
└─ EVENT: ActionTaken

┌─ COMMAND: PlayerAction
│  Grace: CALL $61
└─ EVENT: ActionTaken

┌─ COMMAND: PlayerAction
│  Hank: CALL $61
└─ EVENT: ActionTaken

┌─ COMMAND: DealCommunityCards (RIVER)
└─ EVENT: CommunityCardsDealt
   Board: [3♥ Q♠ 6♠ 4♦ 5♠]

--- RIVER ---

┌─ COMMAND: PlayerAction
│  Eve: CHECK
└─ EVENT: ActionTaken

┌─ COMMAND: PlayerAction
│  Grace: BET $44
└─ EVENT: ActionTaken

┌─ COMMAND: PlayerAction
│  Hank: CALL $44
└─ EVENT: ActionTaken

┌─ COMMAND: PlayerAction
│  Alice: CALL $44
└─ EVENT: ActionTaken

┌─ COMMAND: PlayerAction
│  Eve: CALL $44
└─ EVENT: ActionTaken

   Grace wins $908

┌─ COMMAND: AwardPot
│  Grace: $908
└─ EVENT: PotAwarded

============================================================
HAND #33 - Dealer: Eve
============================================================

┌─ COMMAND: DealCards
│  hand: #33, dealer: seat 4
└─ EVENT: CardsDealt
   Alice: [J♥ 5♦] ($2,990)
   Eve: [A♣ 5♠] ($1,305)
   Grace: [2♦ 2♠] ($2,182)
   Hank: [4♦ 6♥] ($2,523)

┌─ COMMAND: PostBlind (small)
│  Grace: $5
└─ EVENT: BlindPosted

┌─ COMMAND: PostBlind (big)
│  Hank: $10
└─ EVENT: BlindPosted

--- PREFLOP ---

┌─ COMMAND: PlayerAction
│  Alice: RAISE $62
└─ EVENT: ActionTaken

┌─ COMMAND: PlayerAction
│  Eve: CALL $62
└─ EVENT: ActionTaken

┌─ COMMAND: PlayerAction
│  Grace: CALL $57
└─ EVENT: ActionTaken

┌─ COMMAND: PlayerAction
│  Hank: CALL $52
└─ EVENT: ActionTaken

┌─ COMMAND: DealCommunityCards (FLOP)
└─ EVENT: CommunityCardsDealt
   Board: [2♣ J♠ K♦]

--- FLOP ---

┌─ COMMAND: PlayerAction
│  Grace: CHECK
└─ EVENT: ActionTaken

┌─ COMMAND: PlayerAction
│  Hank: BET $59
└─ EVENT: ActionTaken

┌─ COMMAND: PlayerAction
│  Alice: CALL $59
└─ EVENT: ActionTaken

┌─ COMMAND: PlayerAction
│  Eve: CALL $59
└─ EVENT: ActionTaken

┌─ COMMAND: PlayerAction
│  Grace: CALL $59
└─ EVENT: ActionTaken

┌─ COMMAND: DealCommunityCards (TURN)
└─ EVENT: CommunityCardsDealt
   Board: [2♣ J♠ K♦ Q♥]

--- TURN ---

┌─ COMMAND: PlayerAction
│  Grace: BET $44
└─ EVENT: ActionTaken

┌─ COMMAND: PlayerAction
│  Hank: CALL $44
└─ EVENT: ActionTaken

┌─ COMMAND: PlayerAction
│  Alice: CALL $44
└─ EVENT: ActionTaken

┌─ COMMAND: PlayerAction
│  Eve: CALL $44
└─ EVENT: ActionTaken

┌─ COMMAND: DealCommunityCards (RIVER)
└─ EVENT: CommunityCardsDealt
   Board: [2♣ J♠ K♦ Q♥ T♠]

--- RIVER ---

┌─ COMMAND: PlayerAction
│  Grace: BET $45
└─ EVENT: ActionTaken

┌─ COMMAND: PlayerAction
│  Hank: CALL $45
└─ EVENT: ActionTaken

┌─ COMMAND: PlayerAction
│  Alice: CALL $45
└─ EVENT: ActionTaken

┌─ COMMAND: PlayerAction
│  Eve: CALL $45
└─ EVENT: ActionTaken

   Eve wins $840

┌─ COMMAND: AwardPot
│  Eve: $840
└─ EVENT: PotAwarded

============================================================
HAND #34 - Dealer: Grace
============================================================

┌─ COMMAND: DealCards
│  hand: #34, dealer: seat 6
└─ EVENT: CardsDealt
   Alice: [J♥ A♣] ($2,780)
   Eve: [T♥ K♥] ($1,935)
   Grace: [J♦ T♠] ($1,972)
   Hank: [8♠ J♣] ($2,313)

┌─ COMMAND: PostBlind (small)
│  Hank: $5
└─ EVENT: BlindPosted

┌─ COMMAND: PostBlind (big)
│  Alice: $10
└─ EVENT: BlindPosted

--- PREFLOP ---

┌─ COMMAND: PlayerAction
│  Eve: CALL $10
└─ EVENT: ActionTaken

┌─ COMMAND: PlayerAction
│  Grace: RAISE $46
└─ EVENT: ActionTaken

┌─ COMMAND: PlayerAction
│  Hank: CALL $41
└─ EVENT: ActionTaken

┌─ COMMAND: PlayerAction
│  Alice: CALL $36
└─ EVENT: ActionTaken

┌─ COMMAND: PlayerAction
│  Eve: CALL $36
└─ EVENT: ActionTaken

┌─ COMMAND: DealCommunityCards (FLOP)
└─ EVENT: CommunityCardsDealt
   Board: [3♥ 7♣ Q♥]

--- FLOP ---

┌─ COMMAND: PlayerAction
│  Hank: BET $57
└─ EVENT: ActionTaken

┌─ COMMAND: PlayerAction
│  Alice: CALL $57
└─ EVENT: ActionTaken

┌─ COMMAND: PlayerAction
│  Eve: CALL $57
└─ EVENT: ActionTaken

┌─ COMMAND: PlayerAction
│  Grace: CALL $57
└─ EVENT: ActionTaken

┌─ COMMAND: DealCommunityCards (TURN)
└─ EVENT: CommunityCardsDealt
   Board: [3♥ 7♣ Q♥ 9♠]

--- TURN ---

┌─ COMMAND: PlayerAction
│  Hank: BET $58
└─ EVENT: ActionTaken

┌─ COMMAND: PlayerAction
│  Alice: CALL $58
└─ EVENT: ActionTaken

┌─ COMMAND: PlayerAction
│  Eve: CALL $58
└─ EVENT: ActionTaken

┌─ COMMAND: PlayerAction
│  Grace: CALL $58
└─ EVENT: ActionTaken

┌─ COMMAND: DealCommunityCards (RIVER)
└─ EVENT: CommunityCardsDealt
   Board: [3♥ 7♣ Q♥ 9♠ 4♣]

--- RIVER ---

┌─ COMMAND: PlayerAction
│  Hank: CHECK
└─ EVENT: ActionTaken

┌─ COMMAND: PlayerAction
│  Alice: BET $62
└─ EVENT: ActionTaken

┌─ COMMAND: PlayerAction
│  Eve: CALL $62
└─ EVENT: ActionTaken

┌─ COMMAND: PlayerAction
│  Grace: CALL $62
└─ EVENT: ActionTaken

┌─ COMMAND: PlayerAction
│  Hank: CALL $62
└─ EVENT: ActionTaken

   Eve wins $892

┌─ COMMAND: AwardPot
│  Eve: $892
└─ EVENT: PotAwarded

============================================================
HAND #35 - Dealer: Hank
============================================================

┌─ COMMAND: DealCards
│  hand: #35, dealer: seat 7
└─ EVENT: CardsDealt
   Alice: [7♠ 2♥] ($2,557)
   Eve: [4♠ 9♠] ($2,604)
   Grace: [9♥ Q♥] ($1,749)
   Hank: [9♦ 2♦] ($2,090)

┌─ COMMAND: PostBlind (small)
│  Alice: $5
└─ EVENT: BlindPosted

┌─ COMMAND: PostBlind (big)
│  Eve: $10
└─ EVENT: BlindPosted

--- PREFLOP ---

┌─ COMMAND: PlayerAction
│  Grace: CALL $10
└─ EVENT: ActionTaken

┌─ COMMAND: PlayerAction
│  Hank: RAISE $54
└─ EVENT: ActionTaken

┌─ COMMAND: PlayerAction
│  Alice: CALL $49
└─ EVENT: ActionTaken

┌─ COMMAND: PlayerAction
│  Eve: CALL $44
└─ EVENT: ActionTaken

┌─ COMMAND: PlayerAction
│  Grace: CALL $44
└─ EVENT: ActionTaken

┌─ COMMAND: DealCommunityCards (FLOP)
└─ EVENT: CommunityCardsDealt
   Board: [7♣ 5♠ 8♣]

--- FLOP ---

┌─ COMMAND: PlayerAction
│  Alice: CHECK
└─ EVENT: ActionTaken

┌─ COMMAND: PlayerAction
│  Eve: CHECK
└─ EVENT: ActionTaken

┌─ COMMAND: PlayerAction
│  Grace: CHECK
└─ EVENT: ActionTaken

┌─ COMMAND: PlayerAction
│  Hank: CHECK
└─ EVENT: ActionTaken

┌─ COMMAND: DealCommunityCards (TURN)
└─ EVENT: CommunityCardsDealt
   Board: [7♣ 5♠ 8♣ 2♣]

--- TURN ---

┌─ COMMAND: PlayerAction
│  Alice: BET $60
└─ EVENT: ActionTaken

┌─ COMMAND: PlayerAction
│  Eve: CALL $60
└─ EVENT: ActionTaken

┌─ COMMAND: PlayerAction
│  Grace: CALL $60
└─ EVENT: ActionTaken

┌─ COMMAND: PlayerAction
│  Hank: CALL $60
└─ EVENT: ActionTaken

┌─ COMMAND: DealCommunityCards (RIVER)
└─ EVENT: CommunityCardsDealt
   Board: [7♣ 5♠ 8♣ 2♣ J♥]

--- RIVER ---

┌─ COMMAND: PlayerAction
│  Alice: CHECK
└─ EVENT: ActionTaken

┌─ COMMAND: PlayerAction
│  Eve: CHECK
└─ EVENT: ActionTaken

┌─ COMMAND: PlayerAction
│  Grace: CHECK
└─ EVENT: ActionTaken

┌─ COMMAND: PlayerAction
│  Hank: CHECK
└─ EVENT: ActionTaken

   Eve wins $456

┌─ COMMAND: AwardPot
│  Eve: $456
└─ EVENT: PotAwarded

============================================================
HAND #36 - Dealer: Alice
============================================================

┌─ COMMAND: DealCards
│  hand: #36, dealer: seat 0
└─ EVENT: CardsDealt
   Alice: [T♣ 8♣] ($2,443)
   Eve: [3♣ 5♠] ($2,946)
   Grace: [K♣ 2♦] ($1,635)
   Hank: [A♥ 3♦] ($1,976)

┌─ COMMAND: PostBlind (small)
│  Eve: $5
└─ EVENT: BlindPosted

┌─ COMMAND: PostBlind (big)
│  Grace: $10
└─ EVENT: BlindPosted

--- PREFLOP ---

┌─ COMMAND: PlayerAction
│  Hank: RAISE $61
└─ EVENT: ActionTaken

┌─ COMMAND: PlayerAction
│  Alice: CALL $61
└─ EVENT: ActionTaken

┌─ COMMAND: PlayerAction
│  Eve: CALL $56
└─ EVENT: ActionTaken

┌─ COMMAND: PlayerAction
│  Grace: CALL $51
└─ EVENT: ActionTaken

┌─ COMMAND: DealCommunityCards (FLOP)
└─ EVENT: CommunityCardsDealt
   Board: [5♥ 3♥ J♥]

--- FLOP ---

┌─ COMMAND: PlayerAction
│  Eve: CHECK
└─ EVENT: ActionTaken

┌─ COMMAND: PlayerAction
│  Grace: CHECK
└─ EVENT: ActionTaken

┌─ COMMAND: PlayerAction
│  Hank: BET $55
└─ EVENT: ActionTaken

┌─ COMMAND: PlayerAction
│  Alice: CALL $55
└─ EVENT: ActionTaken

┌─ COMMAND: PlayerAction
│  Eve: CALL $55
└─ EVENT: ActionTaken

┌─ COMMAND: PlayerAction
│  Grace: CALL $55
└─ EVENT: ActionTaken

┌─ COMMAND: DealCommunityCards (TURN)
└─ EVENT: CommunityCardsDealt
   Board: [5♥ 3♥ J♥ 4♦]

--- TURN ---

┌─ COMMAND: PlayerAction
│  Eve: CHECK
└─ EVENT: ActionTaken

┌─ COMMAND: PlayerAction
│  Grace: CHECK
└─ EVENT: ActionTaken

┌─ COMMAND: PlayerAction
│  Hank: BET $59
└─ EVENT: ActionTaken

┌─ COMMAND: PlayerAction
│  Alice: CALL $59
└─ EVENT: ActionTaken

┌─ COMMAND: PlayerAction
│  Eve: CALL $59
└─ EVENT: ActionTaken

┌─ COMMAND: PlayerAction
│  Grace: CALL $59
└─ EVENT: ActionTaken

┌─ COMMAND: DealCommunityCards (RIVER)
└─ EVENT: CommunityCardsDealt
   Board: [5♥ 3♥ J♥ 4♦ A♣]

--- RIVER ---

┌─ COMMAND: PlayerAction
│  Eve: CHECK
└─ EVENT: ActionTaken

┌─ COMMAND: PlayerAction
│  Grace: CHECK
└─ EVENT: ActionTaken

┌─ COMMAND: PlayerAction
│  Hank: CHECK
└─ EVENT: ActionTaken

┌─ COMMAND: PlayerAction
│  Alice: BET $60
└─ EVENT: ActionTaken

┌─ COMMAND: PlayerAction
│  Eve: CALL $60
└─ EVENT: ActionTaken

┌─ COMMAND: PlayerAction
│  Grace: CALL $60
└─ EVENT: ActionTaken

┌─ COMMAND: PlayerAction
│  Hank: CALL $60
└─ EVENT: ActionTaken

   Hank wins $940

┌─ COMMAND: AwardPot
│  Hank: $940
└─ EVENT: PotAwarded

============================================================
HAND #37 - Dealer: Eve
============================================================

┌─ COMMAND: DealCards
│  hand: #37, dealer: seat 4
└─ EVENT: CardsDealt
   Alice: [8♣ 7♠] ($2,208)
   Eve: [T♦ 9♣] ($2,711)
   Grace: [3♠ K♦] ($1,400)
   Hank: [A♠ 5♦] ($2,681)

┌─ COMMAND: PostBlind (small)
│  Grace: $5
└─ EVENT: BlindPosted

┌─ COMMAND: PostBlind (big)
│  Hank: $10
└─ EVENT: BlindPosted

--- PREFLOP ---

┌─ COMMAND: PlayerAction
│  Alice: RAISE $61
└─ EVENT: ActionTaken

┌─ COMMAND: PlayerAction
│  Eve: CALL $61
└─ EVENT: ActionTaken

┌─ COMMAND: PlayerAction
│  Grace: CALL $56
└─ EVENT: ActionTaken

┌─ COMMAND: PlayerAction
│  Hank: CALL $51
└─ EVENT: ActionTaken

┌─ COMMAND: DealCommunityCards (FLOP)
└─ EVENT: CommunityCardsDealt
   Board: [Q♣ 7♣ J♦]

--- FLOP ---

┌─ COMMAND: PlayerAction
│  Grace: CHECK
└─ EVENT: ActionTaken

┌─ COMMAND: PlayerAction
│  Hank: CHECK
└─ EVENT: ActionTaken

┌─ COMMAND: PlayerAction
│  Alice: BET $59
└─ EVENT: ActionTaken

┌─ COMMAND: PlayerAction
│  Eve: CALL $59
└─ EVENT: ActionTaken

┌─ COMMAND: PlayerAction
│  Grace: CALL $59
└─ EVENT: ActionTaken

┌─ COMMAND: PlayerAction
│  Hank: CALL $59
└─ EVENT: ActionTaken

┌─ COMMAND: DealCommunityCards (TURN)
└─ EVENT: CommunityCardsDealt
   Board: [Q♣ 7♣ J♦ K♠]

--- TURN ---

┌─ COMMAND: PlayerAction
│  Grace: CHECK
└─ EVENT: ActionTaken

┌─ COMMAND: PlayerAction
│  Hank: BET $58
└─ EVENT: ActionTaken

┌─ COMMAND: PlayerAction
│  Alice: CALL $58
└─ EVENT: ActionTaken

┌─ COMMAND: PlayerAction
│  Eve: CALL $58
└─ EVENT: ActionTaken

┌─ COMMAND: PlayerAction
│  Grace: CALL $58
└─ EVENT: ActionTaken

┌─ COMMAND: DealCommunityCards (RIVER)
└─ EVENT: CommunityCardsDealt
   Board: [Q♣ 7♣ J♦ K♠ 3♥]

--- RIVER ---

┌─ COMMAND: PlayerAction
│  Grace: CHECK
└─ EVENT: ActionTaken

┌─ COMMAND: PlayerAction
│  Hank: CHECK
└─ EVENT: ActionTaken

┌─ COMMAND: PlayerAction
│  Alice: BET $59
└─ EVENT: ActionTaken

┌─ COMMAND: PlayerAction
│  Eve: CALL $59
└─ EVENT: ActionTaken

┌─ COMMAND: PlayerAction
│  Grace: CALL $59
└─ EVENT: ActionTaken

┌─ COMMAND: PlayerAction
│  Hank: CALL $59
└─ EVENT: ActionTaken

   Alice wins $948

┌─ COMMAND: AwardPot
│  Alice: $948
└─ EVENT: PotAwarded

============================================================
HAND #38 - Dealer: Grace
============================================================

┌─ COMMAND: DealCards
│  hand: #38, dealer: seat 6
└─ EVENT: CardsDealt
   Alice: [5♥ 2♣] ($2,919)
   Eve: [A♣ 3♥] ($2,474)
   Grace: [Q♠ T♥] ($1,163)
   Hank: [8♥ 2♠] ($2,444)

┌─ COMMAND: PostBlind (small)
│  Hank: $5
└─ EVENT: BlindPosted

┌─ COMMAND: PostBlind (big)
│  Alice: $10
└─ EVENT: BlindPosted

--- PREFLOP ---

┌─ COMMAND: PlayerAction
│  Eve: CALL $10
└─ EVENT: ActionTaken

┌─ COMMAND: PlayerAction
│  Grace: RAISE $45
└─ EVENT: ActionTaken

┌─ COMMAND: PlayerAction
│  Hank: CALL $40
└─ EVENT: ActionTaken

┌─ COMMAND: PlayerAction
│  Alice: CALL $35
└─ EVENT: ActionTaken

┌─ COMMAND: PlayerAction
│  Eve: CALL $35
└─ EVENT: ActionTaken

┌─ COMMAND: DealCommunityCards (FLOP)
└─ EVENT: CommunityCardsDealt
   Board: [2♥ T♠ 6♣]

--- FLOP ---

┌─ COMMAND: PlayerAction
│  Hank: CHECK
└─ EVENT: ActionTaken

┌─ COMMAND: PlayerAction
│  Alice: BET $64
└─ EVENT: ActionTaken

┌─ COMMAND: PlayerAction
│  Eve: CALL $64
└─ EVENT: ActionTaken

┌─ COMMAND: PlayerAction
│  Grace: CALL $64
└─ EVENT: ActionTaken

┌─ COMMAND: PlayerAction
│  Hank: CALL $64
└─ EVENT: ActionTaken

┌─ COMMAND: DealCommunityCards (TURN)
└─ EVENT: CommunityCardsDealt
   Board: [2♥ T♠ 6♣ 2♦]

--- TURN ---

┌─ COMMAND: PlayerAction
│  Hank: CHECK
└─ EVENT: ActionTaken

┌─ COMMAND: PlayerAction
│  Alice: BET $60
└─ EVENT: ActionTaken

┌─ COMMAND: PlayerAction
│  Eve: CALL $60
└─ EVENT: ActionTaken

┌─ COMMAND: PlayerAction
│  Grace: CALL $60
└─ EVENT: ActionTaken

┌─ COMMAND: PlayerAction
│  Hank: CALL $60
└─ EVENT: ActionTaken

┌─ COMMAND: DealCommunityCards (RIVER)
└─ EVENT: CommunityCardsDealt
   Board: [2♥ T♠ 6♣ 2♦ 4♥]

--- RIVER ---

┌─ COMMAND: PlayerAction
│  Hank: CHECK
└─ EVENT: ActionTaken

┌─ COMMAND: PlayerAction
│  Alice: BET $64
└─ EVENT: ActionTaken

┌─ COMMAND: PlayerAction
│  Eve: CALL $64
└─ EVENT: ActionTaken

┌─ COMMAND: PlayerAction
│  Grace: CALL $64
└─ EVENT: ActionTaken

┌─ COMMAND: PlayerAction
│  Hank: CALL $64
└─ EVENT: ActionTaken

   Grace wins $932

┌─ COMMAND: AwardPot
│  Grace: $932
└─ EVENT: PotAwarded

============================================================
HAND #39 - Dealer: Hank
============================================================

┌─ COMMAND: DealCards
│  hand: #39, dealer: seat 7
└─ EVENT: CardsDealt
   Alice: [J♠ 3♥] ($2,686)
   Eve: [K♣ 7♦] ($2,241)
   Grace: [4♥ 6♦] ($1,862)
   Hank: [T♥ 9♣] ($2,211)

┌─ COMMAND: PostBlind (small)
│  Alice: $5
└─ EVENT: BlindPosted

┌─ COMMAND: PostBlind (big)
│  Eve: $10
└─ EVENT: BlindPosted

--- PREFLOP ---

┌─ COMMAND: PlayerAction
│  Grace: RAISE $49
└─ EVENT: ActionTaken

┌─ COMMAND: PlayerAction
│  Hank: CALL $49
└─ EVENT: ActionTaken

┌─ COMMAND: PlayerAction
│  Alice: CALL $44
└─ EVENT: ActionTaken

┌─ COMMAND: PlayerAction
│  Eve: CALL $39
└─ EVENT: ActionTaken

┌─ COMMAND: DealCommunityCards (FLOP)
└─ EVENT: CommunityCardsDealt
   Board: [Q♥ 5♣ 8♦]

--- FLOP ---

┌─ COMMAND: PlayerAction
│  Alice: CHECK
└─ EVENT: ActionTaken

┌─ COMMAND: PlayerAction
│  Eve: CHECK
└─ EVENT: ActionTaken

┌─ COMMAND: PlayerAction
│  Grace: CHECK
└─ EVENT: ActionTaken

┌─ COMMAND: PlayerAction
│  Hank: BET $59
└─ EVENT: ActionTaken

┌─ COMMAND: PlayerAction
│  Alice: CALL $59
└─ EVENT: ActionTaken

┌─ COMMAND: PlayerAction
│  Eve: CALL $59
└─ EVENT: ActionTaken

┌─ COMMAND: PlayerAction
│  Grace: CALL $59
└─ EVENT: ActionTaken

┌─ COMMAND: DealCommunityCards (TURN)
└─ EVENT: CommunityCardsDealt
   Board: [Q♥ 5♣ 8♦ 2♣]

--- TURN ---

┌─ COMMAND: PlayerAction
│  Alice: BET $61
└─ EVENT: ActionTaken

┌─ COMMAND: PlayerAction
│  Eve: CALL $61
└─ EVENT: ActionTaken

┌─ COMMAND: PlayerAction
│  Grace: CALL $61
└─ EVENT: ActionTaken

┌─ COMMAND: PlayerAction
│  Hank: CALL $61
└─ EVENT: ActionTaken

┌─ COMMAND: DealCommunityCards (RIVER)
└─ EVENT: CommunityCardsDealt
   Board: [Q♥ 5♣ 8♦ 2♣ Q♠]

--- RIVER ---

┌─ COMMAND: PlayerAction
│  Alice: BET $63
└─ EVENT: ActionTaken

┌─ COMMAND: PlayerAction
│  Eve: CALL $63
└─ EVENT: ActionTaken

┌─ COMMAND: PlayerAction
│  Grace: CALL $63
└─ EVENT: ActionTaken

┌─ COMMAND: PlayerAction
│  Hank: CALL $63
└─ EVENT: ActionTaken

   Eve wins $928

┌─ COMMAND: AwardPot
│  Eve: $928
└─ EVENT: PotAwarded

============================================================
HAND #40 - Dealer: Alice
============================================================

┌─ COMMAND: DealCards
│  hand: #40, dealer: seat 0
└─ EVENT: CardsDealt
   Alice: [5♣ Q♥] ($2,454)
   Eve: [T♦ 3♦] ($2,937)
   Grace: [K♠ 9♣] ($1,630)
   Hank: [7♦ 7♠] ($1,979)

┌─ COMMAND: PostBlind (small)
│  Eve: $5
└─ EVENT: BlindPosted

┌─ COMMAND: PostBlind (big)
│  Grace: $10
└─ EVENT: BlindPosted

--- PREFLOP ---

┌─ COMMAND: PlayerAction
│  Hank: RAISE $59
└─ EVENT: ActionTaken

┌─ COMMAND: PlayerAction
│  Alice: CALL $59
└─ EVENT: ActionTaken

┌─ COMMAND: PlayerAction
│  Eve: CALL $54
└─ EVENT: ActionTaken

┌─ COMMAND: PlayerAction
│  Grace: CALL $49
└─ EVENT: ActionTaken

┌─ COMMAND: DealCommunityCards (FLOP)
└─ EVENT: CommunityCardsDealt
   Board: [J♠ 2♥ A♣]

--- FLOP ---

┌─ COMMAND: PlayerAction
│  Eve: BET $52
└─ EVENT: ActionTaken

┌─ COMMAND: PlayerAction
│  Grace: CALL $52
└─ EVENT: ActionTaken

┌─ COMMAND: PlayerAction
│  Hank: CALL $52
└─ EVENT: ActionTaken

┌─ COMMAND: PlayerAction
│  Alice: CALL $52
└─ EVENT: ActionTaken

┌─ COMMAND: DealCommunityCards (TURN)
└─ EVENT: CommunityCardsDealt
   Board: [J♠ 2♥ A♣ J♥]

--- TURN ---

┌─ COMMAND: PlayerAction
│  Eve: CHECK
└─ EVENT: ActionTaken

┌─ COMMAND: PlayerAction
│  Grace: CHECK
└─ EVENT: ActionTaken

┌─ COMMAND: PlayerAction
│  Hank: BET $54
└─ EVENT: ActionTaken

┌─ COMMAND: PlayerAction
│  Alice: CALL $54
└─ EVENT: ActionTaken

┌─ COMMAND: PlayerAction
│  Eve: CALL $54
└─ EVENT: ActionTaken

┌─ COMMAND: PlayerAction
│  Grace: CALL $54
└─ EVENT: ActionTaken

┌─ COMMAND: DealCommunityCards (RIVER)
└─ EVENT: CommunityCardsDealt
   Board: [J♠ 2♥ A♣ J♥ 5♦]

--- RIVER ---

┌─ COMMAND: PlayerAction
│  Eve: CHECK
└─ EVENT: ActionTaken

┌─ COMMAND: PlayerAction
│  Grace: CHECK
└─ EVENT: ActionTaken

┌─ COMMAND: PlayerAction
│  Hank: CHECK
└─ EVENT: ActionTaken

┌─ COMMAND: PlayerAction
│  Alice: BET $60
└─ EVENT: ActionTaken

┌─ COMMAND: PlayerAction
│  Eve: CALL $60
└─ EVENT: ActionTaken

┌─ COMMAND: PlayerAction
│  Grace: CALL $60
└─ EVENT: ActionTaken

┌─ COMMAND: PlayerAction
│  Hank: CALL $60
└─ EVENT: ActionTaken

   Alice wins $900

┌─ COMMAND: AwardPot
│  Alice: $900
└─ EVENT: PotAwarded

============================================================
HAND #41 - Dealer: Eve
============================================================

┌─ COMMAND: DealCards
│  hand: #41, dealer: seat 4
└─ EVENT: CardsDealt
   Alice: [5♠ K♣] ($3,129)
   Eve: [2♣ 6♣] ($2,712)
   Grace: [7♣ 4♠] ($1,405)
   Hank: [6♠ Q♠] ($1,754)

┌─ COMMAND: PostBlind (small)
│  Grace: $5
└─ EVENT: BlindPosted

┌─ COMMAND: PostBlind (big)
│  Hank: $10
└─ EVENT: BlindPosted

--- PREFLOP ---

┌─ COMMAND: PlayerAction
│  Alice: RAISE $57
└─ EVENT: ActionTaken

┌─ COMMAND: PlayerAction
│  Eve: CALL $57
└─ EVENT: ActionTaken

┌─ COMMAND: PlayerAction
│  Grace: CALL $52
└─ EVENT: ActionTaken

┌─ COMMAND: PlayerAction
│  Hank: CALL $47
└─ EVENT: ActionTaken

┌─ COMMAND: DealCommunityCards (FLOP)
└─ EVENT: CommunityCardsDealt
   Board: [K♥ T♣ 2♠]

--- FLOP ---

┌─ COMMAND: PlayerAction
│  Grace: CHECK
└─ EVENT: ActionTaken

┌─ COMMAND: PlayerAction
│  Hank: CHECK
└─ EVENT: ActionTaken

┌─ COMMAND: PlayerAction
│  Alice: BET $61
└─ EVENT: ActionTaken

┌─ COMMAND: PlayerAction
│  Eve: CALL $61
└─ EVENT: ActionTaken

┌─ COMMAND: PlayerAction
│  Grace: CALL $61
└─ EVENT: ActionTaken

┌─ COMMAND: PlayerAction
│  Hank: CALL $61
└─ EVENT: ActionTaken

┌─ COMMAND: DealCommunityCards (TURN)
└─ EVENT: CommunityCardsDealt
   Board: [K♥ T♣ 2♠ 5♥]

--- TURN ---

┌─ COMMAND: PlayerAction
│  Grace: CHECK
└─ EVENT: ActionTaken

┌─ COMMAND: PlayerAction
│  Hank: CHECK
└─ EVENT: ActionTaken

┌─ COMMAND: PlayerAction
│  Alice: BET $61
└─ EVENT: ActionTaken

┌─ COMMAND: PlayerAction
│  Eve: CALL $61
└─ EVENT: ActionTaken

┌─ COMMAND: PlayerAction
│  Grace: CALL $61
└─ EVENT: ActionTaken

┌─ COMMAND: PlayerAction
│  Hank: CALL $61
└─ EVENT: ActionTaken

┌─ COMMAND: DealCommunityCards (RIVER)
└─ EVENT: CommunityCardsDealt
   Board: [K♥ T♣ 2♠ 5♥ 8♥]

--- RIVER ---

┌─ COMMAND: PlayerAction
│  Grace: CHECK
└─ EVENT: ActionTaken

┌─ COMMAND: PlayerAction
│  Hank: BET $56
└─ EVENT: ActionTaken

┌─ COMMAND: PlayerAction
│  Alice: CALL $56
└─ EVENT: ActionTaken

┌─ COMMAND: PlayerAction
│  Eve: CALL $56
└─ EVENT: ActionTaken

┌─ COMMAND: PlayerAction
│  Grace: CALL $56
└─ EVENT: ActionTaken

   Hank wins $940

┌─ COMMAND: AwardPot
│  Hank: $940
└─ EVENT: PotAwarded

============================================================
HAND #42 - Dealer: Grace
============================================================

┌─ COMMAND: DealCards
│  hand: #42, dealer: seat 6
└─ EVENT: CardsDealt
   Alice: [A♦ K♦] ($2,894)
   Eve: [5♥ A♣] ($2,477)
   Grace: [J♦ 8♠] ($1,170)
   Hank: [3♠ A♥] ($2,459)

┌─ COMMAND: PostBlind (small)
│  Hank: $5
└─ EVENT: BlindPosted

┌─ COMMAND: PostBlind (big)
│  Alice: $10
└─ EVENT: BlindPosted

--- PREFLOP ---

┌─ COMMAND: PlayerAction
│  Eve: CALL $10
└─ EVENT: ActionTaken

┌─ COMMAND: PlayerAction
│  Grace: RAISE $46
└─ EVENT: ActionTaken

┌─ COMMAND: PlayerAction
│  Hank: CALL $41
└─ EVENT: ActionTaken

┌─ COMMAND: PlayerAction
│  Alice: CALL $36
└─ EVENT: ActionTaken

┌─ COMMAND: PlayerAction
│  Eve: CALL $36
└─ EVENT: ActionTaken

┌─ COMMAND: DealCommunityCards (FLOP)
└─ EVENT: CommunityCardsDealt
   Board: [4♠ 6♠ 7♠]

--- FLOP ---

┌─ COMMAND: PlayerAction
│  Hank: BET $54
└─ EVENT: ActionTaken

┌─ COMMAND: PlayerAction
│  Alice: CALL $54
└─ EVENT: ActionTaken

┌─ COMMAND: PlayerAction
│  Eve: CALL $54
└─ EVENT: ActionTaken

┌─ COMMAND: PlayerAction
│  Grace: CALL $54
└─ EVENT: ActionTaken

┌─ COMMAND: DealCommunityCards (TURN)
└─ EVENT: CommunityCardsDealt
   Board: [4♠ 6♠ 7♠ 5♣]

--- TURN ---

┌─ COMMAND: PlayerAction
│  Hank: CHECK
└─ EVENT: ActionTaken

┌─ COMMAND: PlayerAction
│  Alice: BET $63
└─ EVENT: ActionTaken

┌─ COMMAND: PlayerAction
│  Eve: CALL $63
└─ EVENT: ActionTaken

┌─ COMMAND: PlayerAction
│  Grace: CALL $63
└─ EVENT: ActionTaken

┌─ COMMAND: PlayerAction
│  Hank: CALL $63
└─ EVENT: ActionTaken

┌─ COMMAND: DealCommunityCards (RIVER)
└─ EVENT: CommunityCardsDealt
   Board: [4♠ 6♠ 7♠ 5♣ T♣]

--- RIVER ---

┌─ COMMAND: PlayerAction
│  Hank: BET $56
└─ EVENT: ActionTaken

┌─ COMMAND: PlayerAction
│  Alice: CALL $56
└─ EVENT: ActionTaken

┌─ COMMAND: PlayerAction
│  Eve: CALL $56
└─ EVENT: ActionTaken

┌─ COMMAND: PlayerAction
│  Grace: CALL $56
└─ EVENT: ActionTaken

   Grace wins $876

┌─ COMMAND: AwardPot
│  Grace: $876
└─ EVENT: PotAwarded

============================================================
HAND #43 - Dealer: Hank
============================================================

┌─ COMMAND: DealCards
│  hand: #43, dealer: seat 7
└─ EVENT: CardsDealt
   Alice: [5♦ Q♣] ($2,675)
   Eve: [5♣ 6♥] ($2,258)
   Grace: [9♠ 9♦] ($1,827)
   Hank: [2♦ 4♣] ($2,240)

┌─ COMMAND: PostBlind (small)
│  Alice: $5
└─ EVENT: BlindPosted

┌─ COMMAND: PostBlind (big)
│  Eve: $10
└─ EVENT: BlindPosted

--- PREFLOP ---

┌─ COMMAND: PlayerAction
│  Grace: CALL $10
└─ EVENT: ActionTaken

┌─ COMMAND: PlayerAction
│  Hank: RAISE $59
└─ EVENT: ActionTaken

┌─ COMMAND: PlayerAction
│  Alice: CALL $54
└─ EVENT: ActionTaken

┌─ COMMAND: PlayerAction
│  Eve: CALL $49
└─ EVENT: ActionTaken

┌─ COMMAND: PlayerAction
│  Grace: CALL $49
└─ EVENT: ActionTaken

┌─ COMMAND: DealCommunityCards (FLOP)
└─ EVENT: CommunityCardsDealt
   Board: [4♠ 4♦ 2♠]

--- FLOP ---

┌─ COMMAND: PlayerAction
│  Alice: BET $60
└─ EVENT: ActionTaken

┌─ COMMAND: PlayerAction
│  Eve: CALL $60
└─ EVENT: ActionTaken

┌─ COMMAND: PlayerAction
│  Grace: CALL $60
└─ EVENT: ActionTaken

┌─ COMMAND: PlayerAction
│  Hank: CALL $60
└─ EVENT: ActionTaken

┌─ COMMAND: DealCommunityCards (TURN)
└─ EVENT: CommunityCardsDealt
   Board: [4♠ 4♦ 2♠ J♦]

--- TURN ---

┌─ COMMAND: PlayerAction
│  Alice: BET $59
└─ EVENT: ActionTaken

┌─ COMMAND: PlayerAction
│  Eve: CALL $59
└─ EVENT: ActionTaken

┌─ COMMAND: PlayerAction
│  Grace: CALL $59
└─ EVENT: ActionTaken

┌─ COMMAND: PlayerAction
│  Hank: CALL $59
└─ EVENT: ActionTaken

┌─ COMMAND: DealCommunityCards (RIVER)
└─ EVENT: CommunityCardsDealt
   Board: [4♠ 4♦ 2♠ J♦ K♣]

--- RIVER ---

┌─ COMMAND: PlayerAction
│  Alice: BET $63
└─ EVENT: ActionTaken

┌─ COMMAND: PlayerAction
│  Eve: CALL $63
└─ EVENT: ActionTaken

┌─ COMMAND: PlayerAction
│  Grace: CALL $63
└─ EVENT: ActionTaken

┌─ COMMAND: PlayerAction
│  Hank: CALL $63
└─ EVENT: ActionTaken

   Hank wins $964

┌─ COMMAND: AwardPot
│  Hank: $964
└─ EVENT: PotAwarded

============================================================
HAND #44 - Dealer: Alice
============================================================

┌─ COMMAND: DealCards
│  hand: #44, dealer: seat 0
└─ EVENT: CardsDealt
   Alice: [6♥ 2♦] ($2,434)
   Eve: [6♠ K♠] ($2,017)
   Grace: [A♦ J♠] ($1,586)
   Hank: [5♦ 3♦] ($2,963)

┌─ COMMAND: PostBlind (small)
│  Eve: $5
└─ EVENT: BlindPosted

┌─ COMMAND: PostBlind (big)
│  Grace: $10
└─ EVENT: BlindPosted

--- PREFLOP ---

┌─ COMMAND: PlayerAction
│  Hank: CALL $10
└─ EVENT: ActionTaken

┌─ COMMAND: PlayerAction
│  Alice: RAISE $58
└─ EVENT: ActionTaken

┌─ COMMAND: PlayerAction
│  Eve: CALL $53
└─ EVENT: ActionTaken

┌─ COMMAND: PlayerAction
│  Grace: CALL $48
└─ EVENT: ActionTaken

┌─ COMMAND: PlayerAction
│  Hank: CALL $48
└─ EVENT: ActionTaken

┌─ COMMAND: DealCommunityCards (FLOP)
└─ EVENT: CommunityCardsDealt
   Board: [4♥ 5♣ 5♠]

--- FLOP ---

┌─ COMMAND: PlayerAction
│  Eve: CHECK
└─ EVENT: ActionTaken

┌─ COMMAND: PlayerAction
│  Grace: BET $47
└─ EVENT: ActionTaken

┌─ COMMAND: PlayerAction
│  Hank: CALL $47
└─ EVENT: ActionTaken

┌─ COMMAND: PlayerAction
│  Alice: CALL $47
└─ EVENT: ActionTaken

┌─ COMMAND: PlayerAction
│  Eve: CALL $47
└─ EVENT: ActionTaken

┌─ COMMAND: DealCommunityCards (TURN)
└─ EVENT: CommunityCardsDealt
   Board: [4♥ 5♣ 5♠ 6♦]

--- TURN ---

┌─ COMMAND: PlayerAction
│  Eve: CHECK
└─ EVENT: ActionTaken

┌─ COMMAND: PlayerAction
│  Grace: CHECK
└─ EVENT: ActionTaken

┌─ COMMAND: PlayerAction
│  Hank: BET $58
└─ EVENT: ActionTaken

┌─ COMMAND: PlayerAction
│  Alice: CALL $58
└─ EVENT: ActionTaken

┌─ COMMAND: PlayerAction
│  Eve: CALL $58
└─ EVENT: ActionTaken

┌─ COMMAND: PlayerAction
│  Grace: CALL $58
└─ EVENT: ActionTaken

┌─ COMMAND: DealCommunityCards (RIVER)
└─ EVENT: CommunityCardsDealt
   Board: [4♥ 5♣ 5♠ 6♦ J♣]

--- RIVER ---

┌─ COMMAND: PlayerAction
│  Eve: BET $54
└─ EVENT: ActionTaken

┌─ COMMAND: PlayerAction
│  Grace: CALL $54
└─ EVENT: ActionTaken

┌─ COMMAND: PlayerAction
│  Hank: CALL $54
└─ EVENT: ActionTaken

┌─ COMMAND: PlayerAction
│  Alice: CALL $54
└─ EVENT: ActionTaken

   Alice wins $868

┌─ COMMAND: AwardPot
│  Alice: $868
└─ EVENT: PotAwarded

============================================================
HAND #45 - Dealer: Eve
============================================================

┌─ COMMAND: DealCards
│  hand: #45, dealer: seat 4
└─ EVENT: CardsDealt
   Alice: [2♦ 8♥] ($3,085)
   Eve: [Q♣ 7♠] ($1,800)
   Grace: [8♦ 5♠] ($1,369)
   Hank: [A♥ A♠] ($2,746)

┌─ COMMAND: PostBlind (small)
│  Grace: $5
└─ EVENT: BlindPosted

┌─ COMMAND: PostBlind (big)
│  Hank: $10
└─ EVENT: BlindPosted

--- PREFLOP ---

┌─ COMMAND: PlayerAction
│  Alice: RAISE $62
└─ EVENT: ActionTaken

┌─ COMMAND: PlayerAction
│  Eve: CALL $62
└─ EVENT: ActionTaken

┌─ COMMAND: PlayerAction
│  Grace: CALL $57
└─ EVENT: ActionTaken

┌─ COMMAND: PlayerAction
│  Hank: CALL $52
└─ EVENT: ActionTaken

┌─ COMMAND: DealCommunityCards (FLOP)
└─ EVENT: CommunityCardsDealt
   Board: [2♥ 6♣ J♣]

--- FLOP ---

┌─ COMMAND: PlayerAction
│  Grace: CHECK
└─ EVENT: ActionTaken

┌─ COMMAND: PlayerAction
│  Hank: BET $55
└─ EVENT: ActionTaken

┌─ COMMAND: PlayerAction
│  Alice: CALL $55
└─ EVENT: ActionTaken

┌─ COMMAND: PlayerAction
│  Eve: CALL $55
└─ EVENT: ActionTaken

┌─ COMMAND: PlayerAction
│  Grace: CALL $55
└─ EVENT: ActionTaken

┌─ COMMAND: DealCommunityCards (TURN)
└─ EVENT: CommunityCardsDealt
   Board: [2♥ 6♣ J♣ 4♦]

--- TURN ---

┌─ COMMAND: PlayerAction
│  Grace: CHECK
└─ EVENT: ActionTaken

┌─ COMMAND: PlayerAction
│  Hank: CHECK
└─ EVENT: ActionTaken

┌─ COMMAND: PlayerAction
│  Alice: BET $59
└─ EVENT: ActionTaken

┌─ COMMAND: PlayerAction
│  Eve: CALL $59
└─ EVENT: ActionTaken

┌─ COMMAND: PlayerAction
│  Grace: CALL $59
└─ EVENT: ActionTaken

┌─ COMMAND: PlayerAction
│  Hank: CALL $59
└─ EVENT: ActionTaken

┌─ COMMAND: DealCommunityCards (RIVER)
└─ EVENT: CommunityCardsDealt
   Board: [2♥ 6♣ J♣ 4♦ 7♥]

--- RIVER ---

┌─ COMMAND: PlayerAction
│  Grace: CHECK
└─ EVENT: ActionTaken

┌─ COMMAND: PlayerAction
│  Hank: BET $61
└─ EVENT: ActionTaken

┌─ COMMAND: PlayerAction
│  Alice: CALL $61
└─ EVENT: ActionTaken

┌─ COMMAND: PlayerAction
│  Eve: CALL $61
└─ EVENT: ActionTaken

┌─ COMMAND: PlayerAction
│  Grace: CALL $61
└─ EVENT: ActionTaken

   Grace wins $948

┌─ COMMAND: AwardPot
│  Grace: $948
└─ EVENT: PotAwarded

============================================================
HAND #46 - Dealer: Grace
============================================================

┌─ COMMAND: DealCards
│  hand: #46, dealer: seat 6
└─ EVENT: CardsDealt
   Alice: [T♣ Q♠] ($2,848)
   Eve: [6♥ 3♦] ($1,563)
   Grace: [Q♥ 6♦] ($2,080)
   Hank: [2♠ K♥] ($2,509)

┌─ COMMAND: PostBlind (small)
│  Hank: $5
└─ EVENT: BlindPosted

┌─ COMMAND: PostBlind (big)
│  Alice: $10
└─ EVENT: BlindPosted

--- PREFLOP ---

┌─ COMMAND: PlayerAction
│  Eve: CALL $10
└─ EVENT: ActionTaken

┌─ COMMAND: PlayerAction
│  Grace: RAISE $43
└─ EVENT: ActionTaken

┌─ COMMAND: PlayerAction
│  Hank: CALL $38
└─ EVENT: ActionTaken

┌─ COMMAND: PlayerAction
│  Alice: CALL $33
└─ EVENT: ActionTaken

┌─ COMMAND: PlayerAction
│  Eve: CALL $33
└─ EVENT: ActionTaken

┌─ COMMAND: DealCommunityCards (FLOP)
└─ EVENT: CommunityCardsDealt
   Board: [9♦ 9♥ J♣]

--- FLOP ---

┌─ COMMAND: PlayerAction
│  Hank: CHECK
└─ EVENT: ActionTaken

┌─ COMMAND: PlayerAction
│  Alice: CHECK
└─ EVENT: ActionTaken

┌─ COMMAND: PlayerAction
│  Eve: CHECK
└─ EVENT: ActionTaken

┌─ COMMAND: PlayerAction
│  Grace: CHECK
└─ EVENT: ActionTaken

┌─ COMMAND: DealCommunityCards (TURN)
└─ EVENT: CommunityCardsDealt
   Board: [9♦ 9♥ J♣ 3♣]

--- TURN ---

┌─ COMMAND: PlayerAction
│  Hank: CHECK
└─ EVENT: ActionTaken

┌─ COMMAND: PlayerAction
│  Alice: BET $61
└─ EVENT: ActionTaken

┌─ COMMAND: PlayerAction
│  Eve: CALL $61
└─ EVENT: ActionTaken

┌─ COMMAND: PlayerAction
│  Grace: CALL $61
└─ EVENT: ActionTaken

┌─ COMMAND: PlayerAction
│  Hank: CALL $61
└─ EVENT: ActionTaken

┌─ COMMAND: DealCommunityCards (RIVER)
└─ EVENT: CommunityCardsDealt
   Board: [9♦ 9♥ J♣ 3♣ 6♠]

--- RIVER ---

┌─ COMMAND: PlayerAction
│  Hank: BET $58
└─ EVENT: ActionTaken

┌─ COMMAND: PlayerAction
│  Alice: CALL $58
└─ EVENT: ActionTaken

┌─ COMMAND: PlayerAction
│  Eve: CALL $58
└─ EVENT: ActionTaken

┌─ COMMAND: PlayerAction
│  Grace: CALL $58
└─ EVENT: ActionTaken

   Hank wins $648

┌─ COMMAND: AwardPot
│  Hank: $648
└─ EVENT: PotAwarded

============================================================
HAND #47 - Dealer: Hank
============================================================

┌─ COMMAND: DealCards
│  hand: #47, dealer: seat 7
└─ EVENT: CardsDealt
   Alice: [J♣ 2♦] ($2,686)
   Eve: [J♦ A♥] ($1,401)
   Grace: [8♥ Q♠] ($1,918)
   Hank: [5♥ 2♠] ($2,995)

┌─ COMMAND: PostBlind (small)
│  Alice: $5
└─ EVENT: BlindPosted

┌─ COMMAND: PostBlind (big)
│  Eve: $10
└─ EVENT: BlindPosted

--- PREFLOP ---

┌─ COMMAND: PlayerAction
│  Grace: CALL $10
└─ EVENT: ActionTaken

┌─ COMMAND: PlayerAction
│  Hank: CALL $10
└─ EVENT: ActionTaken

┌─ COMMAND: PlayerAction
│  Alice: RAISE $58
└─ EVENT: ActionTaken

┌─ COMMAND: PlayerAction
│  Eve: CALL $48
└─ EVENT: ActionTaken

┌─ COMMAND: PlayerAction
│  Grace: CALL $48
└─ EVENT: ActionTaken

┌─ COMMAND: PlayerAction
│  Hank: CALL $48
└─ EVENT: ActionTaken

┌─ COMMAND: DealCommunityCards (FLOP)
└─ EVENT: CommunityCardsDealt
   Board: [Q♥ 9♣ 9♥]

--- FLOP ---

┌─ COMMAND: PlayerAction
│  Alice: BET $59
└─ EVENT: ActionTaken

┌─ COMMAND: PlayerAction
│  Eve: CALL $59
└─ EVENT: ActionTaken

┌─ COMMAND: PlayerAction
│  Grace: CALL $59
└─ EVENT: ActionTaken

┌─ COMMAND: PlayerAction
│  Hank: CALL $59
└─ EVENT: ActionTaken

┌─ COMMAND: DealCommunityCards (TURN)
└─ EVENT: CommunityCardsDealt
   Board: [Q♥ 9♣ 9♥ 9♠]

--- TURN ---

┌─ COMMAND: PlayerAction
│  Alice: BET $60
└─ EVENT: ActionTaken

┌─ COMMAND: PlayerAction
│  Eve: CALL $60
└─ EVENT: ActionTaken

┌─ COMMAND: PlayerAction
│  Grace: CALL $60
└─ EVENT: ActionTaken

┌─ COMMAND: PlayerAction
│  Hank: CALL $60
└─ EVENT: ActionTaken

┌─ COMMAND: DealCommunityCards (RIVER)
└─ EVENT: CommunityCardsDealt
   Board: [Q♥ 9♣ 9♥ 9♠ 8♦]

--- RIVER ---

┌─ COMMAND: PlayerAction
│  Alice: BET $62
└─ EVENT: ActionTaken

┌─ COMMAND: PlayerAction
│  Eve: CALL $62
└─ EVENT: ActionTaken

┌─ COMMAND: PlayerAction
│  Grace: CALL $62
└─ EVENT: ActionTaken

┌─ COMMAND: PlayerAction
│  Hank: CALL $62
└─ EVENT: ActionTaken

   Grace wins $956

┌─ COMMAND: AwardPot
│  Grace: $956
└─ EVENT: PotAwarded

============================================================
HAND #48 - Dealer: Alice
============================================================

┌─ COMMAND: DealCards
│  hand: #48, dealer: seat 0
└─ EVENT: CardsDealt
   Alice: [K♥ 2♠] ($2,447)
   Eve: [A♦ 5♥] ($1,162)
   Grace: [T♣ 4♥] ($2,635)
   Hank: [J♣ 7♥] ($2,756)

┌─ COMMAND: PostBlind (small)
│  Eve: $5
└─ EVENT: BlindPosted

┌─ COMMAND: PostBlind (big)
│  Grace: $10
└─ EVENT: BlindPosted

--- PREFLOP ---

┌─ COMMAND: PlayerAction
│  Hank: CALL $10
└─ EVENT: ActionTaken

┌─ COMMAND: PlayerAction
│  Alice: RAISE $58
└─ EVENT: ActionTaken

┌─ COMMAND: PlayerAction
│  Eve: CALL $53
└─ EVENT: ActionTaken

┌─ COMMAND: PlayerAction
│  Grace: CALL $48
└─ EVENT: ActionTaken

┌─ COMMAND: PlayerAction
│  Hank: CALL $48
└─ EVENT: ActionTaken

┌─ COMMAND: DealCommunityCards (FLOP)
└─ EVENT: CommunityCardsDealt
   Board: [6♦ 8♣ 3♠]

--- FLOP ---

┌─ COMMAND: PlayerAction
│  Eve: CHECK
└─ EVENT: ActionTaken

┌─ COMMAND: PlayerAction
│  Grace: CHECK
└─ EVENT: ActionTaken

┌─ COMMAND: PlayerAction
│  Hank: CHECK
└─ EVENT: ActionTaken

┌─ COMMAND: PlayerAction
│  Alice: BET $59
└─ EVENT: ActionTaken

┌─ COMMAND: PlayerAction
│  Eve: CALL $59
└─ EVENT: ActionTaken

┌─ COMMAND: PlayerAction
│  Grace: CALL $59
└─ EVENT: ActionTaken

┌─ COMMAND: PlayerAction
│  Hank: CALL $59
└─ EVENT: ActionTaken

┌─ COMMAND: DealCommunityCards (TURN)
└─ EVENT: CommunityCardsDealt
   Board: [6♦ 8♣ 3♠ Q♥]

--- TURN ---

┌─ COMMAND: PlayerAction
│  Eve: CHECK
└─ EVENT: ActionTaken

┌─ COMMAND: PlayerAction
│  Grace: CHECK
└─ EVENT: ActionTaken

┌─ COMMAND: PlayerAction
│  Hank: CHECK
└─ EVENT: ActionTaken

┌─ COMMAND: PlayerAction
│  Alice: BET $60
└─ EVENT: ActionTaken

┌─ COMMAND: PlayerAction
│  Eve: CALL $60
└─ EVENT: ActionTaken

┌─ COMMAND: PlayerAction
│  Grace: CALL $60
└─ EVENT: ActionTaken

┌─ COMMAND: PlayerAction
│  Hank: CALL $60
└─ EVENT: ActionTaken

┌─ COMMAND: DealCommunityCards (RIVER)
└─ EVENT: CommunityCardsDealt
   Board: [6♦ 8♣ 3♠ Q♥ 5♠]

--- RIVER ---

┌─ COMMAND: PlayerAction
│  Eve: CHECK
└─ EVENT: ActionTaken

┌─ COMMAND: PlayerAction
│  Grace: CHECK
└─ EVENT: ActionTaken

┌─ COMMAND: PlayerAction
│  Hank: CHECK
└─ EVENT: ActionTaken

┌─ COMMAND: PlayerAction
│  Alice: BET $60
└─ EVENT: ActionTaken

┌─ COMMAND: PlayerAction
│  Eve: CALL $60
└─ EVENT: ActionTaken

┌─ COMMAND: PlayerAction
│  Grace: CALL $60
└─ EVENT: ActionTaken

┌─ COMMAND: PlayerAction
│  Hank: CALL $60
└─ EVENT: ActionTaken

   Grace wins $948

┌─ COMMAND: AwardPot
│  Grace: $948
└─ EVENT: PotAwarded

============================================================
HAND #49 - Dealer: Eve
============================================================

┌─ COMMAND: DealCards
│  hand: #49, dealer: seat 4
└─ EVENT: CardsDealt
   Alice: [2♣ K♦] ($2,210)
   Eve: [3♣ 3♠] ($925)
   Grace: [5♥ 9♣] ($3,346)
   Hank: [T♦ 2♥] ($2,519)

┌─ COMMAND: PostBlind (small)
│  Grace: $5
└─ EVENT: BlindPosted

┌─ COMMAND: PostBlind (big)
│  Hank: $10
└─ EVENT: BlindPosted

--- PREFLOP ---

┌─ COMMAND: PlayerAction
│  Alice: RAISE $56
└─ EVENT: ActionTaken

┌─ COMMAND: PlayerAction
│  Eve: CALL $56
└─ EVENT: ActionTaken

┌─ COMMAND: PlayerAction
│  Grace: CALL $51
└─ EVENT: ActionTaken

┌─ COMMAND: PlayerAction
│  Hank: CALL $46
└─ EVENT: ActionTaken

┌─ COMMAND: DealCommunityCards (FLOP)
└─ EVENT: CommunityCardsDealt
   Board: [A♥ 4♠ A♦]

--- FLOP ---

┌─ COMMAND: PlayerAction
│  Grace: CHECK
└─ EVENT: ActionTaken

┌─ COMMAND: PlayerAction
│  Hank: BET $59
└─ EVENT: ActionTaken

┌─ COMMAND: PlayerAction
│  Alice: CALL $59
└─ EVENT: ActionTaken

┌─ COMMAND: PlayerAction
│  Eve: CALL $59
└─ EVENT: ActionTaken

┌─ COMMAND: PlayerAction
│  Grace: CALL $59
└─ EVENT: ActionTaken

┌─ COMMAND: DealCommunityCards (TURN)
└─ EVENT: CommunityCardsDealt
   Board: [A♥ 4♠ A♦ 6♥]

--- TURN ---

┌─ COMMAND: PlayerAction
│  Grace: BET $47
└─ EVENT: ActionTaken

┌─ COMMAND: PlayerAction
│  Hank: CALL $47
└─ EVENT: ActionTaken

┌─ COMMAND: PlayerAction
│  Alice: CALL $47
└─ EVENT: ActionTaken

┌─ COMMAND: PlayerAction
│  Eve: CALL $47
└─ EVENT: ActionTaken

┌─ COMMAND: DealCommunityCards (RIVER)
└─ EVENT: CommunityCardsDealt
   Board: [A♥ 4♠ A♦ 6♥ 5♠]

--- RIVER ---

┌─ COMMAND: PlayerAction
│  Grace: BET $48
└─ EVENT: ActionTaken

┌─ COMMAND: PlayerAction
│  Hank: CALL $48
└─ EVENT: ActionTaken

┌─ COMMAND: PlayerAction
│  Alice: CALL $48
└─ EVENT: ActionTaken

┌─ COMMAND: PlayerAction
│  Eve: CALL $48
└─ EVENT: ActionTaken

   Grace wins $840

┌─ COMMAND: AwardPot
│  Grace: $840
└─ EVENT: PotAwarded

============================================================
HAND #50 - Dealer: Grace
============================================================

┌─ COMMAND: DealCards
│  hand: #50, dealer: seat 6
└─ EVENT: CardsDealt
   Alice: [T♣ 2♥] ($2,000)
   Eve: [6♦ 9♣] ($715)
   Grace: [2♦ T♦] ($3,976)
   Hank: [2♣ K♥] ($2,309)

┌─ COMMAND: PostBlind (small)
│  Hank: $5
└─ EVENT: BlindPosted

┌─ COMMAND: PostBlind (big)
│  Alice: $10
└─ EVENT: BlindPosted

--- PREFLOP ---

┌─ COMMAND: PlayerAction
│  Eve: CALL $10
└─ EVENT: ActionTaken

┌─ COMMAND: PlayerAction
│  Grace: RAISE $47
└─ EVENT: ActionTaken

┌─ COMMAND: PlayerAction
│  Hank: CALL $42
└─ EVENT: ActionTaken

┌─ COMMAND: PlayerAction
│  Alice: CALL $37
└─ EVENT: ActionTaken

┌─ COMMAND: PlayerAction
│  Eve: CALL $37
└─ EVENT: ActionTaken

┌─ COMMAND: DealCommunityCards (FLOP)
└─ EVENT: CommunityCardsDealt
   Board: [J♠ Q♥ 3♠]

--- FLOP ---

┌─ COMMAND: PlayerAction
│  Hank: CHECK
└─ EVENT: ActionTaken

┌─ COMMAND: PlayerAction
│  Alice: BET $62
└─ EVENT: ActionTaken

┌─ COMMAND: PlayerAction
│  Eve: CALL $62
└─ EVENT: ActionTaken

┌─ COMMAND: PlayerAction
│  Grace: CALL $62
└─ EVENT: ActionTaken

┌─ COMMAND: PlayerAction
│  Hank: CALL $62
└─ EVENT: ActionTaken

┌─ COMMAND: DealCommunityCards (TURN)
└─ EVENT: CommunityCardsDealt
   Board: [J♠ Q♥ 3♠ J♣]

--- TURN ---

┌─ COMMAND: PlayerAction
│  Hank: BET $54
└─ EVENT: ActionTaken

┌─ COMMAND: PlayerAction
│  Alice: CALL $54
└─ EVENT: ActionTaken

┌─ COMMAND: PlayerAction
│  Eve: CALL $54
└─ EVENT: ActionTaken

┌─ COMMAND: PlayerAction
│  Grace: CALL $54
└─ EVENT: ActionTaken

┌─ COMMAND: DealCommunityCards (RIVER)
└─ EVENT: CommunityCardsDealt
   Board: [J♠ Q♥ 3♠ J♣ 7♣]

--- RIVER ---

┌─ COMMAND: PlayerAction
│  Hank: CHECK
└─ EVENT: ActionTaken

┌─ COMMAND: PlayerAction
│  Alice: BET $60
└─ EVENT: ActionTaken

┌─ COMMAND: PlayerAction
│  Eve: CALL $60
└─ EVENT: ActionTaken

┌─ COMMAND: PlayerAction
│  Grace: CALL $60
└─ EVENT: ActionTaken

┌─ COMMAND: PlayerAction
│  Hank: CALL $60
└─ EVENT: ActionTaken

   Grace wins $892

┌─ COMMAND: AwardPot
│  Grace: $892
└─ EVENT: PotAwarded

============================================================
HAND #51 - Dealer: Hank
============================================================

┌─ COMMAND: DealCards
│  hand: #51, dealer: seat 7
└─ EVENT: CardsDealt
   Alice: [4♥ 7♦] ($1,777)
   Eve: [2♠ 9♥] ($492)
   Grace: [J♥ A♣] ($4,645)
   Hank: [Q♣ Q♠] ($2,086)

┌─ COMMAND: PostBlind (small)
│  Alice: $5
└─ EVENT: BlindPosted

┌─ COMMAND: PostBlind (big)
│  Eve: $10
└─ EVENT: BlindPosted

--- PREFLOP ---

┌─ COMMAND: PlayerAction
│  Grace: CALL $10
└─ EVENT: ActionTaken

┌─ COMMAND: PlayerAction
│  Hank: CALL $10
└─ EVENT: ActionTaken

┌─ COMMAND: PlayerAction
│  Alice: RAISE $58
└─ EVENT: ActionTaken

┌─ COMMAND: PlayerAction
│  Eve: CALL $48
└─ EVENT: ActionTaken

┌─ COMMAND: PlayerAction
│  Grace: CALL $48
└─ EVENT: ActionTaken

┌─ COMMAND: PlayerAction
│  Hank: CALL $48
└─ EVENT: ActionTaken

┌─ COMMAND: DealCommunityCards (FLOP)
└─ EVENT: CommunityCardsDealt
   Board: [5♣ 8♦ Q♦]

--- FLOP ---

┌─ COMMAND: PlayerAction
│  Alice: BET $57
└─ EVENT: ActionTaken

┌─ COMMAND: PlayerAction
│  Eve: CALL $57
└─ EVENT: ActionTaken

┌─ COMMAND: PlayerAction
│  Grace: CALL $57
└─ EVENT: ActionTaken

┌─ COMMAND: PlayerAction
│  Hank: CALL $57
└─ EVENT: ActionTaken

┌─ COMMAND: DealCommunityCards (TURN)
└─ EVENT: CommunityCardsDealt
   Board: [5♣ 8♦ Q♦ K♠]

--- TURN ---

┌─ COMMAND: PlayerAction
│  Alice: BET $59
└─ EVENT: ActionTaken

┌─ COMMAND: PlayerAction
│  Eve: CALL $59
└─ EVENT: ActionTaken

┌─ COMMAND: PlayerAction
│  Grace: CALL $59
└─ EVENT: ActionTaken

┌─ COMMAND: PlayerAction
│  Hank: CALL $59
└─ EVENT: ActionTaken

┌─ COMMAND: DealCommunityCards (RIVER)
└─ EVENT: CommunityCardsDealt
   Board: [5♣ 8♦ Q♦ K♠ 6♥]

--- RIVER ---

┌─ COMMAND: PlayerAction
│  Alice: BET $56
└─ EVENT: ActionTaken

┌─ COMMAND: PlayerAction
│  Eve: CALL $56
└─ EVENT: ActionTaken

┌─ COMMAND: PlayerAction
│  Grace: CALL $56
└─ EVENT: ActionTaken

┌─ COMMAND: PlayerAction
│  Hank: CALL $56
└─ EVENT: ActionTaken

   Hank wins $920

┌─ COMMAND: AwardPot
│  Hank: $920
└─ EVENT: PotAwarded

============================================================
HAND #52 - Dealer: Alice
============================================================

┌─ COMMAND: DealCards
│  hand: #52, dealer: seat 0
└─ EVENT: CardsDealt
   Alice: [J♠ K♠] ($1,547)
   Eve: [5♦ A♦] ($262)
   Grace: [7♣ 4♦] ($4,415)
   Hank: [5♣ Q♠] ($2,776)

┌─ COMMAND: PostBlind (small)
│  Eve: $5
└─ EVENT: BlindPosted

┌─ COMMAND: PostBlind (big)
│  Grace: $10
└─ EVENT: BlindPosted

--- PREFLOP ---

┌─ COMMAND: PlayerAction
│  Hank: RAISE $59
└─ EVENT: ActionTaken

┌─ COMMAND: PlayerAction
│  Alice: CALL $59
└─ EVENT: ActionTaken

┌─ COMMAND: PlayerAction
│  Eve: CALL $54
└─ EVENT: ActionTaken

┌─ COMMAND: PlayerAction
│  Grace: CALL $49
└─ EVENT: ActionTaken

┌─ COMMAND: DealCommunityCards (FLOP)
└─ EVENT: CommunityCardsDealt
   Board: [T♦ 9♣ 3♥]

--- FLOP ---

┌─ COMMAND: PlayerAction
│  Eve: BET $51
└─ EVENT: ActionTaken

┌─ COMMAND: PlayerAction
│  Grace: CALL $51
└─ EVENT: ActionTaken

┌─ COMMAND: PlayerAction
│  Hank: CALL $51
└─ EVENT: ActionTaken

┌─ COMMAND: PlayerAction
│  Alice: CALL $51
└─ EVENT: ActionTaken

┌─ COMMAND: DealCommunityCards (TURN)
└─ EVENT: CommunityCardsDealt
   Board: [T♦ 9♣ 3♥ T♠]

--- TURN ---

┌─ COMMAND: PlayerAction
│  Eve: CHECK
└─ EVENT: ActionTaken

┌─ COMMAND: PlayerAction
│  Grace: BET $51
└─ EVENT: ActionTaken

┌─ COMMAND: PlayerAction
│  Hank: CALL $51
└─ EVENT: ActionTaken

┌─ COMMAND: PlayerAction
│  Alice: CALL $51
└─ EVENT: ActionTaken

┌─ COMMAND: PlayerAction
│  Eve: CALL $51
└─ EVENT: ActionTaken

┌─ COMMAND: DealCommunityCards (RIVER)
└─ EVENT: CommunityCardsDealt
   Board: [T♦ 9♣ 3♥ T♠ 5♠]

--- RIVER ---

┌─ COMMAND: PlayerAction
│  Eve: CHECK
└─ EVENT: ActionTaken

┌─ COMMAND: PlayerAction
│  Grace: BET $41
└─ EVENT: ActionTaken

┌─ COMMAND: PlayerAction
│  Hank: CALL $41
└─ EVENT: ActionTaken

┌─ COMMAND: PlayerAction
│  Alice: CALL $41
└─ EVENT: ActionTaken

┌─ COMMAND: PlayerAction
│  Eve: CALL $41
└─ EVENT: ActionTaken

   Alice wins $808

┌─ COMMAND: AwardPot
│  Alice: $808
└─ EVENT: PotAwarded

============================================================
HAND #53 - Dealer: Eve
============================================================

┌─ COMMAND: DealCards
│  hand: #53, dealer: seat 4
└─ EVENT: CardsDealt
   Alice: [9♥ 8♥] ($2,153)
   Eve: [3♦ 7♥] ($60)
   Grace: [4♦ A♦] ($4,213)
   Hank: [2♦ J♣] ($2,574)

┌─ COMMAND: PostBlind (small)
│  Grace: $5
└─ EVENT: BlindPosted

┌─ COMMAND: PostBlind (big)
│  Hank: $10
└─ EVENT: BlindPosted

--- PREFLOP ---

┌─ COMMAND: PlayerAction
│  Alice: CALL $10
└─ EVENT: ActionTaken

┌─ COMMAND: PlayerAction
│  Eve: CALL $10
└─ EVENT: ActionTaken

┌─ COMMAND: PlayerAction
│  Grace: RAISE $51
└─ EVENT: ActionTaken

┌─ COMMAND: PlayerAction
│  Hank: CALL $41
└─ EVENT: ActionTaken

┌─ COMMAND: PlayerAction
│  Alice: CALL $41
└─ EVENT: ActionTaken

┌─ COMMAND: PlayerAction
│  Eve: CALL $41
└─ EVENT: ActionTaken

┌─ COMMAND: DealCommunityCards (FLOP)
└─ EVENT: CommunityCardsDealt
   Board: [5♦ 6♠ 7♠]

--- FLOP ---

┌─ COMMAND: PlayerAction
│  Grace: CHECK
└─ EVENT: ActionTaken

┌─ COMMAND: PlayerAction
│  Hank: BET $57
└─ EVENT: ActionTaken

┌─ COMMAND: PlayerAction
│  Alice: CALL $57
└─ EVENT: ActionTaken

┌─ COMMAND: PlayerAction
│  Grace: CALL $57
└─ EVENT: ActionTaken

┌─ COMMAND: DealCommunityCards (TURN)
└─ EVENT: CommunityCardsDealt
   Board: [5♦ 6♠ 7♠ 3♥]

--- TURN ---

┌─ COMMAND: PlayerAction
│  Grace: CHECK
└─ EVENT: ActionTaken

┌─ COMMAND: PlayerAction
│  Hank: CHECK
└─ EVENT: ActionTaken

┌─ COMMAND: PlayerAction
│  Alice: BET $61
└─ EVENT: ActionTaken

┌─ COMMAND: PlayerAction
│  Grace: CALL $61
└─ EVENT: ActionTaken

┌─ COMMAND: PlayerAction
│  Hank: CALL $61
└─ EVENT: ActionTaken

┌─ COMMAND: DealCommunityCards (RIVER)
└─ EVENT: CommunityCardsDealt
   Board: [5♦ 6♠ 7♠ 3♥ 7♦]

--- RIVER ---

┌─ COMMAND: PlayerAction
│  Grace: CHECK
└─ EVENT: ActionTaken

┌─ COMMAND: PlayerAction
│  Hank: BET $58
└─ EVENT: ActionTaken

┌─ COMMAND: PlayerAction
│  Alice: CALL $58
└─ EVENT: ActionTaken

┌─ COMMAND: PlayerAction
│  Grace: CALL $58
└─ EVENT: ActionTaken

   Grace wins $732

┌─ COMMAND: AwardPot
│  Grace: $732
└─ EVENT: PotAwarded

============================================================
HAND #54 - Dealer: Grace
============================================================

┌─ COMMAND: DealCards
│  hand: #54, dealer: seat 6
└─ EVENT: CardsDealt
   Alice: [7♥ 4♣] ($1,926)
   Eve: [5♠ 6♠] ($9)
   Grace: [6♥ 2♦] ($4,718)
   Hank: [J♥ A♠] ($2,347)

┌─ COMMAND: PostBlind (small)
│  Hank: $5
└─ EVENT: BlindPosted

┌─ COMMAND: PostBlind (big)
│  Alice: $10
└─ EVENT: BlindPosted

--- PREFLOP ---

┌─ COMMAND: PlayerAction
│  Eve: CALL $9
└─ EVENT: ActionTaken

┌─ COMMAND: PlayerAction
│  Grace: CALL $10
└─ EVENT: ActionTaken

┌─ COMMAND: PlayerAction
│  Hank: CALL $5
└─ EVENT: ActionTaken

┌─ COMMAND: PlayerAction
│  Alice: RAISE $59
└─ EVENT: ActionTaken

┌─ COMMAND: PlayerAction
│  Grace: CALL $49
└─ EVENT: ActionTaken

┌─ COMMAND: PlayerAction
│  Hank: CALL $49
└─ EVENT: ActionTaken

┌─ COMMAND: DealCommunityCards (FLOP)
└─ EVENT: CommunityCardsDealt
   Board: [7♦ 4♦ Q♠]

--- FLOP ---

┌─ COMMAND: PlayerAction
│  Hank: BET $61
└─ EVENT: ActionTaken

┌─ COMMAND: PlayerAction
│  Alice: CALL $61
└─ EVENT: ActionTaken

┌─ COMMAND: PlayerAction
│  Grace: CALL $61
└─ EVENT: ActionTaken

┌─ COMMAND: DealCommunityCards (TURN)
└─ EVENT: CommunityCardsDealt
   Board: [7♦ 4♦ Q♠ J♦]

--- TURN ---

┌─ COMMAND: PlayerAction
│  Hank: CHECK
└─ EVENT: ActionTaken

┌─ COMMAND: PlayerAction
│  Alice: BET $61
└─ EVENT: ActionTaken

┌─ COMMAND: PlayerAction
│  Grace: CALL $61
└─ EVENT: ActionTaken

┌─ COMMAND: PlayerAction
│  Hank: CALL $61
└─ EVENT: ActionTaken

┌─ COMMAND: DealCommunityCards (RIVER)
└─ EVENT: CommunityCardsDealt
   Board: [7♦ 4♦ Q♠ J♦ 7♣]

--- RIVER ---

┌─ COMMAND: PlayerAction
│  Hank: CHECK
└─ EVENT: ActionTaken

┌─ COMMAND: PlayerAction
│  Alice: BET $61
└─ EVENT: ActionTaken

┌─ COMMAND: PlayerAction
│  Grace: CALL $61
└─ EVENT: ActionTaken

┌─ COMMAND: PlayerAction
│  Hank: CALL $61
└─ EVENT: ActionTaken

   Grace wins $735

┌─ COMMAND: AwardPot
│  Grace: $735
└─ EVENT: PotAwarded

   [Eve eliminated - no chips]

============================================================
HAND #55 - Dealer: Hank
============================================================

┌─ COMMAND: DealCards
│  hand: #55, dealer: seat 7
└─ EVENT: CardsDealt
   Alice: [J♣ 7♦] ($1,684)
   Grace: [3♦ Q♦] ($5,211)
   Hank: [8♥ 9♠] ($2,105)

┌─ COMMAND: PostBlind (small)
│  Alice: $5
└─ EVENT: BlindPosted

┌─ COMMAND: PostBlind (big)
│  Grace: $10
└─ EVENT: BlindPosted

--- PREFLOP ---

┌─ COMMAND: PlayerAction
│  Hank: RAISE $59
└─ EVENT: ActionTaken

┌─ COMMAND: PlayerAction
│  Alice: CALL $54
└─ EVENT: ActionTaken

┌─ COMMAND: PlayerAction
│  Grace: CALL $49
└─ EVENT: ActionTaken

┌─ COMMAND: DealCommunityCards (FLOP)
└─ EVENT: CommunityCardsDealt
   Board: [T♣ T♥ 3♠]

--- FLOP ---

┌─ COMMAND: PlayerAction
│  Alice: BET $58
└─ EVENT: ActionTaken

┌─ COMMAND: PlayerAction
│  Grace: CALL $58
└─ EVENT: ActionTaken

┌─ COMMAND: PlayerAction
│  Hank: CALL $58
└─ EVENT: ActionTaken

┌─ COMMAND: DealCommunityCards (TURN)
└─ EVENT: CommunityCardsDealt
   Board: [T♣ T♥ 3♠ 2♥]

--- TURN ---

┌─ COMMAND: PlayerAction
│  Alice: BET $66
└─ EVENT: ActionTaken

┌─ COMMAND: PlayerAction
│  Grace: CALL $66
└─ EVENT: ActionTaken

┌─ COMMAND: PlayerAction
│  Hank: CALL $66
└─ EVENT: ActionTaken

┌─ COMMAND: DealCommunityCards (RIVER)
└─ EVENT: CommunityCardsDealt
   Board: [T♣ T♥ 3♠ 2♥ J♥]

--- RIVER ---

┌─ COMMAND: PlayerAction
│  Alice: BET $63
└─ EVENT: ActionTaken

┌─ COMMAND: PlayerAction
│  Grace: CALL $63
└─ EVENT: ActionTaken

┌─ COMMAND: PlayerAction
│  Hank: CALL $63
└─ EVENT: ActionTaken

   Grace wins $738

┌─ COMMAND: AwardPot
│  Grace: $738
└─ EVENT: PotAwarded

============================================================
HAND #56 - Dealer: Alice
============================================================

┌─ COMMAND: DealCards
│  hand: #56, dealer: seat 0
└─ EVENT: CardsDealt
   Alice: [2♣ 7♦] ($1,438)
   Grace: [A♥ 3♣] ($5,703)
   Hank: [6♦ Q♦] ($1,859)

┌─ COMMAND: PostBlind (small)
│  Grace: $5
└─ EVENT: BlindPosted

┌─ COMMAND: PostBlind (big)
│  Hank: $10
└─ EVENT: BlindPosted

--- PREFLOP ---

┌─ COMMAND: PlayerAction
│  Alice: RAISE $61
└─ EVENT: ActionTaken

┌─ COMMAND: PlayerAction
│  Grace: CALL $56
└─ EVENT: ActionTaken

┌─ COMMAND: PlayerAction
│  Hank: CALL $51
└─ EVENT: ActionTaken

┌─ COMMAND: DealCommunityCards (FLOP)
└─ EVENT: CommunityCardsDealt
   Board: [8♣ A♠ A♦]

--- FLOP ---

┌─ COMMAND: PlayerAction
│  Grace: CHECK
└─ EVENT: ActionTaken

┌─ COMMAND: PlayerAction
│  Hank: CHECK
└─ EVENT: ActionTaken

┌─ COMMAND: PlayerAction
│  Alice: BET $54
└─ EVENT: ActionTaken

┌─ COMMAND: PlayerAction
│  Grace: CALL $54
└─ EVENT: ActionTaken

┌─ COMMAND: PlayerAction
│  Hank: CALL $54
└─ EVENT: ActionTaken

┌─ COMMAND: DealCommunityCards (TURN)
└─ EVENT: CommunityCardsDealt
   Board: [8♣ A♠ A♦ T♣]

--- TURN ---

┌─ COMMAND: PlayerAction
│  Grace: BET $46
└─ EVENT: ActionTaken

┌─ COMMAND: PlayerAction
│  Hank: CALL $46
└─ EVENT: ActionTaken

┌─ COMMAND: PlayerAction
│  Alice: CALL $46
└─ EVENT: ActionTaken

┌─ COMMAND: DealCommunityCards (RIVER)
└─ EVENT: CommunityCardsDealt
   Board: [8♣ A♠ A♦ T♣ A♣]

--- RIVER ---

┌─ COMMAND: PlayerAction
│  Grace: CHECK
└─ EVENT: ActionTaken

┌─ COMMAND: PlayerAction
│  Hank: CHECK
└─ EVENT: ActionTaken

┌─ COMMAND: PlayerAction
│  Alice: BET $56
└─ EVENT: ActionTaken

┌─ COMMAND: PlayerAction
│  Grace: CALL $56
└─ EVENT: ActionTaken

┌─ COMMAND: PlayerAction
│  Hank: CALL $56
└─ EVENT: ActionTaken

   Hank wins $651

┌─ COMMAND: AwardPot
│  Hank: $651
└─ EVENT: PotAwarded

============================================================
HAND #57 - Dealer: Grace
============================================================

┌─ COMMAND: DealCards
│  hand: #57, dealer: seat 6
└─ EVENT: CardsDealt
   Alice: [4♣ 4♦] ($1,221)
   Grace: [2♦ T♥] ($5,486)
   Hank: [J♣ T♦] ($2,293)

┌─ COMMAND: PostBlind (small)
│  Hank: $5
└─ EVENT: BlindPosted

┌─ COMMAND: PostBlind (big)
│  Alice: $10
└─ EVENT: BlindPosted

--- PREFLOP ---

┌─ COMMAND: PlayerAction
│  Grace: RAISE $49
└─ EVENT: ActionTaken

┌─ COMMAND: PlayerAction
│  Hank: CALL $44
└─ EVENT: ActionTaken

┌─ COMMAND: PlayerAction
│  Alice: CALL $39
└─ EVENT: ActionTaken

┌─ COMMAND: DealCommunityCards (FLOP)
└─ EVENT: CommunityCardsDealt
   Board: [K♥ 7♠ A♠]

--- FLOP ---

┌─ COMMAND: PlayerAction
│  Hank: BET $58
└─ EVENT: ActionTaken

┌─ COMMAND: PlayerAction
│  Alice: CALL $58
└─ EVENT: ActionTaken

┌─ COMMAND: PlayerAction
│  Grace: CALL $58
└─ EVENT: ActionTaken

┌─ COMMAND: DealCommunityCards (TURN)
└─ EVENT: CommunityCardsDealt
   Board: [K♥ 7♠ A♠ T♠]

--- TURN ---

┌─ COMMAND: PlayerAction
│  Hank: CHECK
└─ EVENT: ActionTaken

┌─ COMMAND: PlayerAction
│  Alice: BET $58
└─ EVENT: ActionTaken

┌─ COMMAND: PlayerAction
│  Grace: CALL $58
└─ EVENT: ActionTaken

┌─ COMMAND: PlayerAction
│  Hank: CALL $58
└─ EVENT: ActionTaken

┌─ COMMAND: DealCommunityCards (RIVER)
└─ EVENT: CommunityCardsDealt
   Board: [K♥ 7♠ A♠ T♠ 6♥]

--- RIVER ---

┌─ COMMAND: PlayerAction
│  Hank: CHECK
└─ EVENT: ActionTaken

┌─ COMMAND: PlayerAction
│  Alice: BET $57
└─ EVENT: ActionTaken

┌─ COMMAND: PlayerAction
│  Grace: CALL $57
└─ EVENT: ActionTaken

┌─ COMMAND: PlayerAction
│  Hank: CALL $57
└─ EVENT: ActionTaken

   Grace wins $666

┌─ COMMAND: AwardPot
│  Grace: $666
└─ EVENT: PotAwarded

============================================================
HAND #58 - Dealer: Hank
============================================================

┌─ COMMAND: DealCards
│  hand: #58, dealer: seat 7
└─ EVENT: CardsDealt
   Alice: [4♣ 8♥] ($999)
   Grace: [2♥ K♠] ($5,930)
   Hank: [3♥ 3♣] ($2,071)

┌─ COMMAND: PostBlind (small)
│  Alice: $5
└─ EVENT: BlindPosted

┌─ COMMAND: PostBlind (big)
│  Grace: $10
└─ EVENT: BlindPosted

--- PREFLOP ---

┌─ COMMAND: PlayerAction
│  Hank: CALL $10
└─ EVENT: ActionTaken

┌─ COMMAND: PlayerAction
│  Alice: CALL $5
└─ EVENT: ActionTaken

┌─ COMMAND: PlayerAction
│  Grace: RAISE $49
└─ EVENT: ActionTaken

┌─ COMMAND: PlayerAction
│  Hank: CALL $39
└─ EVENT: ActionTaken

┌─ COMMAND: PlayerAction
│  Alice: CALL $39
└─ EVENT: ActionTaken

┌─ COMMAND: DealCommunityCards (FLOP)
└─ EVENT: CommunityCardsDealt
   Board: [J♣ K♣ T♦]

--- FLOP ---

┌─ COMMAND: PlayerAction
│  Alice: BET $55
└─ EVENT: ActionTaken

┌─ COMMAND: PlayerAction
│  Grace: CALL $55
└─ EVENT: ActionTaken

┌─ COMMAND: PlayerAction
│  Hank: CALL $55
└─ EVENT: ActionTaken

┌─ COMMAND: DealCommunityCards (TURN)
└─ EVENT: CommunityCardsDealt
   Board: [J♣ K♣ T♦ Q♦]

--- TURN ---

┌─ COMMAND: PlayerAction
│  Alice: BET $58
└─ EVENT: ActionTaken

┌─ COMMAND: PlayerAction
│  Grace: CALL $58
└─ EVENT: ActionTaken

┌─ COMMAND: PlayerAction
│  Hank: CALL $58
└─ EVENT: ActionTaken

┌─ COMMAND: DealCommunityCards (RIVER)
└─ EVENT: CommunityCardsDealt
   Board: [J♣ K♣ T♦ Q♦ 4♥]

--- RIVER ---

┌─ COMMAND: PlayerAction
│  Alice: BET $55
└─ EVENT: ActionTaken

┌─ COMMAND: PlayerAction
│  Grace: CALL $55
└─ EVENT: ActionTaken

┌─ COMMAND: PlayerAction
│  Hank: CALL $55
└─ EVENT: ActionTaken

   Grace wins $651

┌─ COMMAND: AwardPot
│  Grace: $651
└─ EVENT: PotAwarded

============================================================
HAND #59 - Dealer: Alice
============================================================

┌─ COMMAND: DealCards
│  hand: #59, dealer: seat 0
└─ EVENT: CardsDealt
   Alice: [Q♠ J♥] ($782)
   Grace: [K♣ 8♦] ($6,364)
   Hank: [A♥ 6♣] ($1,854)

┌─ COMMAND: PostBlind (small)
│  Grace: $5
└─ EVENT: BlindPosted

┌─ COMMAND: PostBlind (big)
│  Hank: $10
└─ EVENT: BlindPosted

--- PREFLOP ---

┌─ COMMAND: PlayerAction
│  Alice: RAISE $60
└─ EVENT: ActionTaken

┌─ COMMAND: PlayerAction
│  Grace: CALL $55
└─ EVENT: ActionTaken

┌─ COMMAND: PlayerAction
│  Hank: CALL $50
└─ EVENT: ActionTaken

┌─ COMMAND: DealCommunityCards (FLOP)
└─ EVENT: CommunityCardsDealt
   Board: [2♥ 4♦ Q♣]

--- FLOP ---

┌─ COMMAND: PlayerAction
│  Grace: BET $47
└─ EVENT: ActionTaken

┌─ COMMAND: PlayerAction
│  Hank: CALL $47
└─ EVENT: ActionTaken

┌─ COMMAND: PlayerAction
│  Alice: CALL $47
└─ EVENT: ActionTaken

┌─ COMMAND: DealCommunityCards (TURN)
└─ EVENT: CommunityCardsDealt
   Board: [2♥ 4♦ Q♣ 9♦]

--- TURN ---

┌─ COMMAND: PlayerAction
│  Grace: BET $45
└─ EVENT: ActionTaken

┌─ COMMAND: PlayerAction
│  Hank: CALL $45
└─ EVENT: ActionTaken

┌─ COMMAND: PlayerAction
│  Alice: CALL $45
└─ EVENT: ActionTaken

┌─ COMMAND: DealCommunityCards (RIVER)
└─ EVENT: CommunityCardsDealt
   Board: [2♥ 4♦ Q♣ 9♦ T♠]

--- RIVER ---

┌─ COMMAND: PlayerAction
│  Grace: CHECK
└─ EVENT: ActionTaken

┌─ COMMAND: PlayerAction
│  Hank: CHECK
└─ EVENT: ActionTaken

┌─ COMMAND: PlayerAction
│  Alice: BET $58
└─ EVENT: ActionTaken

┌─ COMMAND: PlayerAction
│  Grace: CALL $58
└─ EVENT: ActionTaken

┌─ COMMAND: PlayerAction
│  Hank: CALL $58
└─ EVENT: ActionTaken

   Grace wins $630

┌─ COMMAND: AwardPot
│  Grace: $630
└─ EVENT: PotAwarded

============================================================
HAND #60 - Dealer: Grace
============================================================

┌─ COMMAND: DealCards
│  hand: #60, dealer: seat 6
└─ EVENT: CardsDealt
   Alice: [3♣ 7♥] ($572)
   Grace: [T♣ 8♦] ($6,784)
   Hank: [5♦ 3♥] ($1,644)

┌─ COMMAND: PostBlind (small)
│  Hank: $5
└─ EVENT: BlindPosted

┌─ COMMAND: PostBlind (big)
│  Alice: $10
└─ EVENT: BlindPosted

--- PREFLOP ---

┌─ COMMAND: PlayerAction
│  Grace: RAISE $47
└─ EVENT: ActionTaken

┌─ COMMAND: PlayerAction
│  Hank: CALL $42
└─ EVENT: ActionTaken

┌─ COMMAND: PlayerAction
│  Alice: CALL $37
└─ EVENT: ActionTaken

┌─ COMMAND: DealCommunityCards (FLOP)
└─ EVENT: CommunityCardsDealt
   Board: [4♥ T♥ 9♣]

--- FLOP ---

┌─ COMMAND: PlayerAction
│  Hank: CHECK
└─ EVENT: ActionTaken

┌─ COMMAND: PlayerAction
│  Alice: BET $59
└─ EVENT: ActionTaken

┌─ COMMAND: PlayerAction
│  Grace: CALL $59
└─ EVENT: ActionTaken

┌─ COMMAND: PlayerAction
│  Hank: CALL $59
└─ EVENT: ActionTaken

┌─ COMMAND: DealCommunityCards (TURN)
└─ EVENT: CommunityCardsDealt
   Board: [4♥ T♥ 9♣ 2♥]

--- TURN ---

┌─ COMMAND: PlayerAction
│  Hank: CHECK
└─ EVENT: ActionTaken

┌─ COMMAND: PlayerAction
│  Alice: BET $61
└─ EVENT: ActionTaken

┌─ COMMAND: PlayerAction
│  Grace: CALL $61
└─ EVENT: ActionTaken

┌─ COMMAND: PlayerAction
│  Hank: CALL $61
└─ EVENT: ActionTaken

┌─ COMMAND: DealCommunityCards (RIVER)
└─ EVENT: CommunityCardsDealt
   Board: [4♥ T♥ 9♣ 2♥ A♣]

--- RIVER ---

┌─ COMMAND: PlayerAction
│  Hank: CHECK
└─ EVENT: ActionTaken

┌─ COMMAND: PlayerAction
│  Alice: BET $58
└─ EVENT: ActionTaken

┌─ COMMAND: PlayerAction
│  Grace: CALL $58
└─ EVENT: ActionTaken

┌─ COMMAND: PlayerAction
│  Hank: CALL $58
└─ EVENT: ActionTaken

   Hank wins $675

┌─ COMMAND: AwardPot
│  Hank: $675
└─ EVENT: PotAwarded

============================================================
HAND #61 - Dealer: Hank
============================================================

┌─ COMMAND: DealCards
│  hand: #61, dealer: seat 7
└─ EVENT: CardsDealt
   Alice: [8♣ A♥] ($347)
   Grace: [T♠ 6♥] ($6,559)
   Hank: [5♠ 4♠] ($2,094)

┌─ COMMAND: PostBlind (small)
│  Alice: $5
└─ EVENT: BlindPosted

┌─ COMMAND: PostBlind (big)
│  Grace: $10
└─ EVENT: BlindPosted

--- PREFLOP ---

┌─ COMMAND: PlayerAction
│  Hank: CALL $10
└─ EVENT: ActionTaken

┌─ COMMAND: PlayerAction
│  Alice: RAISE $58
└─ EVENT: ActionTaken

┌─ COMMAND: PlayerAction
│  Grace: CALL $48
└─ EVENT: ActionTaken

┌─ COMMAND: PlayerAction
│  Hank: CALL $48
└─ EVENT: ActionTaken

┌─ COMMAND: DealCommunityCards (FLOP)
└─ EVENT: CommunityCardsDealt
   Board: [7♠ 6♦ J♠]

--- FLOP ---

┌─ COMMAND: PlayerAction
│  Alice: CHECK
└─ EVENT: ActionTaken

┌─ COMMAND: PlayerAction
│  Grace: BET $46
└─ EVENT: ActionTaken

┌─ COMMAND: PlayerAction
│  Hank: CALL $46
└─ EVENT: ActionTaken

┌─ COMMAND: PlayerAction
│  Alice: CALL $46
└─ EVENT: ActionTaken

┌─ COMMAND: DealCommunityCards (TURN)
└─ EVENT: CommunityCardsDealt
   Board: [7♠ 6♦ J♠ A♦]

--- TURN ---

┌─ COMMAND: PlayerAction
│  Alice: BET $62
└─ EVENT: ActionTaken

┌─ COMMAND: PlayerAction
│  Grace: CALL $62
└─ EVENT: ActionTaken

┌─ COMMAND: PlayerAction
│  Hank: CALL $62
└─ EVENT: ActionTaken

┌─ COMMAND: DealCommunityCards (RIVER)
└─ EVENT: CommunityCardsDealt
   Board: [7♠ 6♦ J♠ A♦ 2♠]

--- RIVER ---

┌─ COMMAND: PlayerAction
│  Alice: CHECK
└─ EVENT: ActionTaken

┌─ COMMAND: PlayerAction
│  Grace: BET $48
└─ EVENT: ActionTaken

┌─ COMMAND: PlayerAction
│  Hank: CALL $48
└─ EVENT: ActionTaken

┌─ COMMAND: PlayerAction
│  Alice: CALL $48
└─ EVENT: ActionTaken

   Grace wins $642

┌─ COMMAND: AwardPot
│  Grace: $642
└─ EVENT: PotAwarded

============================================================
HAND #62 - Dealer: Alice
============================================================

┌─ COMMAND: DealCards
│  hand: #62, dealer: seat 0
└─ EVENT: CardsDealt
   Alice: [6♣ 9♣] ($133)
   Grace: [8♣ 8♠] ($6,987)
   Hank: [8♥ 5♣] ($1,880)

┌─ COMMAND: PostBlind (small)
│  Grace: $5
└─ EVENT: BlindPosted

┌─ COMMAND: PostBlind (big)
│  Hank: $10
└─ EVENT: BlindPosted

--- PREFLOP ---

┌─ COMMAND: PlayerAction
│  Alice: RAISE $60
└─ EVENT: ActionTaken

┌─ COMMAND: PlayerAction
│  Grace: CALL $55
└─ EVENT: ActionTaken

┌─ COMMAND: PlayerAction
│  Hank: CALL $50
└─ EVENT: ActionTaken

┌─ COMMAND: DealCommunityCards (FLOP)
└─ EVENT: CommunityCardsDealt
   Board: [T♣ J♠ 7♣]

--- FLOP ---

┌─ COMMAND: PlayerAction
│  Grace: BET $44
└─ EVENT: ActionTaken

┌─ COMMAND: PlayerAction
│  Hank: CALL $44
└─ EVENT: ActionTaken

┌─ COMMAND: PlayerAction
│  Alice: CALL $44
└─ EVENT: ActionTaken

┌─ COMMAND: DealCommunityCards (TURN)
└─ EVENT: CommunityCardsDealt
   Board: [T♣ J♠ 7♣ 7♠]

--- TURN ---

┌─ COMMAND: PlayerAction
│  Grace: BET $49
└─ EVENT: ActionTaken

┌─ COMMAND: PlayerAction
│  Hank: CALL $49
└─ EVENT: ActionTaken

┌─ COMMAND: PlayerAction
│  Alice: FOLD
└─ EVENT: ActionTaken

┌─ COMMAND: DealCommunityCards (RIVER)
└─ EVENT: CommunityCardsDealt
   Board: [T♣ J♠ 7♣ 7♠ 6♦]

--- RIVER ---

┌─ COMMAND: PlayerAction
│  Grace: CHECK
└─ EVENT: ActionTaken

┌─ COMMAND: PlayerAction
│  Hank: BET $61
└─ EVENT: ActionTaken

┌─ COMMAND: PlayerAction
│  Grace: CALL $61
└─ EVENT: ActionTaken

   Grace wins $532

┌─ COMMAND: AwardPot
│  Grace: $532
└─ EVENT: PotAwarded

============================================================
HAND #63 - Dealer: Grace
============================================================

┌─ COMMAND: DealCards
│  hand: #63, dealer: seat 6
└─ EVENT: CardsDealt
   Alice: [T♠ K♠] ($29)
   Grace: [8♣ 7♦] ($7,305)
   Hank: [5♦ 4♦] ($1,666)

┌─ COMMAND: PostBlind (small)
│  Hank: $5
└─ EVENT: BlindPosted

┌─ COMMAND: PostBlind (big)
│  Alice: $10
└─ EVENT: BlindPosted

--- PREFLOP ---

┌─ COMMAND: PlayerAction
│  Grace: CALL $10
└─ EVENT: ActionTaken

┌─ COMMAND: PlayerAction
│  Hank: RAISE $59
└─ EVENT: ActionTaken

┌─ COMMAND: PlayerAction
│  Alice: FOLD
└─ EVENT: ActionTaken

┌─ COMMAND: PlayerAction
│  Grace: CALL $49
└─ EVENT: ActionTaken

┌─ COMMAND: DealCommunityCards (FLOP)
└─ EVENT: CommunityCardsDealt
   Board: [Q♥ K♣ J♦]

--- FLOP ---

┌─ COMMAND: PlayerAction
│  Hank: BET $58
└─ EVENT: ActionTaken

┌─ COMMAND: PlayerAction
│  Grace: CALL $58
└─ EVENT: ActionTaken

┌─ COMMAND: DealCommunityCards (TURN)
└─ EVENT: CommunityCardsDealt
   Board: [Q♥ K♣ J♦ 2♣]

--- TURN ---

┌─ COMMAND: PlayerAction
│  Hank: CHECK
└─ EVENT: ActionTaken

┌─ COMMAND: PlayerAction
│  Grace: BET $47
└─ EVENT: ActionTaken

┌─ COMMAND: PlayerAction
│  Hank: CALL $47
└─ EVENT: ActionTaken

┌─ COMMAND: DealCommunityCards (RIVER)
└─ EVENT: CommunityCardsDealt
   Board: [Q♥ K♣ J♦ 2♣ 3♦]

--- RIVER ---

┌─ COMMAND: PlayerAction
│  Hank: CHECK
└─ EVENT: ActionTaken

┌─ COMMAND: PlayerAction
│  Grace: CHECK
└─ EVENT: ActionTaken

   Hank wins $338

┌─ COMMAND: AwardPot
│  Hank: $338
└─ EVENT: PotAwarded

============================================================
HAND #64 - Dealer: Hank
============================================================

┌─ COMMAND: DealCards
│  hand: #64, dealer: seat 7
└─ EVENT: CardsDealt
   Alice: [6♦ 2♦] ($19)
   Grace: [6♥ 2♠] ($7,141)
   Hank: [Q♥ 8♣] ($1,840)

┌─ COMMAND: PostBlind (small)
│  Alice: $5
└─ EVENT: BlindPosted

┌─ COMMAND: PostBlind (big)
│  Grace: $10
└─ EVENT: BlindPosted

--- PREFLOP ---

┌─ COMMAND: PlayerAction
│  Hank: RAISE $60
└─ EVENT: ActionTaken

┌─ COMMAND: PlayerAction
│  Alice: FOLD
└─ EVENT: ActionTaken

┌─ COMMAND: PlayerAction
│  Grace: CALL $50
└─ EVENT: ActionTaken

┌─ COMMAND: DealCommunityCards (FLOP)
└─ EVENT: CommunityCardsDealt
   Board: [8♠ 7♥ 2♣]

--- FLOP ---

┌─ COMMAND: PlayerAction
│  Grace: CHECK
└─ EVENT: ActionTaken

┌─ COMMAND: PlayerAction
│  Hank: CHECK
└─ EVENT: ActionTaken

┌─ COMMAND: DealCommunityCards (TURN)
└─ EVENT: CommunityCardsDealt
   Board: [8♠ 7♥ 2♣ A♦]

--- TURN ---

┌─ COMMAND: PlayerAction
│  Grace: BET $46
└─ EVENT: ActionTaken

┌─ COMMAND: PlayerAction
│  Hank: CALL $46
└─ EVENT: ActionTaken

┌─ COMMAND: DealCommunityCards (RIVER)
└─ EVENT: CommunityCardsDealt
   Board: [8♠ 7♥ 2♣ A♦ 3♥]

--- RIVER ---

┌─ COMMAND: PlayerAction
│  Grace: CHECK
└─ EVENT: ActionTaken

┌─ COMMAND: PlayerAction
│  Hank: CHECK
└─ EVENT: ActionTaken

   Hank wins $217

┌─ COMMAND: AwardPot
│  Hank: $217
└─ EVENT: PotAwarded

============================================================
HAND #65 - Dealer: Alice
============================================================

┌─ COMMAND: DealCards
│  hand: #65, dealer: seat 0
└─ EVENT: CardsDealt
   Alice: [3♦ 3♣] ($14)
   Grace: [5♦ T♦] ($7,035)
   Hank: [3♥ A♠] ($1,951)

┌─ COMMAND: PostBlind (small)
│  Grace: $5
└─ EVENT: BlindPosted

┌─ COMMAND: PostBlind (big)
│  Hank: $10
└─ EVENT: BlindPosted

--- PREFLOP ---

┌─ COMMAND: PlayerAction
│  Alice: CALL $10
└─ EVENT: ActionTaken

┌─ COMMAND: PlayerAction
│  Grace: CALL $5
└─ EVENT: ActionTaken

┌─ COMMAND: PlayerAction
│  Hank: CHECK
└─ EVENT: ActionTaken

┌─ COMMAND: DealCommunityCards (FLOP)
└─ EVENT: CommunityCardsDealt
   Board: [T♠ 8♥ J♠]

--- FLOP ---

┌─ COMMAND: PlayerAction
│  Grace: CHECK
└─ EVENT: ActionTaken

┌─ COMMAND: PlayerAction
│  Hank: BET $59
└─ EVENT: ActionTaken

┌─ COMMAND: PlayerAction
│  Grace: CALL $59
└─ EVENT: ActionTaken

┌─ COMMAND: DealCommunityCards (TURN)
└─ EVENT: CommunityCardsDealt
   Board: [T♠ 8♥ J♠ 5♥]

--- TURN ---

┌─ COMMAND: PlayerAction
│  Grace: BET $48
└─ EVENT: ActionTaken

┌─ COMMAND: PlayerAction
│  Hank: CALL $48
└─ EVENT: ActionTaken

┌─ COMMAND: DealCommunityCards (RIVER)
└─ EVENT: CommunityCardsDealt
   Board: [T♠ 8♥ J♠ 5♥ 2♣]

--- RIVER ---

┌─ COMMAND: PlayerAction
│  Grace: CHECK
└─ EVENT: ActionTaken

┌─ COMMAND: PlayerAction
│  Hank: CHECK
└─ EVENT: ActionTaken

   Alice wins $244

┌─ COMMAND: AwardPot
│  Alice: $244
└─ EVENT: PotAwarded

============================================================
HAND #66 - Dealer: Grace
============================================================

┌─ COMMAND: DealCards
│  hand: #66, dealer: seat 6
└─ EVENT: CardsDealt
   Alice: [3♣ 5♣] ($248)
   Grace: [3♠ 4♥] ($6,918)
   Hank: [4♣ 5♦] ($1,834)

┌─ COMMAND: PostBlind (small)
│  Hank: $5
└─ EVENT: BlindPosted

┌─ COMMAND: PostBlind (big)
│  Alice: $10
└─ EVENT: BlindPosted

--- PREFLOP ---

┌─ COMMAND: PlayerAction
│  Grace: CALL $10
└─ EVENT: ActionTaken

┌─ COMMAND: PlayerAction
│  Hank: RAISE $61
└─ EVENT: ActionTaken

┌─ COMMAND: PlayerAction
│  Alice: CALL $51
└─ EVENT: ActionTaken

┌─ COMMAND: PlayerAction
│  Grace: CALL $51
└─ EVENT: ActionTaken

┌─ COMMAND: DealCommunityCards (FLOP)
└─ EVENT: CommunityCardsDealt
   Board: [Q♥ 2♥ T♣]

--- FLOP ---

┌─ COMMAND: PlayerAction
│  Hank: CHECK
└─ EVENT: ActionTaken

┌─ COMMAND: PlayerAction
│  Alice: BET $58
└─ EVENT: ActionTaken

┌─ COMMAND: PlayerAction
│  Grace: CALL $58
└─ EVENT: ActionTaken

┌─ COMMAND: PlayerAction
│  Hank: CALL $58
└─ EVENT: ActionTaken

┌─ COMMAND: DealCommunityCards (TURN)
└─ EVENT: CommunityCardsDealt
   Board: [Q♥ 2♥ T♣ 9♣]

--- TURN ---

┌─ COMMAND: PlayerAction
│  Hank: CHECK
└─ EVENT: ActionTaken

┌─ COMMAND: PlayerAction
│  Alice: BET $61
└─ EVENT: ActionTaken

┌─ COMMAND: PlayerAction
│  Grace: CALL $61
└─ EVENT: ActionTaken

┌─ COMMAND: PlayerAction
│  Hank: CALL $61
└─ EVENT: ActionTaken

┌─ COMMAND: DealCommunityCards (RIVER)
└─ EVENT: CommunityCardsDealt
   Board: [Q♥ 2♥ T♣ 9♣ A♥]

--- RIVER ---

┌─ COMMAND: PlayerAction
│  Hank: CHECK
└─ EVENT: ActionTaken

┌─ COMMAND: PlayerAction
│  Alice: BET $59
└─ EVENT: ActionTaken

┌─ COMMAND: PlayerAction
│  Grace: CALL $59
└─ EVENT: ActionTaken

┌─ COMMAND: PlayerAction
│  Hank: CALL $59
└─ EVENT: ActionTaken

   Grace wins $717

┌─ COMMAND: AwardPot
│  Grace: $717
└─ EVENT: PotAwarded

============================================================
HAND #67 - Dealer: Hank
============================================================

┌─ COMMAND: DealCards
│  hand: #67, dealer: seat 7
└─ EVENT: CardsDealt
   Alice: [J♥ 9♣] ($9)
   Grace: [9♥ 8♠] ($7,396)
   Hank: [A♠ 4♣] ($1,595)

┌─ COMMAND: PostBlind (small)
│  Alice: $5
└─ EVENT: BlindPosted

┌─ COMMAND: PostBlind (big)
│  Grace: $10
└─ EVENT: BlindPosted

--- PREFLOP ---

┌─ COMMAND: PlayerAction
│  Hank: CALL $10
└─ EVENT: ActionTaken

┌─ COMMAND: PlayerAction
│  Alice: CALL $4
└─ EVENT: ActionTaken

┌─ COMMAND: PlayerAction
│  Grace: CHECK
└─ EVENT: ActionTaken

┌─ COMMAND: DealCommunityCards (FLOP)
└─ EVENT: CommunityCardsDealt
   Board: [5♥ 5♦ T♥]

--- FLOP ---

┌─ COMMAND: PlayerAction
│  Grace: CHECK
└─ EVENT: ActionTaken

┌─ COMMAND: PlayerAction
│  Hank: CHECK
└─ EVENT: ActionTaken

┌─ COMMAND: DealCommunityCards (TURN)
└─ EVENT: CommunityCardsDealt
   Board: [5♥ 5♦ T♥ 4♦]

--- TURN ---

┌─ COMMAND: PlayerAction
│  Grace: CHECK
└─ EVENT: ActionTaken

┌─ COMMAND: PlayerAction
│  Hank: CHECK
└─ EVENT: ActionTaken

┌─ COMMAND: DealCommunityCards (RIVER)
└─ EVENT: CommunityCardsDealt
   Board: [5♥ 5♦ T♥ 4♦ 2♠]

--- RIVER ---

┌─ COMMAND: PlayerAction
│  Grace: BET $49
└─ EVENT: ActionTaken

┌─ COMMAND: PlayerAction
│  Hank: CALL $49
└─ EVENT: ActionTaken

   Hank wins $127

┌─ COMMAND: AwardPot
│  Hank: $127
└─ EVENT: PotAwarded

   [Alice eliminated - no chips]

============================================================
HAND #68 - Dealer: Grace
============================================================

┌─ COMMAND: DealCards
│  hand: #68, dealer: seat 6
└─ EVENT: CardsDealt
   Grace: [A♠ 5♠] ($7,337)
   Hank: [Q♦ J♣] ($1,663)

┌─ COMMAND: PostBlind (small)
│  Grace: $5
└─ EVENT: BlindPosted

┌─ COMMAND: PostBlind (big)
│  Hank: $10
└─ EVENT: BlindPosted

--- PREFLOP ---

┌─ COMMAND: PlayerAction
│  Grace: CALL $5
└─ EVENT: ActionTaken

┌─ COMMAND: PlayerAction
│  Hank: CHECK
└─ EVENT: ActionTaken

┌─ COMMAND: DealCommunityCards (FLOP)
└─ EVENT: CommunityCardsDealt
   Board: [8♠ 6♥ 3♥]

--- FLOP ---

┌─ COMMAND: PlayerAction
│  Hank: BET $56
└─ EVENT: ActionTaken

┌─ COMMAND: PlayerAction
│  Grace: CALL $56
└─ EVENT: ActionTaken

┌─ COMMAND: DealCommunityCards (TURN)
└─ EVENT: CommunityCardsDealt
   Board: [8♠ 6♥ 3♥ 7♣]

--- TURN ---

┌─ COMMAND: PlayerAction
│  Hank: CHECK
└─ EVENT: ActionTaken

┌─ COMMAND: PlayerAction
│  Grace: CHECK
└─ EVENT: ActionTaken

┌─ COMMAND: DealCommunityCards (RIVER)
└─ EVENT: CommunityCardsDealt
   Board: [8♠ 6♥ 3♥ 7♣ 4♠]

--- RIVER ---

┌─ COMMAND: PlayerAction
│  Hank: CHECK
└─ EVENT: ActionTaken

┌─ COMMAND: PlayerAction
│  Grace: CHECK
└─ EVENT: ActionTaken

   Hank wins $132

┌─ COMMAND: AwardPot
│  Hank: $132
└─ EVENT: PotAwarded

============================================================
HAND #69 - Dealer: Hank
============================================================

┌─ COMMAND: DealCards
│  hand: #69, dealer: seat 7
└─ EVENT: CardsDealt
   Grace: [J♠ 2♣] ($7,271)
   Hank: [4♥ K♠] ($1,729)

┌─ COMMAND: PostBlind (small)
│  Hank: $5
└─ EVENT: BlindPosted

┌─ COMMAND: PostBlind (big)
│  Grace: $10
└─ EVENT: BlindPosted

--- PREFLOP ---

┌─ COMMAND: PlayerAction
│  Hank: CALL $5
└─ EVENT: ActionTaken

┌─ COMMAND: PlayerAction
│  Grace: CHECK
└─ EVENT: ActionTaken

┌─ COMMAND: DealCommunityCards (FLOP)
└─ EVENT: CommunityCardsDealt
   Board: [8♥ T♦ Q♠]

--- FLOP ---

┌─ COMMAND: PlayerAction
│  Grace: CHECK
└─ EVENT: ActionTaken

┌─ COMMAND: PlayerAction
│  Hank: BET $59
└─ EVENT: ActionTaken

┌─ COMMAND: PlayerAction
│  Grace: CALL $59
└─ EVENT: ActionTaken

┌─ COMMAND: DealCommunityCards (TURN)
└─ EVENT: CommunityCardsDealt
   Board: [8♥ T♦ Q♠ A♥]

--- TURN ---

┌─ COMMAND: PlayerAction
│  Grace: CHECK
└─ EVENT: ActionTaken

┌─ COMMAND: PlayerAction
│  Hank: BET $55
└─ EVENT: ActionTaken

┌─ COMMAND: PlayerAction
│  Grace: CALL $55
└─ EVENT: ActionTaken

┌─ COMMAND: DealCommunityCards (RIVER)
└─ EVENT: CommunityCardsDealt
   Board: [8♥ T♦ Q♠ A♥ 2♠]

--- RIVER ---

┌─ COMMAND: PlayerAction
│  Grace: CHECK
└─ EVENT: ActionTaken

┌─ COMMAND: PlayerAction
│  Hank: BET $57
└─ EVENT: ActionTaken

┌─ COMMAND: PlayerAction
│  Grace: CALL $57
└─ EVENT: ActionTaken

   Grace wins $362

┌─ COMMAND: AwardPot
│  Grace: $362
└─ EVENT: PotAwarded

============================================================
HAND #70 - Dealer: Grace
============================================================

┌─ COMMAND: DealCards
│  hand: #70, dealer: seat 6
└─ EVENT: CardsDealt
   Grace: [7♥ 7♦] ($7,452)
   Hank: [9♦ 8♦] ($1,548)

┌─ COMMAND: PostBlind (small)
│  Grace: $5
└─ EVENT: BlindPosted

┌─ COMMAND: PostBlind (big)
│  Hank: $10
└─ EVENT: BlindPosted

--- PREFLOP ---

┌─ COMMAND: PlayerAction
│  Grace: RAISE $47
└─ EVENT: ActionTaken

┌─ COMMAND: PlayerAction
│  Hank: CALL $37
└─ EVENT: ActionTaken

┌─ COMMAND: DealCommunityCards (FLOP)
└─ EVENT: CommunityCardsDealt
   Board: [T♠ 5♠ 4♣]

--- FLOP ---

┌─ COMMAND: PlayerAction
│  Hank: CHECK
└─ EVENT: ActionTaken

┌─ COMMAND: PlayerAction
│  Grace: BET $50
└─ EVENT: ActionTaken

┌─ COMMAND: PlayerAction
│  Hank: CALL $50
└─ EVENT: ActionTaken

┌─ COMMAND: DealCommunityCards (TURN)
└─ EVENT: CommunityCardsDealt
   Board: [T♠ 5♠ 4♣ 2♠]

--- TURN ---

┌─ COMMAND: PlayerAction
│  Hank: CHECK
└─ EVENT: ActionTaken

┌─ COMMAND: PlayerAction
│  Grace: CHECK
└─ EVENT: ActionTaken

┌─ COMMAND: DealCommunityCards (RIVER)
└─ EVENT: CommunityCardsDealt
   Board: [T♠ 5♠ 4♣ 2♠ A♠]

--- RIVER ---

┌─ COMMAND: PlayerAction
│  Hank: CHECK
└─ EVENT: ActionTaken

┌─ COMMAND: PlayerAction
│  Grace: CHECK
└─ EVENT: ActionTaken

   Hank wins $194

┌─ COMMAND: AwardPot
│  Hank: $194
└─ EVENT: PotAwarded

============================================================
HAND #71 - Dealer: Hank
============================================================

┌─ COMMAND: DealCards
│  hand: #71, dealer: seat 7
└─ EVENT: CardsDealt
   Grace: [A♦ 3♦] ($7,355)
   Hank: [5♣ 8♥] ($1,645)

┌─ COMMAND: PostBlind (small)
│  Hank: $5
└─ EVENT: BlindPosted

┌─ COMMAND: PostBlind (big)
│  Grace: $10
└─ EVENT: BlindPosted

--- PREFLOP ---

┌─ COMMAND: PlayerAction
│  Hank: RAISE $58
└─ EVENT: ActionTaken

┌─ COMMAND: PlayerAction
│  Grace: CALL $48
└─ EVENT: ActionTaken

┌─ COMMAND: DealCommunityCards (FLOP)
└─ EVENT: CommunityCardsDealt
   Board: [T♣ K♥ 7♥]

--- FLOP ---

┌─ COMMAND: PlayerAction
│  Grace: CHECK
└─ EVENT: ActionTaken

┌─ COMMAND: PlayerAction
│  Hank: BET $58
└─ EVENT: ActionTaken

┌─ COMMAND: PlayerAction
│  Grace: CALL $58
└─ EVENT: ActionTaken

┌─ COMMAND: DealCommunityCards (TURN)
└─ EVENT: CommunityCardsDealt
   Board: [T♣ K♥ 7♥ Q♣]

--- TURN ---

┌─ COMMAND: PlayerAction
│  Grace: CHECK
└─ EVENT: ActionTaken

┌─ COMMAND: PlayerAction
│  Hank: BET $53
└─ EVENT: ActionTaken

┌─ COMMAND: PlayerAction
│  Grace: CALL $53
└─ EVENT: ActionTaken

┌─ COMMAND: DealCommunityCards (RIVER)
└─ EVENT: CommunityCardsDealt
   Board: [T♣ K♥ 7♥ Q♣ Q♥]

--- RIVER ---

┌─ COMMAND: PlayerAction
│  Grace: BET $48
└─ EVENT: ActionTaken

┌─ COMMAND: PlayerAction
│  Hank: CALL $48
└─ EVENT: ActionTaken

   Hank wins $434

┌─ COMMAND: AwardPot
│  Hank: $434
└─ EVENT: PotAwarded

============================================================
HAND #72 - Dealer: Grace
============================================================

┌─ COMMAND: DealCards
│  hand: #72, dealer: seat 6
└─ EVENT: CardsDealt
   Grace: [6♣ K♠] ($7,138)
   Hank: [9♣ 5♣] ($1,862)

┌─ COMMAND: PostBlind (small)
│  Grace: $5
└─ EVENT: BlindPosted

┌─ COMMAND: PostBlind (big)
│  Hank: $10
└─ EVENT: BlindPosted

--- PREFLOP ---

┌─ COMMAND: PlayerAction
│  Grace: RAISE $45
└─ EVENT: ActionTaken

┌─ COMMAND: PlayerAction
│  Hank: CALL $35
└─ EVENT: ActionTaken

┌─ COMMAND: DealCommunityCards (FLOP)
└─ EVENT: CommunityCardsDealt
   Board: [K♣ T♥ Q♥]

--- FLOP ---

┌─ COMMAND: PlayerAction
│  Hank: CHECK
└─ EVENT: ActionTaken

┌─ COMMAND: PlayerAction
│  Grace: CHECK
└─ EVENT: ActionTaken

┌─ COMMAND: DealCommunityCards (TURN)
└─ EVENT: CommunityCardsDealt
   Board: [K♣ T♥ Q♥ 7♥]

--- TURN ---

┌─ COMMAND: PlayerAction
│  Hank: BET $56
└─ EVENT: ActionTaken

┌─ COMMAND: PlayerAction
│  Grace: CALL $56
└─ EVENT: ActionTaken

┌─ COMMAND: DealCommunityCards (RIVER)
└─ EVENT: CommunityCardsDealt
   Board: [K♣ T♥ Q♥ 7♥ 5♠]

--- RIVER ---

┌─ COMMAND: PlayerAction
│  Hank: CHECK
└─ EVENT: ActionTaken

┌─ COMMAND: PlayerAction
│  Grace: CHECK
└─ EVENT: ActionTaken

   Hank wins $202

┌─ COMMAND: AwardPot
│  Hank: $202
└─ EVENT: PotAwarded

============================================================
HAND #73 - Dealer: Hank
============================================================

┌─ COMMAND: DealCards
│  hand: #73, dealer: seat 7
└─ EVENT: CardsDealt
   Grace: [T♠ 9♠] ($7,037)
   Hank: [K♠ 6♦] ($1,963)

┌─ COMMAND: PostBlind (small)
│  Hank: $5
└─ EVENT: BlindPosted

┌─ COMMAND: PostBlind (big)
│  Grace: $10
└─ EVENT: BlindPosted

--- PREFLOP ---

┌─ COMMAND: PlayerAction
│  Hank: RAISE $60
└─ EVENT: ActionTaken

┌─ COMMAND: PlayerAction
│  Grace: CALL $50
└─ EVENT: ActionTaken

┌─ COMMAND: DealCommunityCards (FLOP)
└─ EVENT: CommunityCardsDealt
   Board: [8♣ 5♠ 3♣]

--- FLOP ---

┌─ COMMAND: PlayerAction
│  Grace: CHECK
└─ EVENT: ActionTaken

┌─ COMMAND: PlayerAction
│  Hank: CHECK
└─ EVENT: ActionTaken

┌─ COMMAND: DealCommunityCards (TURN)
└─ EVENT: CommunityCardsDealt
   Board: [8♣ 5♠ 3♣ K♥]

--- TURN ---

┌─ COMMAND: PlayerAction
│  Grace: BET $47
└─ EVENT: ActionTaken

┌─ COMMAND: PlayerAction
│  Hank: CALL $47
└─ EVENT: ActionTaken

┌─ COMMAND: DealCommunityCards (RIVER)
└─ EVENT: CommunityCardsDealt
   Board: [8♣ 5♠ 3♣ K♥ T♣]

--- RIVER ---

┌─ COMMAND: PlayerAction
│  Grace: CHECK
└─ EVENT: ActionTaken

┌─ COMMAND: PlayerAction
│  Hank: CHECK
└─ EVENT: ActionTaken

   Hank wins $214

┌─ COMMAND: AwardPot
│  Hank: $214
└─ EVENT: PotAwarded

============================================================
HAND #74 - Dealer: Grace
============================================================

┌─ COMMAND: DealCards
│  hand: #74, dealer: seat 6
└─ EVENT: CardsDealt
   Grace: [Q♣ K♣] ($6,930)
   Hank: [K♥ 5♠] ($2,070)

┌─ COMMAND: PostBlind (small)
│  Grace: $5
└─ EVENT: BlindPosted

┌─ COMMAND: PostBlind (big)
│  Hank: $10
└─ EVENT: BlindPosted

--- PREFLOP ---

┌─ COMMAND: PlayerAction
│  Grace: RAISE $46
└─ EVENT: ActionTaken

┌─ COMMAND: PlayerAction
│  Hank: CALL $36
└─ EVENT: ActionTaken

┌─ COMMAND: DealCommunityCards (FLOP)
└─ EVENT: CommunityCardsDealt
   Board: [J♣ 5♣ 3♣]

--- FLOP ---

┌─ COMMAND: PlayerAction
│  Hank: CHECK
└─ EVENT: ActionTaken

┌─ COMMAND: PlayerAction
│  Grace: CHECK
└─ EVENT: ActionTaken

┌─ COMMAND: DealCommunityCards (TURN)
└─ EVENT: CommunityCardsDealt
   Board: [J♣ 5♣ 3♣ 8♣]

--- TURN ---

┌─ COMMAND: PlayerAction
│  Hank: CHECK
└─ EVENT: ActionTaken

┌─ COMMAND: PlayerAction
│  Grace: CHECK
└─ EVENT: ActionTaken

┌─ COMMAND: DealCommunityCards (RIVER)
└─ EVENT: CommunityCardsDealt
   Board: [J♣ 5♣ 3♣ 8♣ 4♣]

--- RIVER ---

┌─ COMMAND: PlayerAction
│  Hank: BET $58
└─ EVENT: ActionTaken

┌─ COMMAND: PlayerAction
│  Grace: CALL $58
└─ EVENT: ActionTaken

   Grace wins $208

┌─ COMMAND: AwardPot
│  Grace: $208
└─ EVENT: PotAwarded

============================================================
HAND #75 - Dealer: Hank
============================================================

┌─ COMMAND: DealCards
│  hand: #75, dealer: seat 7
└─ EVENT: CardsDealt
   Grace: [5♥ 7♣] ($7,034)
   Hank: [2♥ 3♣] ($1,966)

┌─ COMMAND: PostBlind (small)
│  Hank: $5
└─ EVENT: BlindPosted

┌─ COMMAND: PostBlind (big)
│  Grace: $10
└─ EVENT: BlindPosted

--- PREFLOP ---

┌─ COMMAND: PlayerAction
│  Hank: CALL $5
└─ EVENT: ActionTaken

┌─ COMMAND: PlayerAction
│  Grace: RAISE $49
└─ EVENT: ActionTaken

┌─ COMMAND: PlayerAction
│  Hank: CALL $39
└─ EVENT: ActionTaken

┌─ COMMAND: DealCommunityCards (FLOP)
└─ EVENT: CommunityCardsDealt
   Board: [8♣ 2♣ 6♣]

--- FLOP ---

┌─ COMMAND: PlayerAction
│  Grace: CHECK
└─ EVENT: ActionTaken

┌─ COMMAND: PlayerAction
│  Hank: BET $61
└─ EVENT: ActionTaken

┌─ COMMAND: PlayerAction
│  Grace: CALL $61
└─ EVENT: ActionTaken

┌─ COMMAND: DealCommunityCards (TURN)
└─ EVENT: CommunityCardsDealt
   Board: [8♣ 2♣ 6♣ A♦]

--- TURN ---

┌─ COMMAND: PlayerAction
│  Grace: BET $46
└─ EVENT: ActionTaken

┌─ COMMAND: PlayerAction
│  Hank: CALL $46
└─ EVENT: ActionTaken

┌─ COMMAND: DealCommunityCards (RIVER)
└─ EVENT: CommunityCardsDealt
   Board: [8♣ 2♣ 6♣ A♦ 4♣]

--- RIVER ---

┌─ COMMAND: PlayerAction
│  Grace: BET $48
└─ EVENT: ActionTaken

┌─ COMMAND: PlayerAction
│  Hank: CALL $48
└─ EVENT: ActionTaken

   Grace wins $408

┌─ COMMAND: AwardPot
│  Grace: $408
└─ EVENT: PotAwarded

============================================================
HAND #76 - Dealer: Grace
============================================================

┌─ COMMAND: DealCards
│  hand: #76, dealer: seat 6
└─ EVENT: CardsDealt
   Grace: [4♦ T♦] ($7,238)
   Hank: [T♠ 8♦] ($1,762)

┌─ COMMAND: PostBlind (small)
│  Grace: $5
└─ EVENT: BlindPosted

┌─ COMMAND: PostBlind (big)
│  Hank: $10
└─ EVENT: BlindPosted

--- PREFLOP ---

┌─ COMMAND: PlayerAction
│  Grace: RAISE $51
└─ EVENT: ActionTaken

┌─ COMMAND: PlayerAction
│  Hank: CALL $41
└─ EVENT: ActionTaken

┌─ COMMAND: DealCommunityCards (FLOP)
└─ EVENT: CommunityCardsDealt
   Board: [9♦ Q♦ 2♥]

--- FLOP ---

┌─ COMMAND: PlayerAction
│  Hank: BET $54
└─ EVENT: ActionTaken

┌─ COMMAND: PlayerAction
│  Grace: CALL $54
└─ EVENT: ActionTaken

┌─ COMMAND: DealCommunityCards (TURN)
└─ EVENT: CommunityCardsDealt
   Board: [9♦ Q♦ 2♥ 6♣]

--- TURN ---

┌─ COMMAND: PlayerAction
│  Hank: CHECK
└─ EVENT: ActionTaken

┌─ COMMAND: PlayerAction
│  Grace: BET $48
└─ EVENT: ActionTaken

┌─ COMMAND: PlayerAction
│  Hank: CALL $48
└─ EVENT: ActionTaken

┌─ COMMAND: DealCommunityCards (RIVER)
└─ EVENT: CommunityCardsDealt
   Board: [9♦ Q♦ 2♥ 6♣ 2♣]

--- RIVER ---

┌─ COMMAND: PlayerAction
│  Hank: BET $57
└─ EVENT: ActionTaken

┌─ COMMAND: PlayerAction
│  Grace: CALL $57
└─ EVENT: ActionTaken

   Grace wins $420

┌─ COMMAND: AwardPot
│  Grace: $420
└─ EVENT: PotAwarded

============================================================
HAND #77 - Dealer: Hank
============================================================

┌─ COMMAND: DealCards
│  hand: #77, dealer: seat 7
└─ EVENT: CardsDealt
   Grace: [3♣ 5♠] ($7,448)
   Hank: [3♠ K♠] ($1,552)

┌─ COMMAND: PostBlind (small)
│  Hank: $5
└─ EVENT: BlindPosted

┌─ COMMAND: PostBlind (big)
│  Grace: $10
└─ EVENT: BlindPosted

--- PREFLOP ---

┌─ COMMAND: PlayerAction
│  Hank: CALL $5
└─ EVENT: ActionTaken

┌─ COMMAND: PlayerAction
│  Grace: RAISE $46
└─ EVENT: ActionTaken

┌─ COMMAND: PlayerAction
│  Hank: CALL $36
└─ EVENT: ActionTaken

┌─ COMMAND: DealCommunityCards (FLOP)
└─ EVENT: CommunityCardsDealt
   Board: [6♥ 6♣ 9♠]

--- FLOP ---

┌─ COMMAND: PlayerAction
│  Grace: CHECK
└─ EVENT: ActionTaken

┌─ COMMAND: PlayerAction
│  Hank: CHECK
└─ EVENT: ActionTaken

┌─ COMMAND: DealCommunityCards (TURN)
└─ EVENT: CommunityCardsDealt
   Board: [6♥ 6♣ 9♠ J♥]

--- TURN ---

┌─ COMMAND: PlayerAction
│  Grace: BET $45
└─ EVENT: ActionTaken

┌─ COMMAND: PlayerAction
│  Hank: CALL $45
└─ EVENT: ActionTaken

┌─ COMMAND: DealCommunityCards (RIVER)
└─ EVENT: CommunityCardsDealt
   Board: [6♥ 6♣ 9♠ J♥ J♣]

--- RIVER ---

┌─ COMMAND: PlayerAction
│  Grace: CHECK
└─ EVENT: ActionTaken

┌─ COMMAND: PlayerAction
│  Hank: BET $58
└─ EVENT: ActionTaken

┌─ COMMAND: PlayerAction
│  Grace: CALL $58
└─ EVENT: ActionTaken

   Grace wins $298

┌─ COMMAND: AwardPot
│  Grace: $298
└─ EVENT: PotAwarded

============================================================
HAND #78 - Dealer: Grace
============================================================

┌─ COMMAND: DealCards
│  hand: #78, dealer: seat 6
└─ EVENT: CardsDealt
   Grace: [7♥ 6♠] ($7,597)
   Hank: [2♣ K♠] ($1,403)

┌─ COMMAND: PostBlind (small)
│  Grace: $5
└─ EVENT: BlindPosted

┌─ COMMAND: PostBlind (big)
│  Hank: $10
└─ EVENT: BlindPosted

--- PREFLOP ---

┌─ COMMAND: PlayerAction
│  Grace: RAISE $46
└─ EVENT: ActionTaken

┌─ COMMAND: PlayerAction
│  Hank: CALL $36
└─ EVENT: ActionTaken

┌─ COMMAND: DealCommunityCards (FLOP)
└─ EVENT: CommunityCardsDealt
   Board: [4♠ 8♠ J♠]

--- FLOP ---

┌─ COMMAND: PlayerAction
│  Hank: BET $59
└─ EVENT: ActionTaken

┌─ COMMAND: PlayerAction
│  Grace: CALL $59
└─ EVENT: ActionTaken

┌─ COMMAND: DealCommunityCards (TURN)
└─ EVENT: CommunityCardsDealt
   Board: [4♠ 8♠ J♠ T♦]

--- TURN ---

┌─ COMMAND: PlayerAction
│  Hank: BET $59
└─ EVENT: ActionTaken

┌─ COMMAND: PlayerAction
│  Grace: CALL $59
└─ EVENT: ActionTaken

┌─ COMMAND: DealCommunityCards (RIVER)
└─ EVENT: CommunityCardsDealt
   Board: [4♠ 8♠ J♠ T♦ Q♣]

--- RIVER ---

┌─ COMMAND: PlayerAction
│  Hank: BET $59
└─ EVENT: ActionTaken

┌─ COMMAND: PlayerAction
│  Grace: CALL $59
└─ EVENT: ActionTaken

   Grace wins $446

┌─ COMMAND: AwardPot
│  Grace: $446
└─ EVENT: PotAwarded

============================================================
HAND #79 - Dealer: Hank
============================================================

┌─ COMMAND: DealCards
│  hand: #79, dealer: seat 7
└─ EVENT: CardsDealt
   Grace: [2♥ 3♥] ($7,820)
   Hank: [6♦ 3♣] ($1,180)

┌─ COMMAND: PostBlind (small)
│  Hank: $5
└─ EVENT: BlindPosted

┌─ COMMAND: PostBlind (big)
│  Grace: $10
└─ EVENT: BlindPosted

--- PREFLOP ---

┌─ COMMAND: PlayerAction
│  Hank: RAISE $56
└─ EVENT: ActionTaken

┌─ COMMAND: PlayerAction
│  Grace: CALL $46
└─ EVENT: ActionTaken

┌─ COMMAND: DealCommunityCards (FLOP)
└─ EVENT: CommunityCardsDealt
   Board: [5♥ 6♥ 6♠]

--- FLOP ---

┌─ COMMAND: PlayerAction
│  Grace: CHECK
└─ EVENT: ActionTaken

┌─ COMMAND: PlayerAction
│  Hank: BET $62
└─ EVENT: ActionTaken

┌─ COMMAND: PlayerAction
│  Grace: CALL $62
└─ EVENT: ActionTaken

┌─ COMMAND: DealCommunityCards (TURN)
└─ EVENT: CommunityCardsDealt
   Board: [5♥ 6♥ 6♠ Q♦]

--- TURN ---

┌─ COMMAND: PlayerAction
│  Grace: BET $46
└─ EVENT: ActionTaken

┌─ COMMAND: PlayerAction
│  Hank: CALL $46
└─ EVENT: ActionTaken

┌─ COMMAND: DealCommunityCards (RIVER)
└─ EVENT: CommunityCardsDealt
   Board: [5♥ 6♥ 6♠ Q♦ Q♠]

--- RIVER ---

┌─ COMMAND: PlayerAction
│  Grace: BET $48
└─ EVENT: ActionTaken

┌─ COMMAND: PlayerAction
│  Hank: CALL $48
└─ EVENT: ActionTaken

   Hank wins $424

┌─ COMMAND: AwardPot
│  Hank: $424
└─ EVENT: PotAwarded

============================================================
HAND #80 - Dealer: Grace
============================================================

┌─ COMMAND: DealCards
│  hand: #80, dealer: seat 6
└─ EVENT: CardsDealt
   Grace: [J♠ 2♥] ($7,608)
   Hank: [3♥ 5♣] ($1,392)

┌─ COMMAND: PostBlind (small)
│  Grace: $5
└─ EVENT: BlindPosted

┌─ COMMAND: PostBlind (big)
│  Hank: $10
└─ EVENT: BlindPosted

--- PREFLOP ---

┌─ COMMAND: PlayerAction
│  Grace: CALL $5
└─ EVENT: ActionTaken

┌─ COMMAND: PlayerAction
│  Hank: CHECK
└─ EVENT: ActionTaken

┌─ COMMAND: DealCommunityCards (FLOP)
└─ EVENT: CommunityCardsDealt
   Board: [7♠ T♥ 2♦]

--- FLOP ---

┌─ COMMAND: PlayerAction
│  Hank: BET $55
└─ EVENT: ActionTaken

┌─ COMMAND: PlayerAction
│  Grace: CALL $55
└─ EVENT: ActionTaken

┌─ COMMAND: DealCommunityCards (TURN)
└─ EVENT: CommunityCardsDealt
   Board: [7♠ T♥ 2♦ 3♠]

--- TURN ---

┌─ COMMAND: PlayerAction
│  Hank: CHECK
└─ EVENT: ActionTaken

┌─ COMMAND: PlayerAction
│  Grace: BET $44
└─ EVENT: ActionTaken

┌─ COMMAND: PlayerAction
│  Hank: CALL $44
└─ EVENT: ActionTaken

┌─ COMMAND: DealCommunityCards (RIVER)
└─ EVENT: CommunityCardsDealt
   Board: [7♠ T♥ 2♦ 3♠ 9♠]

--- RIVER ---

┌─ COMMAND: PlayerAction
│  Hank: BET $57
└─ EVENT: ActionTaken

┌─ COMMAND: PlayerAction
│  Grace: CALL $57
└─ EVENT: ActionTaken

   Grace wins $332

┌─ COMMAND: AwardPot
│  Grace: $332
└─ EVENT: PotAwarded

============================================================
HAND #81 - Dealer: Hank
============================================================

┌─ COMMAND: DealCards
│  hand: #81, dealer: seat 7
└─ EVENT: CardsDealt
   Grace: [9♥ Q♥] ($7,774)
   Hank: [2♠ 7♦] ($1,226)

┌─ COMMAND: PostBlind (small)
│  Hank: $5
└─ EVENT: BlindPosted

┌─ COMMAND: PostBlind (big)
│  Grace: $10
└─ EVENT: BlindPosted

--- PREFLOP ---

┌─ COMMAND: PlayerAction
│  Hank: RAISE $59
└─ EVENT: ActionTaken

┌─ COMMAND: PlayerAction
│  Grace: CALL $49
└─ EVENT: ActionTaken

┌─ COMMAND: DealCommunityCards (FLOP)
└─ EVENT: CommunityCardsDealt
   Board: [T♦ A♠ 6♥]

--- FLOP ---

┌─ COMMAND: PlayerAction
│  Grace: CHECK
└─ EVENT: ActionTaken

┌─ COMMAND: PlayerAction
│  Hank: BET $61
└─ EVENT: ActionTaken

┌─ COMMAND: PlayerAction
│  Grace: CALL $61
└─ EVENT: ActionTaken

┌─ COMMAND: DealCommunityCards (TURN)
└─ EVENT: CommunityCardsDealt
   Board: [T♦ A♠ 6♥ 8♥]

--- TURN ---

┌─ COMMAND: PlayerAction
│  Grace: CHECK
└─ EVENT: ActionTaken

┌─ COMMAND: PlayerAction
│  Hank: BET $57
└─ EVENT: ActionTaken

┌─ COMMAND: PlayerAction
│  Grace: CALL $57
└─ EVENT: ActionTaken

┌─ COMMAND: DealCommunityCards (RIVER)
└─ EVENT: CommunityCardsDealt
   Board: [T♦ A♠ 6♥ 8♥ 5♠]

--- RIVER ---

┌─ COMMAND: PlayerAction
│  Grace: CHECK
└─ EVENT: ActionTaken

┌─ COMMAND: PlayerAction
│  Hank: BET $59
└─ EVENT: ActionTaken

┌─ COMMAND: PlayerAction
│  Grace: CALL $59
└─ EVENT: ActionTaken

   Grace wins $472

┌─ COMMAND: AwardPot
│  Grace: $472
└─ EVENT: PotAwarded

============================================================
HAND #82 - Dealer: Grace
============================================================

┌─ COMMAND: DealCards
│  hand: #82, dealer: seat 6
└─ EVENT: CardsDealt
   Grace: [K♣ A♣] ($8,010)
   Hank: [J♣ 4♣] ($990)

┌─ COMMAND: PostBlind (small)
│  Grace: $5
└─ EVENT: BlindPosted

┌─ COMMAND: PostBlind (big)
│  Hank: $10
└─ EVENT: BlindPosted

--- PREFLOP ---

┌─ COMMAND: PlayerAction
│  Grace: CALL $5
└─ EVENT: ActionTaken

┌─ COMMAND: PlayerAction
│  Hank: RAISE $61
└─ EVENT: ActionTaken

┌─ COMMAND: PlayerAction
│  Grace: CALL $51
└─ EVENT: ActionTaken

┌─ COMMAND: DealCommunityCards (FLOP)
└─ EVENT: CommunityCardsDealt
   Board: [9♦ 7♥ 6♣]

--- FLOP ---

┌─ COMMAND: PlayerAction
│  Hank: CHECK
└─ EVENT: ActionTaken

┌─ COMMAND: PlayerAction
│  Grace: CHECK
└─ EVENT: ActionTaken

┌─ COMMAND: DealCommunityCards (TURN)
└─ EVENT: CommunityCardsDealt
   Board: [9♦ 7♥ 6♣ 8♠]

--- TURN ---

┌─ COMMAND: PlayerAction
│  Hank: CHECK
└─ EVENT: ActionTaken

┌─ COMMAND: PlayerAction
│  Grace: BET $44
└─ EVENT: ActionTaken

┌─ COMMAND: PlayerAction
│  Hank: CALL $44
└─ EVENT: ActionTaken

┌─ COMMAND: DealCommunityCards (RIVER)
└─ EVENT: CommunityCardsDealt
   Board: [9♦ 7♥ 6♣ 8♠ J♥]

--- RIVER ---

┌─ COMMAND: PlayerAction
│  Hank: CHECK
└─ EVENT: ActionTaken

┌─ COMMAND: PlayerAction
│  Grace: CHECK
└─ EVENT: ActionTaken

   Grace wins $210

┌─ COMMAND: AwardPot
│  Grace: $210
└─ EVENT: PotAwarded

============================================================
HAND #83 - Dealer: Hank
============================================================

┌─ COMMAND: DealCards
│  hand: #83, dealer: seat 7
└─ EVENT: CardsDealt
   Grace: [5♥ 6♣] ($8,115)
   Hank: [8♥ 9♥] ($885)

┌─ COMMAND: PostBlind (small)
│  Hank: $5
└─ EVENT: BlindPosted

┌─ COMMAND: PostBlind (big)
│  Grace: $10
└─ EVENT: BlindPosted

--- PREFLOP ---

┌─ COMMAND: PlayerAction
│  Hank: CALL $5
└─ EVENT: ActionTaken

┌─ COMMAND: PlayerAction
│  Grace: RAISE $48
└─ EVENT: ActionTaken

┌─ COMMAND: PlayerAction
│  Hank: CALL $38
└─ EVENT: ActionTaken

┌─ COMMAND: DealCommunityCards (FLOP)
└─ EVENT: CommunityCardsDealt
   Board: [T♦ 9♦ 9♣]

--- FLOP ---

┌─ COMMAND: PlayerAction
│  Grace: CHECK
└─ EVENT: ActionTaken

┌─ COMMAND: PlayerAction
│  Hank: CHECK
└─ EVENT: ActionTaken

┌─ COMMAND: DealCommunityCards (TURN)
└─ EVENT: CommunityCardsDealt
   Board: [T♦ 9♦ 9♣ Q♥]

--- TURN ---

┌─ COMMAND: PlayerAction
│  Grace: CHECK
└─ EVENT: ActionTaken

┌─ COMMAND: PlayerAction
│  Hank: CHECK
└─ EVENT: ActionTaken

┌─ COMMAND: DealCommunityCards (RIVER)
└─ EVENT: CommunityCardsDealt
   Board: [T♦ 9♦ 9♣ Q♥ 4♥]

--- RIVER ---

┌─ COMMAND: PlayerAction
│  Grace: CHECK
└─ EVENT: ActionTaken

┌─ COMMAND: PlayerAction
│  Hank: CHECK
└─ EVENT: ActionTaken

   Grace wins $96

┌─ COMMAND: AwardPot
│  Grace: $96
└─ EVENT: PotAwarded

============================================================
HAND #84 - Dealer: Grace
============================================================

┌─ COMMAND: DealCards
│  hand: #84, dealer: seat 6
└─ EVENT: CardsDealt
   Grace: [6♦ J♦] ($8,163)
   Hank: [4♦ A♥] ($837)

┌─ COMMAND: PostBlind (small)
│  Grace: $5
└─ EVENT: BlindPosted

┌─ COMMAND: PostBlind (big)
│  Hank: $10
└─ EVENT: BlindPosted

--- PREFLOP ---

┌─ COMMAND: PlayerAction
│  Grace: CALL $5
└─ EVENT: ActionTaken

┌─ COMMAND: PlayerAction
│  Hank: CHECK
└─ EVENT: ActionTaken

┌─ COMMAND: DealCommunityCards (FLOP)
└─ EVENT: CommunityCardsDealt
   Board: [8♠ 4♠ 4♣]

--- FLOP ---

┌─ COMMAND: PlayerAction
│  Hank: BET $57
└─ EVENT: ActionTaken

┌─ COMMAND: PlayerAction
│  Grace: CALL $57
└─ EVENT: ActionTaken

┌─ COMMAND: DealCommunityCards (TURN)
└─ EVENT: CommunityCardsDealt
   Board: [8♠ 4♠ 4♣ 2♠]

--- TURN ---

┌─ COMMAND: PlayerAction
│  Hank: BET $60
└─ EVENT: ActionTaken

┌─ COMMAND: PlayerAction
│  Grace: CALL $60
└─ EVENT: ActionTaken

┌─ COMMAND: DealCommunityCards (RIVER)
└─ EVENT: CommunityCardsDealt
   Board: [8♠ 4♠ 4♣ 2♠ Q♠]

--- RIVER ---

┌─ COMMAND: PlayerAction
│  Hank: BET $58
└─ EVENT: ActionTaken

┌─ COMMAND: PlayerAction
│  Grace: CALL $58
└─ EVENT: ActionTaken

   Hank wins $370

┌─ COMMAND: AwardPot
│  Hank: $370
└─ EVENT: PotAwarded

============================================================
HAND #85 - Dealer: Hank
============================================================

┌─ COMMAND: DealCards
│  hand: #85, dealer: seat 7
└─ EVENT: CardsDealt
   Grace: [K♠ 8♣] ($7,978)
   Hank: [9♦ A♦] ($1,022)

┌─ COMMAND: PostBlind (small)
│  Hank: $5
└─ EVENT: BlindPosted

┌─ COMMAND: PostBlind (big)
│  Grace: $10
└─ EVENT: BlindPosted

--- PREFLOP ---

┌─ COMMAND: PlayerAction
│  Hank: RAISE $61
└─ EVENT: ActionTaken

┌─ COMMAND: PlayerAction
│  Grace: CALL $51
└─ EVENT: ActionTaken

┌─ COMMAND: DealCommunityCards (FLOP)
└─ EVENT: CommunityCardsDealt
   Board: [4♥ 4♦ J♣]

--- FLOP ---

┌─ COMMAND: PlayerAction
│  Grace: CHECK
└─ EVENT: ActionTaken

┌─ COMMAND: PlayerAction
│  Hank: BET $60
└─ EVENT: ActionTaken

┌─ COMMAND: PlayerAction
│  Grace: CALL $60
└─ EVENT: ActionTaken

┌─ COMMAND: DealCommunityCards (TURN)
└─ EVENT: CommunityCardsDealt
   Board: [4♥ 4♦ J♣ 8♠]

--- TURN ---

┌─ COMMAND: PlayerAction
│  Grace: CHECK
└─ EVENT: ActionTaken

┌─ COMMAND: PlayerAction
│  Hank: BET $60
└─ EVENT: ActionTaken

┌─ COMMAND: PlayerAction
│  Grace: CALL $60
└─ EVENT: ActionTaken

┌─ COMMAND: DealCommunityCards (RIVER)
└─ EVENT: CommunityCardsDealt
   Board: [4♥ 4♦ J♣ 8♠ 3♦]

--- RIVER ---

┌─ COMMAND: PlayerAction
│  Grace: CHECK
└─ EVENT: ActionTaken

┌─ COMMAND: PlayerAction
│  Hank: BET $59
└─ EVENT: ActionTaken

┌─ COMMAND: PlayerAction
│  Grace: CALL $59
└─ EVENT: ActionTaken

   Grace wins $480

┌─ COMMAND: AwardPot
│  Grace: $480
└─ EVENT: PotAwarded

============================================================
HAND #86 - Dealer: Grace
============================================================

┌─ COMMAND: DealCards
│  hand: #86, dealer: seat 6
└─ EVENT: CardsDealt
   Grace: [4♥ 9♣] ($8,218)
   Hank: [A♦ 3♥] ($782)

┌─ COMMAND: PostBlind (small)
│  Grace: $5
└─ EVENT: BlindPosted

┌─ COMMAND: PostBlind (big)
│  Hank: $10
└─ EVENT: BlindPosted

--- PREFLOP ---

┌─ COMMAND: PlayerAction
│  Grace: RAISE $47
└─ EVENT: ActionTaken

┌─ COMMAND: PlayerAction
│  Hank: CALL $37
└─ EVENT: ActionTaken

┌─ COMMAND: DealCommunityCards (FLOP)
└─ EVENT: CommunityCardsDealt
   Board: [8♥ 4♠ 5♥]

--- FLOP ---

┌─ COMMAND: PlayerAction
│  Hank: CHECK
└─ EVENT: ActionTaken

┌─ COMMAND: PlayerAction
│  Grace: CHECK
└─ EVENT: ActionTaken

┌─ COMMAND: DealCommunityCards (TURN)
└─ EVENT: CommunityCardsDealt
   Board: [8♥ 4♠ 5♥ 7♥]

--- TURN ---

┌─ COMMAND: PlayerAction
│  Hank: CHECK
└─ EVENT: ActionTaken

┌─ COMMAND: PlayerAction
│  Grace: CHECK
└─ EVENT: ActionTaken

┌─ COMMAND: DealCommunityCards (RIVER)
└─ EVENT: CommunityCardsDealt
   Board: [8♥ 4♠ 5♥ 7♥ 7♦]

--- RIVER ---

┌─ COMMAND: PlayerAction
│  Hank: BET $58
└─ EVENT: ActionTaken

┌─ COMMAND: PlayerAction
│  Grace: CALL $58
└─ EVENT: ActionTaken

   Grace wins $210

┌─ COMMAND: AwardPot
│  Grace: $210
└─ EVENT: PotAwarded

============================================================
HAND #87 - Dealer: Hank
============================================================

┌─ COMMAND: DealCards
│  hand: #87, dealer: seat 7
└─ EVENT: CardsDealt
   Grace: [5♣ K♥] ($8,323)
   Hank: [9♦ A♥] ($677)

┌─ COMMAND: PostBlind (small)
│  Hank: $5
└─ EVENT: BlindPosted

┌─ COMMAND: PostBlind (big)
│  Grace: $10
└─ EVENT: BlindPosted

--- PREFLOP ---

┌─ COMMAND: PlayerAction
│  Hank: RAISE $62
└─ EVENT: ActionTaken

┌─ COMMAND: PlayerAction
│  Grace: CALL $52
└─ EVENT: ActionTaken

┌─ COMMAND: DealCommunityCards (FLOP)
└─ EVENT: CommunityCardsDealt
   Board: [J♦ 2♣ 5♦]

--- FLOP ---

┌─ COMMAND: PlayerAction
│  Grace: BET $45
└─ EVENT: ActionTaken

┌─ COMMAND: PlayerAction
│  Hank: CALL $45
└─ EVENT: ActionTaken

┌─ COMMAND: DealCommunityCards (TURN)
└─ EVENT: CommunityCardsDealt
   Board: [J♦ 2♣ 5♦ Q♥]

--- TURN ---

┌─ COMMAND: PlayerAction
│  Grace: BET $46
└─ EVENT: ActionTaken

┌─ COMMAND: PlayerAction
│  Hank: CALL $46
└─ EVENT: ActionTaken

┌─ COMMAND: DealCommunityCards (RIVER)
└─ EVENT: CommunityCardsDealt
   Board: [J♦ 2♣ 5♦ Q♥ 9♥]

--- RIVER ---

┌─ COMMAND: PlayerAction
│  Grace: CHECK
└─ EVENT: ActionTaken

┌─ COMMAND: PlayerAction
│  Hank: CHECK
└─ EVENT: ActionTaken

   Hank wins $306

┌─ COMMAND: AwardPot
│  Hank: $306
└─ EVENT: PotAwarded

============================================================
HAND #88 - Dealer: Grace
============================================================

┌─ COMMAND: DealCards
│  hand: #88, dealer: seat 6
└─ EVENT: CardsDealt
   Grace: [J♣ 9♥] ($8,170)
   Hank: [7♥ 4♥] ($830)

┌─ COMMAND: PostBlind (small)
│  Grace: $5
└─ EVENT: BlindPosted

┌─ COMMAND: PostBlind (big)
│  Hank: $10
└─ EVENT: BlindPosted

--- PREFLOP ---

┌─ COMMAND: PlayerAction
│  Grace: RAISE $47
└─ EVENT: ActionTaken

┌─ COMMAND: PlayerAction
│  Hank: CALL $37
└─ EVENT: ActionTaken

┌─ COMMAND: DealCommunityCards (FLOP)
└─ EVENT: CommunityCardsDealt
   Board: [J♠ 7♠ K♥]

--- FLOP ---

┌─ COMMAND: PlayerAction
│  Hank: BET $58
└─ EVENT: ActionTaken

┌─ COMMAND: PlayerAction
│  Grace: CALL $58
└─ EVENT: ActionTaken

┌─ COMMAND: DealCommunityCards (TURN)
└─ EVENT: CommunityCardsDealt
   Board: [J♠ 7♠ K♥ Q♥]

--- TURN ---

┌─ COMMAND: PlayerAction
│  Hank: CHECK
└─ EVENT: ActionTaken

┌─ COMMAND: PlayerAction
│  Grace: BET $45
└─ EVENT: ActionTaken

┌─ COMMAND: PlayerAction
│  Hank: CALL $45
└─ EVENT: ActionTaken

┌─ COMMAND: DealCommunityCards (RIVER)
└─ EVENT: CommunityCardsDealt
   Board: [J♠ 7♠ K♥ Q♥ 6♦]

--- RIVER ---

┌─ COMMAND: PlayerAction
│  Hank: CHECK
└─ EVENT: ActionTaken

┌─ COMMAND: PlayerAction
│  Grace: BET $47
└─ EVENT: ActionTaken

┌─ COMMAND: PlayerAction
│  Hank: CALL $47
└─ EVENT: ActionTaken

   Hank wins $394

┌─ COMMAND: AwardPot
│  Hank: $394
└─ EVENT: PotAwarded

============================================================
HAND #89 - Dealer: Hank
============================================================

┌─ COMMAND: DealCards
│  hand: #89, dealer: seat 7
└─ EVENT: CardsDealt
   Grace: [9♣ 5♣] ($7,973)
   Hank: [T♥ 3♦] ($1,027)

┌─ COMMAND: PostBlind (small)
│  Hank: $5
└─ EVENT: BlindPosted

┌─ COMMAND: PostBlind (big)
│  Grace: $10
└─ EVENT: BlindPosted

--- PREFLOP ---

┌─ COMMAND: PlayerAction
│  Hank: RAISE $57
└─ EVENT: ActionTaken

┌─ COMMAND: PlayerAction
│  Grace: CALL $47
└─ EVENT: ActionTaken

┌─ COMMAND: DealCommunityCards (FLOP)
└─ EVENT: CommunityCardsDealt
   Board: [8♦ J♦ 8♠]

--- FLOP ---

┌─ COMMAND: PlayerAction
│  Grace: CHECK
└─ EVENT: ActionTaken

┌─ COMMAND: PlayerAction
│  Hank: CHECK
└─ EVENT: ActionTaken

┌─ COMMAND: DealCommunityCards (TURN)
└─ EVENT: CommunityCardsDealt
   Board: [8♦ J♦ 8♠ K♠]

--- TURN ---

┌─ COMMAND: PlayerAction
│  Grace: CHECK
└─ EVENT: ActionTaken

┌─ COMMAND: PlayerAction
│  Hank: CHECK
└─ EVENT: ActionTaken

┌─ COMMAND: DealCommunityCards (RIVER)
└─ EVENT: CommunityCardsDealt
   Board: [8♦ J♦ 8♠ K♠ J♥]

--- RIVER ---

┌─ COMMAND: PlayerAction
│  Grace: CHECK
└─ EVENT: ActionTaken

┌─ COMMAND: PlayerAction
│  Hank: CHECK
└─ EVENT: ActionTaken

   Grace wins $114

┌─ COMMAND: AwardPot
│  Grace: $114
└─ EVENT: PotAwarded

============================================================
HAND #90 - Dealer: Grace
============================================================

┌─ COMMAND: DealCards
│  hand: #90, dealer: seat 6
└─ EVENT: CardsDealt
   Grace: [5♦ 6♠] ($8,030)
   Hank: [5♥ 3♦] ($970)

┌─ COMMAND: PostBlind (small)
│  Grace: $5
└─ EVENT: BlindPosted

┌─ COMMAND: PostBlind (big)
│  Hank: $10
└─ EVENT: BlindPosted

--- PREFLOP ---

┌─ COMMAND: PlayerAction
│  Grace: CALL $5
└─ EVENT: ActionTaken

┌─ COMMAND: PlayerAction
│  Hank: RAISE $58
└─ EVENT: ActionTaken

┌─ COMMAND: PlayerAction
│  Grace: CALL $48
└─ EVENT: ActionTaken

┌─ COMMAND: DealCommunityCards (FLOP)
└─ EVENT: CommunityCardsDealt
   Board: [Q♦ 2♠ K♣]

--- FLOP ---

┌─ COMMAND: PlayerAction
│  Hank: BET $58
└─ EVENT: ActionTaken

┌─ COMMAND: PlayerAction
│  Grace: CALL $58
└─ EVENT: ActionTaken

┌─ COMMAND: DealCommunityCards (TURN)
└─ EVENT: CommunityCardsDealt
   Board: [Q♦ 2♠ K♣ Q♥]

--- TURN ---

┌─ COMMAND: PlayerAction
│  Hank: CHECK
└─ EVENT: ActionTaken

┌─ COMMAND: PlayerAction
│  Grace: CHECK
└─ EVENT: ActionTaken

┌─ COMMAND: DealCommunityCards (RIVER)
└─ EVENT: CommunityCardsDealt
   Board: [Q♦ 2♠ K♣ Q♥ A♣]

--- RIVER ---

┌─ COMMAND: PlayerAction
│  Hank: CHECK
└─ EVENT: ActionTaken

┌─ COMMAND: PlayerAction
│  Grace: CHECK
└─ EVENT: ActionTaken

   Hank wins $232

┌─ COMMAND: AwardPot
│  Hank: $232
└─ EVENT: PotAwarded

============================================================
HAND #91 - Dealer: Hank
============================================================

┌─ COMMAND: DealCards
│  hand: #91, dealer: seat 7
└─ EVENT: CardsDealt
   Grace: [9♣ 6♠] ($7,914)
   Hank: [7♣ J♣] ($1,086)

┌─ COMMAND: PostBlind (small)
│  Hank: $5
└─ EVENT: BlindPosted

┌─ COMMAND: PostBlind (big)
│  Grace: $10
└─ EVENT: BlindPosted

--- PREFLOP ---

┌─ COMMAND: PlayerAction
│  Hank: RAISE $59
└─ EVENT: ActionTaken

┌─ COMMAND: PlayerAction
│  Grace: CALL $49
└─ EVENT: ActionTaken

┌─ COMMAND: DealCommunityCards (FLOP)
└─ EVENT: CommunityCardsDealt
   Board: [8♠ T♣ 2♠]

--- FLOP ---

┌─ COMMAND: PlayerAction
│  Grace: CHECK
└─ EVENT: ActionTaken

┌─ COMMAND: PlayerAction
│  Hank: BET $57
└─ EVENT: ActionTaken

┌─ COMMAND: PlayerAction
│  Grace: CALL $57
└─ EVENT: ActionTaken

┌─ COMMAND: DealCommunityCards (TURN)
└─ EVENT: CommunityCardsDealt
   Board: [8♠ T♣ 2♠ Q♥]

--- TURN ---

┌─ COMMAND: PlayerAction
│  Grace: CHECK
└─ EVENT: ActionTaken

┌─ COMMAND: PlayerAction
│  Hank: CHECK
└─ EVENT: ActionTaken

┌─ COMMAND: DealCommunityCards (RIVER)
└─ EVENT: CommunityCardsDealt
   Board: [8♠ T♣ 2♠ Q♥ 7♥]

--- RIVER ---

┌─ COMMAND: PlayerAction
│  Grace: CHECK
└─ EVENT: ActionTaken

┌─ COMMAND: PlayerAction
│  Hank: BET $58
└─ EVENT: ActionTaken

┌─ COMMAND: PlayerAction
│  Grace: CALL $58
└─ EVENT: ActionTaken

   Hank wins $348

┌─ COMMAND: AwardPot
│  Hank: $348
└─ EVENT: PotAwarded

============================================================
HAND #92 - Dealer: Grace
============================================================

┌─ COMMAND: DealCards
│  hand: #92, dealer: seat 6
└─ EVENT: CardsDealt
   Grace: [6♠ 4♥] ($7,740)
   Hank: [T♠ 7♠] ($1,260)

┌─ COMMAND: PostBlind (small)
│  Grace: $5
└─ EVENT: BlindPosted

┌─ COMMAND: PostBlind (big)
│  Hank: $10
└─ EVENT: BlindPosted

--- PREFLOP ---

┌─ COMMAND: PlayerAction
│  Grace: CALL $5
└─ EVENT: ActionTaken

┌─ COMMAND: PlayerAction
│  Hank: CHECK
└─ EVENT: ActionTaken

┌─ COMMAND: DealCommunityCards (FLOP)
└─ EVENT: CommunityCardsDealt
   Board: [J♥ 5♠ K♦]

--- FLOP ---

┌─ COMMAND: PlayerAction
│  Hank: BET $55
└─ EVENT: ActionTaken

┌─ COMMAND: PlayerAction
│  Grace: CALL $55
└─ EVENT: ActionTaken

┌─ COMMAND: DealCommunityCards (TURN)
└─ EVENT: CommunityCardsDealt
   Board: [J♥ 5♠ K♦ Q♣]

--- TURN ---

┌─ COMMAND: PlayerAction
│  Hank: CHECK
└─ EVENT: ActionTaken

┌─ COMMAND: PlayerAction
│  Grace: CHECK
└─ EVENT: ActionTaken

┌─ COMMAND: DealCommunityCards (RIVER)
└─ EVENT: CommunityCardsDealt
   Board: [J♥ 5♠ K♦ Q♣ 6♣]

--- RIVER ---

┌─ COMMAND: PlayerAction
│  Hank: BET $54
└─ EVENT: ActionTaken

┌─ COMMAND: PlayerAction
│  Grace: CALL $54
└─ EVENT: ActionTaken

   Grace wins $238

┌─ COMMAND: AwardPot
│  Grace: $238
└─ EVENT: PotAwarded

============================================================
HAND #93 - Dealer: Hank
============================================================

┌─ COMMAND: DealCards
│  hand: #93, dealer: seat 7
└─ EVENT: CardsDealt
   Grace: [Q♣ J♥] ($7,859)
   Hank: [5♠ 4♥] ($1,141)

┌─ COMMAND: PostBlind (small)
│  Hank: $5
└─ EVENT: BlindPosted

┌─ COMMAND: PostBlind (big)
│  Grace: $10
└─ EVENT: BlindPosted

--- PREFLOP ---

┌─ COMMAND: PlayerAction
│  Hank: RAISE $59
└─ EVENT: ActionTaken

┌─ COMMAND: PlayerAction
│  Grace: CALL $49
└─ EVENT: ActionTaken

┌─ COMMAND: DealCommunityCards (FLOP)
└─ EVENT: CommunityCardsDealt
   Board: [9♥ 8♣ 5♥]

--- FLOP ---

┌─ COMMAND: PlayerAction
│  Grace: CHECK
└─ EVENT: ActionTaken

┌─ COMMAND: PlayerAction
│  Hank: CHECK
└─ EVENT: ActionTaken

┌─ COMMAND: DealCommunityCards (TURN)
└─ EVENT: CommunityCardsDealt
   Board: [9♥ 8♣ 5♥ 4♦]

--- TURN ---

┌─ COMMAND: PlayerAction
│  Grace: CHECK
└─ EVENT: ActionTaken

┌─ COMMAND: PlayerAction
│  Hank: CHECK
└─ EVENT: ActionTaken

┌─ COMMAND: DealCommunityCards (RIVER)
└─ EVENT: CommunityCardsDealt
   Board: [9♥ 8♣ 5♥ 4♦ 8♥]

--- RIVER ---

┌─ COMMAND: PlayerAction
│  Grace: CHECK
└─ EVENT: ActionTaken

┌─ COMMAND: PlayerAction
│  Hank: CHECK
└─ EVENT: ActionTaken

   Grace wins $118

┌─ COMMAND: AwardPot
│  Grace: $118
└─ EVENT: PotAwarded

============================================================
HAND #94 - Dealer: Grace
============================================================

┌─ COMMAND: DealCards
│  hand: #94, dealer: seat 6
└─ EVENT: CardsDealt
   Grace: [8♦ 2♥] ($7,918)
   Hank: [5♠ A♣] ($1,082)

┌─ COMMAND: PostBlind (small)
│  Grace: $5
└─ EVENT: BlindPosted

┌─ COMMAND: PostBlind (big)
│  Hank: $10
└─ EVENT: BlindPosted

--- PREFLOP ---

┌─ COMMAND: PlayerAction
│  Grace: CALL $5
└─ EVENT: ActionTaken

┌─ COMMAND: PlayerAction
│  Hank: CHECK
└─ EVENT: ActionTaken

┌─ COMMAND: DealCommunityCards (FLOP)
└─ EVENT: CommunityCardsDealt
   Board: [Q♥ 9♥ T♦]

--- FLOP ---

┌─ COMMAND: PlayerAction
│  Hank: CHECK
└─ EVENT: ActionTaken

┌─ COMMAND: PlayerAction
│  Grace: CHECK
└─ EVENT: ActionTaken

┌─ COMMAND: DealCommunityCards (TURN)
└─ EVENT: CommunityCardsDealt
   Board: [Q♥ 9♥ T♦ J♠]

--- TURN ---

┌─ COMMAND: PlayerAction
│  Hank: CHECK
└─ EVENT: ActionTaken

┌─ COMMAND: PlayerAction
│  Grace: CHECK
└─ EVENT: ActionTaken

┌─ COMMAND: DealCommunityCards (RIVER)
└─ EVENT: CommunityCardsDealt
   Board: [Q♥ 9♥ T♦ J♠ 5♦]

--- RIVER ---

┌─ COMMAND: PlayerAction
│  Hank: CHECK
└─ EVENT: ActionTaken

┌─ COMMAND: PlayerAction
│  Grace: CHECK
└─ EVENT: ActionTaken

   Grace wins $20

┌─ COMMAND: AwardPot
│  Grace: $20
└─ EVENT: PotAwarded

============================================================
HAND #95 - Dealer: Hank
============================================================

┌─ COMMAND: DealCards
│  hand: #95, dealer: seat 7
└─ EVENT: CardsDealt
   Grace: [5♣ 2♣] ($7,928)
   Hank: [8♣ 9♦] ($1,072)

┌─ COMMAND: PostBlind (small)
│  Hank: $5
└─ EVENT: BlindPosted

┌─ COMMAND: PostBlind (big)
│  Grace: $10
└─ EVENT: BlindPosted

--- PREFLOP ---

┌─ COMMAND: PlayerAction
│  Hank: RAISE $60
└─ EVENT: ActionTaken

┌─ COMMAND: PlayerAction
│  Grace: CALL $50
└─ EVENT: ActionTaken

┌─ COMMAND: DealCommunityCards (FLOP)
└─ EVENT: CommunityCardsDealt
   Board: [K♣ 7♣ Q♣]

--- FLOP ---

┌─ COMMAND: PlayerAction
│  Grace: CHECK
└─ EVENT: ActionTaken

┌─ COMMAND: PlayerAction
│  Hank: BET $58
└─ EVENT: ActionTaken

┌─ COMMAND: PlayerAction
│  Grace: CALL $58
└─ EVENT: ActionTaken

┌─ COMMAND: DealCommunityCards (TURN)
└─ EVENT: CommunityCardsDealt
   Board: [K♣ 7♣ Q♣ 3♠]

--- TURN ---

┌─ COMMAND: PlayerAction
│  Grace: BET $45
└─ EVENT: ActionTaken

┌─ COMMAND: PlayerAction
│  Hank: CALL $45
└─ EVENT: ActionTaken

┌─ COMMAND: DealCommunityCards (RIVER)
└─ EVENT: CommunityCardsDealt
   Board: [K♣ 7♣ Q♣ 3♠ 4♣]

--- RIVER ---

┌─ COMMAND: PlayerAction
│  Grace: CHECK
└─ EVENT: ActionTaken

┌─ COMMAND: PlayerAction
│  Hank: BET $57
└─ EVENT: ActionTaken

┌─ COMMAND: PlayerAction
│  Grace: CALL $57
└─ EVENT: ActionTaken

   Hank wins $440

┌─ COMMAND: AwardPot
│  Hank: $440
└─ EVENT: PotAwarded

============================================================
HAND #96 - Dealer: Grace
============================================================

┌─ COMMAND: DealCards
│  hand: #96, dealer: seat 6
└─ EVENT: CardsDealt
   Grace: [7♦ Q♠] ($7,708)
   Hank: [J♥ K♣] ($1,292)

┌─ COMMAND: PostBlind (small)
│  Grace: $5
└─ EVENT: BlindPosted

┌─ COMMAND: PostBlind (big)
│  Hank: $10
└─ EVENT: BlindPosted

--- PREFLOP ---

┌─ COMMAND: PlayerAction
│  Grace: RAISE $48
└─ EVENT: ActionTaken

┌─ COMMAND: PlayerAction
│  Hank: CALL $38
└─ EVENT: ActionTaken

┌─ COMMAND: DealCommunityCards (FLOP)
└─ EVENT: CommunityCardsDealt
   Board: [4♠ 8♦ K♦]

--- FLOP ---

┌─ COMMAND: PlayerAction
│  Hank: CHECK
└─ EVENT: ActionTaken

┌─ COMMAND: PlayerAction
│  Grace: CHECK
└─ EVENT: ActionTaken

┌─ COMMAND: DealCommunityCards (TURN)
└─ EVENT: CommunityCardsDealt
   Board: [4♠ 8♦ K♦ 7♣]

--- TURN ---

┌─ COMMAND: PlayerAction
│  Hank: BET $59
└─ EVENT: ActionTaken

┌─ COMMAND: PlayerAction
│  Grace: CALL $59
└─ EVENT: ActionTaken

┌─ COMMAND: DealCommunityCards (RIVER)
└─ EVENT: CommunityCardsDealt
   Board: [4♠ 8♦ K♦ 7♣ 4♦]

--- RIVER ---

┌─ COMMAND: PlayerAction
│  Hank: CHECK
└─ EVENT: ActionTaken

┌─ COMMAND: PlayerAction
│  Grace: CHECK
└─ EVENT: ActionTaken

   Hank wins $214

┌─ COMMAND: AwardPot
│  Hank: $214
└─ EVENT: PotAwarded

============================================================
HAND #97 - Dealer: Hank
============================================================

┌─ COMMAND: DealCards
│  hand: #97, dealer: seat 7
└─ EVENT: CardsDealt
   Grace: [4♣ Q♥] ($7,601)
   Hank: [T♠ 9♣] ($1,399)

┌─ COMMAND: PostBlind (small)
│  Hank: $5
└─ EVENT: BlindPosted

┌─ COMMAND: PostBlind (big)
│  Grace: $10
└─ EVENT: BlindPosted

--- PREFLOP ---

┌─ COMMAND: PlayerAction
│  Hank: CALL $5
└─ EVENT: ActionTaken

┌─ COMMAND: PlayerAction
│  Grace: RAISE $48
└─ EVENT: ActionTaken

┌─ COMMAND: PlayerAction
│  Hank: CALL $38
└─ EVENT: ActionTaken

┌─ COMMAND: DealCommunityCards (FLOP)
└─ EVENT: CommunityCardsDealt
   Board: [4♦ K♥ 4♥]

--- FLOP ---

┌─ COMMAND: PlayerAction
│  Grace: CHECK
└─ EVENT: ActionTaken

┌─ COMMAND: PlayerAction
│  Hank: CHECK
└─ EVENT: ActionTaken

┌─ COMMAND: DealCommunityCards (TURN)
└─ EVENT: CommunityCardsDealt
   Board: [4♦ K♥ 4♥ 5♥]

--- TURN ---

┌─ COMMAND: PlayerAction
│  Grace: CHECK
└─ EVENT: ActionTaken

┌─ COMMAND: PlayerAction
│  Hank: CHECK
└─ EVENT: ActionTaken

┌─ COMMAND: DealCommunityCards (RIVER)
└─ EVENT: CommunityCardsDealt
   Board: [4♦ K♥ 4♥ 5♥ 2♣]

--- RIVER ---

┌─ COMMAND: PlayerAction
│  Grace: CHECK
└─ EVENT: ActionTaken

┌─ COMMAND: PlayerAction
│  Hank: CHECK
└─ EVENT: ActionTaken

   Grace wins $96

┌─ COMMAND: AwardPot
│  Grace: $96
└─ EVENT: PotAwarded

============================================================
HAND #98 - Dealer: Grace
============================================================

┌─ COMMAND: DealCards
│  hand: #98, dealer: seat 6
└─ EVENT: CardsDealt
   Grace: [5♥ 8♣] ($7,649)
   Hank: [9♦ 6♣] ($1,351)

┌─ COMMAND: PostBlind (small)
│  Grace: $5
└─ EVENT: BlindPosted

┌─ COMMAND: PostBlind (big)
│  Hank: $10
└─ EVENT: BlindPosted

--- PREFLOP ---

┌─ COMMAND: PlayerAction
│  Grace: RAISE $47
└─ EVENT: ActionTaken

┌─ COMMAND: PlayerAction
│  Hank: CALL $37
└─ EVENT: ActionTaken

┌─ COMMAND: DealCommunityCards (FLOP)
└─ EVENT: CommunityCardsDealt
   Board: [K♥ 2♦ 7♦]

--- FLOP ---

┌─ COMMAND: PlayerAction
│  Hank: CHECK
└─ EVENT: ActionTaken

┌─ COMMAND: PlayerAction
│  Grace: CHECK
└─ EVENT: ActionTaken

┌─ COMMAND: DealCommunityCards (TURN)
└─ EVENT: CommunityCardsDealt
   Board: [K♥ 2♦ 7♦ 4♦]

--- TURN ---

┌─ COMMAND: PlayerAction
│  Hank: CHECK
└─ EVENT: ActionTaken

┌─ COMMAND: PlayerAction
│  Grace: CHECK
└─ EVENT: ActionTaken

┌─ COMMAND: DealCommunityCards (RIVER)
└─ EVENT: CommunityCardsDealt
   Board: [K♥ 2♦ 7♦ 4♦ K♦]

--- RIVER ---

┌─ COMMAND: PlayerAction
│  Hank: CHECK
└─ EVENT: ActionTaken

┌─ COMMAND: PlayerAction
│  Grace: BET $49
└─ EVENT: ActionTaken

┌─ COMMAND: PlayerAction
│  Hank: CALL $49
└─ EVENT: ActionTaken

   Grace wins $192

┌─ COMMAND: AwardPot
│  Grace: $192
└─ EVENT: PotAwarded

============================================================
HAND #99 - Dealer: Hank
============================================================

┌─ COMMAND: DealCards
│  hand: #99, dealer: seat 7
└─ EVENT: CardsDealt
   Grace: [9♦ 8♣] ($7,745)
   Hank: [J♥ T♦] ($1,255)

┌─ COMMAND: PostBlind (small)
│  Hank: $5
└─ EVENT: BlindPosted

┌─ COMMAND: PostBlind (big)
│  Grace: $10
└─ EVENT: BlindPosted

--- PREFLOP ---

┌─ COMMAND: PlayerAction
│  Hank: RAISE $61
└─ EVENT: ActionTaken

┌─ COMMAND: PlayerAction
│  Grace: CALL $51
└─ EVENT: ActionTaken

┌─ COMMAND: DealCommunityCards (FLOP)
└─ EVENT: CommunityCardsDealt
   Board: [T♣ 2♥ 4♠]

--- FLOP ---

┌─ COMMAND: PlayerAction
│  Grace: CHECK
└─ EVENT: ActionTaken

┌─ COMMAND: PlayerAction
│  Hank: BET $58
└─ EVENT: ActionTaken

┌─ COMMAND: PlayerAction
│  Grace: CALL $58
└─ EVENT: ActionTaken

┌─ COMMAND: DealCommunityCards (TURN)
└─ EVENT: CommunityCardsDealt
   Board: [T♣ 2♥ 4♠ K♦]

--- TURN ---

┌─ COMMAND: PlayerAction
│  Grace: BET $44
└─ EVENT: ActionTaken

┌─ COMMAND: PlayerAction
│  Hank: CALL $44
└─ EVENT: ActionTaken

┌─ COMMAND: DealCommunityCards (RIVER)
└─ EVENT: CommunityCardsDealt
   Board: [T♣ 2♥ 4♠ K♦ A♠]

--- RIVER ---

┌─ COMMAND: PlayerAction
│  Grace: CHECK
└─ EVENT: ActionTaken

┌─ COMMAND: PlayerAction
│  Hank: CHECK
└─ EVENT: ActionTaken

   Hank wins $326

┌─ COMMAND: AwardPot
│  Hank: $326
└─ EVENT: PotAwarded

============================================================
HAND #100 - Dealer: Grace
============================================================

┌─ COMMAND: DealCards
│  hand: #100, dealer: seat 6
└─ EVENT: CardsDealt
   Grace: [T♦ K♥] ($7,582)
   Hank: [7♥ 6♦] ($1,418)

┌─ COMMAND: PostBlind (small)
│  Grace: $5
└─ EVENT: BlindPosted

┌─ COMMAND: PostBlind (big)
│  Hank: $10
└─ EVENT: BlindPosted

--- PREFLOP ---

┌─ COMMAND: PlayerAction
│  Grace: RAISE $47
└─ EVENT: ActionTaken

┌─ COMMAND: PlayerAction
│  Hank: CALL $37
└─ EVENT: ActionTaken

┌─ COMMAND: DealCommunityCards (FLOP)
└─ EVENT: CommunityCardsDealt
   Board: [2♣ A♠ 7♠]

--- FLOP ---

┌─ COMMAND: PlayerAction
│  Hank: CHECK
└─ EVENT: ActionTaken

┌─ COMMAND: PlayerAction
│  Grace: CHECK
└─ EVENT: ActionTaken

┌─ COMMAND: DealCommunityCards (TURN)
└─ EVENT: CommunityCardsDealt
   Board: [2♣ A♠ 7♠ J♠]

--- TURN ---

┌─ COMMAND: PlayerAction
│  Hank: CHECK
└─ EVENT: ActionTaken

┌─ COMMAND: PlayerAction
│  Grace: BET $44
└─ EVENT: ActionTaken

┌─ COMMAND: PlayerAction
│  Hank: CALL $44
└─ EVENT: ActionTaken

┌─ COMMAND: DealCommunityCards (RIVER)
└─ EVENT: CommunityCardsDealt
   Board: [2♣ A♠ 7♠ J♠ 4♥]

--- RIVER ---

┌─ COMMAND: PlayerAction
│  Hank: CHECK
└─ EVENT: ActionTaken

┌─ COMMAND: PlayerAction
│  Grace: CHECK
└─ EVENT: ActionTaken

   Hank wins $182

┌─ COMMAND: AwardPot
│  Hank: $182
└─ EVENT: PotAwarded

============================================================
HAND #101 - Dealer: Hank
============================================================

┌─ COMMAND: DealCards
│  hand: #101, dealer: seat 7
└─ EVENT: CardsDealt
   Grace: [A♠ A♦] ($7,491)
   Hank: [9♣ 6♦] ($1,509)

┌─ COMMAND: PostBlind (small)
│  Hank: $5
└─ EVENT: BlindPosted

┌─ COMMAND: PostBlind (big)
│  Grace: $10
└─ EVENT: BlindPosted

--- PREFLOP ---

┌─ COMMAND: PlayerAction
│  Hank: CALL $5
└─ EVENT: ActionTaken

┌─ COMMAND: PlayerAction
│  Grace: RAISE $46
└─ EVENT: ActionTaken

┌─ COMMAND: PlayerAction
│  Hank: CALL $36
└─ EVENT: ActionTaken

┌─ COMMAND: DealCommunityCards (FLOP)
└─ EVENT: CommunityCardsDealt
   Board: [6♣ T♠ 4♣]

--- FLOP ---

┌─ COMMAND: PlayerAction
│  Grace: BET $46
└─ EVENT: ActionTaken

┌─ COMMAND: PlayerAction
│  Hank: CALL $46
└─ EVENT: ActionTaken

┌─ COMMAND: DealCommunityCards (TURN)
└─ EVENT: CommunityCardsDealt
   Board: [6♣ T♠ 4♣ J♥]

--- TURN ---

┌─ COMMAND: PlayerAction
│  Grace: CHECK
└─ EVENT: ActionTaken

┌─ COMMAND: PlayerAction
│  Hank: CHECK
└─ EVENT: ActionTaken

┌─ COMMAND: DealCommunityCards (RIVER)
└─ EVENT: CommunityCardsDealt
   Board: [6♣ T♠ 4♣ J♥ A♥]

--- RIVER ---

┌─ COMMAND: PlayerAction
│  Grace: CHECK
└─ EVENT: ActionTaken

┌─ COMMAND: PlayerAction
│  Hank: BET $58
└─ EVENT: ActionTaken

┌─ COMMAND: PlayerAction
│  Grace: CALL $58
└─ EVENT: ActionTaken

   Hank wins $300

┌─ COMMAND: AwardPot
│  Hank: $300
└─ EVENT: PotAwarded

============================================================
HAND #102 - Dealer: Grace
============================================================

┌─ COMMAND: DealCards
│  hand: #102, dealer: seat 6
└─ EVENT: CardsDealt
   Grace: [8♦ J♦] ($7,341)
   Hank: [T♠ 5♣] ($1,659)

┌─ COMMAND: PostBlind (small)
│  Grace: $5
└─ EVENT: BlindPosted

┌─ COMMAND: PostBlind (big)
│  Hank: $10
└─ EVENT: BlindPosted

--- PREFLOP ---

┌─ COMMAND: PlayerAction
│  Grace: RAISE $44
└─ EVENT: ActionTaken

┌─ COMMAND: PlayerAction
│  Hank: CALL $34
└─ EVENT: ActionTaken

┌─ COMMAND: DealCommunityCards (FLOP)
└─ EVENT: CommunityCardsDealt
   Board: [2♠ 4♦ 8♠]

--- FLOP ---

┌─ COMMAND: PlayerAction
│  Hank: BET $60
└─ EVENT: ActionTaken

┌─ COMMAND: PlayerAction
│  Grace: CALL $60
└─ EVENT: ActionTaken

┌─ COMMAND: DealCommunityCards (TURN)
└─ EVENT: CommunityCardsDealt
   Board: [2♠ 4♦ 8♠ 9♥]

--- TURN ---

┌─ COMMAND: PlayerAction
│  Hank: CHECK
└─ EVENT: ActionTaken

┌─ COMMAND: PlayerAction
│  Grace: CHECK
└─ EVENT: ActionTaken

┌─ COMMAND: DealCommunityCards (RIVER)
└─ EVENT: CommunityCardsDealt
   Board: [2♠ 4♦ 8♠ 9♥ A♠]

--- RIVER ---

┌─ COMMAND: PlayerAction
│  Hank: BET $60
└─ EVENT: ActionTaken

┌─ COMMAND: PlayerAction
│  Grace: CALL $60
└─ EVENT: ActionTaken

   Grace wins $328

┌─ COMMAND: AwardPot
│  Grace: $328
└─ EVENT: PotAwarded

============================================================
HAND #103 - Dealer: Hank
============================================================

┌─ COMMAND: DealCards
│  hand: #103, dealer: seat 7
└─ EVENT: CardsDealt
   Grace: [3♦ T♣] ($7,505)
   Hank: [8♠ A♠] ($1,495)

┌─ COMMAND: PostBlind (small)
│  Hank: $5
└─ EVENT: BlindPosted

┌─ COMMAND: PostBlind (big)
│  Grace: $10
└─ EVENT: BlindPosted

--- PREFLOP ---

┌─ COMMAND: PlayerAction
│  Hank: RAISE $62
└─ EVENT: ActionTaken

┌─ COMMAND: PlayerAction
│  Grace: CALL $52
└─ EVENT: ActionTaken

┌─ COMMAND: DealCommunityCards (FLOP)
└─ EVENT: CommunityCardsDealt
   Board: [A♦ 6♥ J♦]

--- FLOP ---

┌─ COMMAND: PlayerAction
│  Grace: BET $46
└─ EVENT: ActionTaken

┌─ COMMAND: PlayerAction
│  Hank: CALL $46
└─ EVENT: ActionTaken

┌─ COMMAND: DealCommunityCards (TURN)
└─ EVENT: CommunityCardsDealt
   Board: [A♦ 6♥ J♦ Q♦]

--- TURN ---

┌─ COMMAND: PlayerAction
│  Grace: BET $46
└─ EVENT: ActionTaken

┌─ COMMAND: PlayerAction
│  Hank: CALL $46
└─ EVENT: ActionTaken

┌─ COMMAND: DealCommunityCards (RIVER)
└─ EVENT: CommunityCardsDealt
   Board: [A♦ 6♥ J♦ Q♦ 3♥]

--- RIVER ---

┌─ COMMAND: PlayerAction
│  Grace: BET $48
└─ EVENT: ActionTaken

┌─ COMMAND: PlayerAction
│  Hank: CALL $48
└─ EVENT: ActionTaken

   Grace wins $404

┌─ COMMAND: AwardPot
│  Grace: $404
└─ EVENT: PotAwarded

============================================================
HAND #104 - Dealer: Grace
============================================================

┌─ COMMAND: DealCards
│  hand: #104, dealer: seat 6
└─ EVENT: CardsDealt
   Grace: [A♥ 7♣] ($7,707)
   Hank: [T♣ 8♠] ($1,293)

┌─ COMMAND: PostBlind (small)
│  Grace: $5
└─ EVENT: BlindPosted

┌─ COMMAND: PostBlind (big)
│  Hank: $10
└─ EVENT: BlindPosted

--- PREFLOP ---

┌─ COMMAND: PlayerAction
│  Grace: RAISE $47
└─ EVENT: ActionTaken

┌─ COMMAND: PlayerAction
│  Hank: CALL $37
└─ EVENT: ActionTaken

┌─ COMMAND: DealCommunityCards (FLOP)
└─ EVENT: CommunityCardsDealt
   Board: [3♥ J♠ 3♦]

--- FLOP ---

┌─ COMMAND: PlayerAction
│  Hank: CHECK
└─ EVENT: ActionTaken

┌─ COMMAND: PlayerAction
│  Grace: BET $46
└─ EVENT: ActionTaken

┌─ COMMAND: PlayerAction
│  Hank: CALL $46
└─ EVENT: ActionTaken

┌─ COMMAND: DealCommunityCards (TURN)
└─ EVENT: CommunityCardsDealt
   Board: [3♥ J♠ 3♦ Q♠]

--- TURN ---

┌─ COMMAND: PlayerAction
│  Hank: BET $56
└─ EVENT: ActionTaken

┌─ COMMAND: PlayerAction
│  Grace: CALL $56
└─ EVENT: ActionTaken

┌─ COMMAND: DealCommunityCards (RIVER)
└─ EVENT: CommunityCardsDealt
   Board: [3♥ J♠ 3♦ Q♠ T♥]

--- RIVER ---

┌─ COMMAND: PlayerAction
│  Hank: CHECK
└─ EVENT: ActionTaken

┌─ COMMAND: PlayerAction
│  Grace: CHECK
└─ EVENT: ActionTaken

   Grace wins $298

┌─ COMMAND: AwardPot
│  Grace: $298
└─ EVENT: PotAwarded

============================================================
HAND #105 - Dealer: Hank
============================================================

┌─ COMMAND: DealCards
│  hand: #105, dealer: seat 7
└─ EVENT: CardsDealt
   Grace: [6♠ T♣] ($7,856)
   Hank: [A♣ 3♥] ($1,144)

┌─ COMMAND: PostBlind (small)
│  Hank: $5
└─ EVENT: BlindPosted

┌─ COMMAND: PostBlind (big)
│  Grace: $10
└─ EVENT: BlindPosted

--- PREFLOP ---

┌─ COMMAND: PlayerAction
│  Hank: CALL $5
└─ EVENT: ActionTaken

┌─ COMMAND: PlayerAction
│  Grace: RAISE $47
└─ EVENT: ActionTaken

┌─ COMMAND: PlayerAction
│  Hank: CALL $37
└─ EVENT: ActionTaken

┌─ COMMAND: DealCommunityCards (FLOP)
└─ EVENT: CommunityCardsDealt
   Board: [5♣ 5♦ 6♣]

--- FLOP ---

┌─ COMMAND: PlayerAction
│  Grace: CHECK
└─ EVENT: ActionTaken

┌─ COMMAND: PlayerAction
│  Hank: BET $60
└─ EVENT: ActionTaken

┌─ COMMAND: PlayerAction
│  Grace: CALL $60
└─ EVENT: ActionTaken

┌─ COMMAND: DealCommunityCards (TURN)
└─ EVENT: CommunityCardsDealt
   Board: [5♣ 5♦ 6♣ T♥]

--- TURN ---

┌─ COMMAND: PlayerAction
│  Grace: CHECK
└─ EVENT: ActionTaken

┌─ COMMAND: PlayerAction
│  Hank: CHECK
└─ EVENT: ActionTaken

┌─ COMMAND: DealCommunityCards (RIVER)
└─ EVENT: CommunityCardsDealt
   Board: [5♣ 5♦ 6♣ T♥ 9♦]

--- RIVER ---

┌─ COMMAND: PlayerAction
│  Grace: BET $45
└─ EVENT: ActionTaken

┌─ COMMAND: PlayerAction
│  Hank: CALL $45
└─ EVENT: ActionTaken

   Hank wins $304

┌─ COMMAND: AwardPot
│  Hank: $304
└─ EVENT: PotAwarded

============================================================
HAND #106 - Dealer: Grace
============================================================

┌─ COMMAND: DealCards
│  hand: #106, dealer: seat 6
└─ EVENT: CardsDealt
   Grace: [J♦ Q♦] ($7,704)
   Hank: [K♦ 6♠] ($1,296)

┌─ COMMAND: PostBlind (small)
│  Grace: $5
└─ EVENT: BlindPosted

┌─ COMMAND: PostBlind (big)
│  Hank: $10
└─ EVENT: BlindPosted

--- PREFLOP ---

┌─ COMMAND: PlayerAction
│  Grace: CALL $5
└─ EVENT: ActionTaken

┌─ COMMAND: PlayerAction
│  Hank: RAISE $59
└─ EVENT: ActionTaken

┌─ COMMAND: PlayerAction
│  Grace: CALL $49
└─ EVENT: ActionTaken

┌─ COMMAND: DealCommunityCards (FLOP)
└─ EVENT: CommunityCardsDealt
   Board: [8♣ A♥ J♠]

--- FLOP ---

┌─ COMMAND: PlayerAction
│  Hank: CHECK
└─ EVENT: ActionTaken

┌─ COMMAND: PlayerAction
│  Grace: CHECK
└─ EVENT: ActionTaken

┌─ COMMAND: DealCommunityCards (TURN)
└─ EVENT: CommunityCardsDealt
   Board: [8♣ A♥ J♠ 2♥]

--- TURN ---

┌─ COMMAND: PlayerAction
│  Hank: CHECK
└─ EVENT: ActionTaken

┌─ COMMAND: PlayerAction
│  Grace: CHECK
└─ EVENT: ActionTaken

┌─ COMMAND: DealCommunityCards (RIVER)
└─ EVENT: CommunityCardsDealt
   Board: [8♣ A♥ J♠ 2♥ 4♠]

--- RIVER ---

┌─ COMMAND: PlayerAction
│  Hank: CHECK
└─ EVENT: ActionTaken

┌─ COMMAND: PlayerAction
│  Grace: BET $49
└─ EVENT: ActionTaken

┌─ COMMAND: PlayerAction
│  Hank: CALL $49
└─ EVENT: ActionTaken

   Hank wins $216

┌─ COMMAND: AwardPot
│  Hank: $216
└─ EVENT: PotAwarded

============================================================
HAND #107 - Dealer: Hank
============================================================

┌─ COMMAND: DealCards
│  hand: #107, dealer: seat 7
└─ EVENT: CardsDealt
   Grace: [8♥ 7♣] ($7,596)
   Hank: [2♦ J♥] ($1,404)

┌─ COMMAND: PostBlind (small)
│  Hank: $5
└─ EVENT: BlindPosted

┌─ COMMAND: PostBlind (big)
│  Grace: $10
└─ EVENT: BlindPosted

--- PREFLOP ---

┌─ COMMAND: PlayerAction
│  Hank: RAISE $61
└─ EVENT: ActionTaken

┌─ COMMAND: PlayerAction
│  Grace: CALL $51
└─ EVENT: ActionTaken

┌─ COMMAND: DealCommunityCards (FLOP)
└─ EVENT: CommunityCardsDealt
   Board: [J♠ 3♥ 7♠]

--- FLOP ---

┌─ COMMAND: PlayerAction
│  Grace: CHECK
└─ EVENT: ActionTaken

┌─ COMMAND: PlayerAction
│  Hank: BET $63
└─ EVENT: ActionTaken

┌─ COMMAND: PlayerAction
│  Grace: CALL $63
└─ EVENT: ActionTaken

┌─ COMMAND: DealCommunityCards (TURN)
└─ EVENT: CommunityCardsDealt
   Board: [J♠ 3♥ 7♠ T♦]

--- TURN ---

┌─ COMMAND: PlayerAction
│  Grace: CHECK
└─ EVENT: ActionTaken

┌─ COMMAND: PlayerAction
│  Hank: CHECK
└─ EVENT: ActionTaken

┌─ COMMAND: DealCommunityCards (RIVER)
└─ EVENT: CommunityCardsDealt
   Board: [J♠ 3♥ 7♠ T♦ 6♠]

--- RIVER ---

┌─ COMMAND: PlayerAction
│  Grace: CHECK
└─ EVENT: ActionTaken

┌─ COMMAND: PlayerAction
│  Hank: BET $56
└─ EVENT: ActionTaken

┌─ COMMAND: PlayerAction
│  Grace: CALL $56
└─ EVENT: ActionTaken

   Grace wins $360

┌─ COMMAND: AwardPot
│  Grace: $360
└─ EVENT: PotAwarded

============================================================
HAND #108 - Dealer: Grace
============================================================

┌─ COMMAND: DealCards
│  hand: #108, dealer: seat 6
└─ EVENT: CardsDealt
   Grace: [2♠ J♥] ($7,776)
   Hank: [4♣ 2♣] ($1,224)

┌─ COMMAND: PostBlind (small)
│  Grace: $5
└─ EVENT: BlindPosted

┌─ COMMAND: PostBlind (big)
│  Hank: $10
└─ EVENT: BlindPosted

--- PREFLOP ---

┌─ COMMAND: PlayerAction
│  Grace: CALL $5
└─ EVENT: ActionTaken

┌─ COMMAND: PlayerAction
│  Hank: RAISE $63
└─ EVENT: ActionTaken

┌─ COMMAND: PlayerAction
│  Grace: CALL $53
└─ EVENT: ActionTaken

┌─ COMMAND: DealCommunityCards (FLOP)
└─ EVENT: CommunityCardsDealt
   Board: [6♦ 2♦ 3♥]

--- FLOP ---

┌─ COMMAND: PlayerAction
│  Hank: CHECK
└─ EVENT: ActionTaken

┌─ COMMAND: PlayerAction
│  Grace: CHECK
└─ EVENT: ActionTaken

┌─ COMMAND: DealCommunityCards (TURN)
└─ EVENT: CommunityCardsDealt
   Board: [6♦ 2♦ 3♥ J♦]

--- TURN ---

┌─ COMMAND: PlayerAction
│  Hank: CHECK
└─ EVENT: ActionTaken

┌─ COMMAND: PlayerAction
│  Grace: BET $47
└─ EVENT: ActionTaken

┌─ COMMAND: PlayerAction
│  Hank: CALL $47
└─ EVENT: ActionTaken

┌─ COMMAND: DealCommunityCards (RIVER)
└─ EVENT: CommunityCardsDealt
   Board: [6♦ 2♦ 3♥ J♦ 9♦]

--- RIVER ---

┌─ COMMAND: PlayerAction
│  Hank: CHECK
└─ EVENT: ActionTaken

┌─ COMMAND: PlayerAction
│  Grace: CHECK
└─ EVENT: ActionTaken

   Grace wins $220

┌─ COMMAND: AwardPot
│  Grace: $220
└─ EVENT: PotAwarded

============================================================
HAND #109 - Dealer: Hank
============================================================

┌─ COMMAND: DealCards
│  hand: #109, dealer: seat 7
└─ EVENT: CardsDealt
   Grace: [T♥ 3♦] ($7,886)
   Hank: [4♣ 4♥] ($1,114)

┌─ COMMAND: PostBlind (small)
│  Hank: $5
└─ EVENT: BlindPosted

┌─ COMMAND: PostBlind (big)
│  Grace: $10
└─ EVENT: BlindPosted

--- PREFLOP ---

┌─ COMMAND: PlayerAction
│  Hank: RAISE $59
└─ EVENT: ActionTaken

┌─ COMMAND: PlayerAction
│  Grace: CALL $49
└─ EVENT: ActionTaken

┌─ COMMAND: DealCommunityCards (FLOP)
└─ EVENT: CommunityCardsDealt
   Board: [9♦ J♥ 9♣]

--- FLOP ---

┌─ COMMAND: PlayerAction
│  Grace: BET $47
└─ EVENT: ActionTaken

┌─ COMMAND: PlayerAction
│  Hank: CALL $47
└─ EVENT: ActionTaken

┌─ COMMAND: DealCommunityCards (TURN)
└─ EVENT: CommunityCardsDealt
   Board: [9♦ J♥ 9♣ 2♦]

--- TURN ---

┌─ COMMAND: PlayerAction
│  Grace: BET $44
└─ EVENT: ActionTaken

┌─ COMMAND: PlayerAction
│  Hank: CALL $44
└─ EVENT: ActionTaken

┌─ COMMAND: DealCommunityCards (RIVER)
└─ EVENT: CommunityCardsDealt
   Board: [9♦ J♥ 9♣ 2♦ 4♦]

--- RIVER ---

┌─ COMMAND: PlayerAction
│  Grace: CHECK
└─ EVENT: ActionTaken

┌─ COMMAND: PlayerAction
│  Hank: BET $62
└─ EVENT: ActionTaken

┌─ COMMAND: PlayerAction
│  Grace: CALL $62
└─ EVENT: ActionTaken

   Grace wins $424

┌─ COMMAND: AwardPot
│  Grace: $424
└─ EVENT: PotAwarded

============================================================
HAND #110 - Dealer: Grace
============================================================

┌─ COMMAND: DealCards
│  hand: #110, dealer: seat 6
└─ EVENT: CardsDealt
   Grace: [J♣ 9♦] ($8,098)
   Hank: [3♣ T♣] ($902)

┌─ COMMAND: PostBlind (small)
│  Grace: $5
└─ EVENT: BlindPosted

┌─ COMMAND: PostBlind (big)
│  Hank: $10
└─ EVENT: BlindPosted

--- PREFLOP ---

┌─ COMMAND: PlayerAction
│  Grace: CALL $5
└─ EVENT: ActionTaken

┌─ COMMAND: PlayerAction
│  Hank: CHECK
└─ EVENT: ActionTaken

┌─ COMMAND: DealCommunityCards (FLOP)
└─ EVENT: CommunityCardsDealt
   Board: [K♠ T♠ 5♥]

--- FLOP ---

┌─ COMMAND: PlayerAction
│  Hank: BET $60
└─ EVENT: ActionTaken

┌─ COMMAND: PlayerAction
│  Grace: CALL $60
└─ EVENT: ActionTaken

┌─ COMMAND: DealCommunityCards (TURN)
└─ EVENT: CommunityCardsDealt
   Board: [K♠ T♠ 5♥ 8♥]

--- TURN ---

┌─ COMMAND: PlayerAction
│  Hank: CHECK
└─ EVENT: ActionTaken

┌─ COMMAND: PlayerAction
│  Grace: CHECK
└─ EVENT: ActionTaken

┌─ COMMAND: DealCommunityCards (RIVER)
└─ EVENT: CommunityCardsDealt
   Board: [K♠ T♠ 5♥ 8♥ 3♥]

--- RIVER ---

┌─ COMMAND: PlayerAction
│  Hank: CHECK
└─ EVENT: ActionTaken

┌─ COMMAND: PlayerAction
│  Grace: CHECK
└─ EVENT: ActionTaken

   Grace wins $140

┌─ COMMAND: AwardPot
│  Grace: $140
└─ EVENT: PotAwarded

============================================================
HAND #111 - Dealer: Hank
============================================================

┌─ COMMAND: DealCards
│  hand: #111, dealer: seat 7
└─ EVENT: CardsDealt
   Grace: [J♥ 5♥] ($8,168)
   Hank: [5♦ A♣] ($832)

┌─ COMMAND: PostBlind (small)
│  Hank: $5
└─ EVENT: BlindPosted

┌─ COMMAND: PostBlind (big)
│  Grace: $10
└─ EVENT: BlindPosted

--- PREFLOP ---

┌─ COMMAND: PlayerAction
│  Hank: RAISE $58
└─ EVENT: ActionTaken

┌─ COMMAND: PlayerAction
│  Grace: CALL $48
└─ EVENT: ActionTaken

┌─ COMMAND: DealCommunityCards (FLOP)
└─ EVENT: CommunityCardsDealt
   Board: [Q♠ T♠ A♠]

--- FLOP ---

┌─ COMMAND: PlayerAction
│  Grace: CHECK
└─ EVENT: ActionTaken

┌─ COMMAND: PlayerAction
│  Hank: CHECK
└─ EVENT: ActionTaken

┌─ COMMAND: DealCommunityCards (TURN)
└─ EVENT: CommunityCardsDealt
   Board: [Q♠ T♠ A♠ A♦]

--- TURN ---

┌─ COMMAND: PlayerAction
│  Grace: BET $44
└─ EVENT: ActionTaken

┌─ COMMAND: PlayerAction
│  Hank: CALL $44
└─ EVENT: ActionTaken

┌─ COMMAND: DealCommunityCards (RIVER)
└─ EVENT: CommunityCardsDealt
   Board: [Q♠ T♠ A♠ A♦ 4♥]

--- RIVER ---

┌─ COMMAND: PlayerAction
│  Grace: CHECK
└─ EVENT: ActionTaken

┌─ COMMAND: PlayerAction
│  Hank: CHECK
└─ EVENT: ActionTaken

   Hank wins $204

┌─ COMMAND: AwardPot
│  Hank: $204
└─ EVENT: PotAwarded

============================================================
HAND #112 - Dealer: Grace
============================================================

┌─ COMMAND: DealCards
│  hand: #112, dealer: seat 6
└─ EVENT: CardsDealt
   Grace: [Q♠ 5♦] ($8,066)
   Hank: [6♥ T♣] ($934)

┌─ COMMAND: PostBlind (small)
│  Grace: $5
└─ EVENT: BlindPosted

┌─ COMMAND: PostBlind (big)
│  Hank: $10
└─ EVENT: BlindPosted

--- PREFLOP ---

┌─ COMMAND: PlayerAction
│  Grace: RAISE $47
└─ EVENT: ActionTaken

┌─ COMMAND: PlayerAction
│  Hank: CALL $37
└─ EVENT: ActionTaken

┌─ COMMAND: DealCommunityCards (FLOP)
└─ EVENT: CommunityCardsDealt
   Board: [8♠ 7♠ 3♠]

--- FLOP ---

┌─ COMMAND: PlayerAction
│  Hank: CHECK
└─ EVENT: ActionTaken

┌─ COMMAND: PlayerAction
│  Grace: CHECK
└─ EVENT: ActionTaken

┌─ COMMAND: DealCommunityCards (TURN)
└─ EVENT: CommunityCardsDealt
   Board: [8♠ 7♠ 3♠ T♠]

--- TURN ---

┌─ COMMAND: PlayerAction
│  Hank: CHECK
└─ EVENT: ActionTaken

┌─ COMMAND: PlayerAction
│  Grace: CHECK
└─ EVENT: ActionTaken

┌─ COMMAND: DealCommunityCards (RIVER)
└─ EVENT: CommunityCardsDealt
   Board: [8♠ 7♠ 3♠ T♠ J♦]

--- RIVER ---

┌─ COMMAND: PlayerAction
│  Hank: BET $60
└─ EVENT: ActionTaken

┌─ COMMAND: PlayerAction
│  Grace: CALL $60
└─ EVENT: ActionTaken

   Hank wins $214

┌─ COMMAND: AwardPot
│  Hank: $214
└─ EVENT: PotAwarded

============================================================
HAND #113 - Dealer: Hank
============================================================

┌─ COMMAND: DealCards
│  hand: #113, dealer: seat 7
└─ EVENT: CardsDealt
   Grace: [8♠ 3♠] ($7,959)
   Hank: [5♥ 6♣] ($1,041)

┌─ COMMAND: PostBlind (small)
│  Hank: $5
└─ EVENT: BlindPosted

┌─ COMMAND: PostBlind (big)
│  Grace: $10
└─ EVENT: BlindPosted

--- PREFLOP ---

┌─ COMMAND: PlayerAction
│  Hank: CALL $5
└─ EVENT: ActionTaken

┌─ COMMAND: PlayerAction
│  Grace: CHECK
└─ EVENT: ActionTaken

┌─ COMMAND: DealCommunityCards (FLOP)
└─ EVENT: CommunityCardsDealt
   Board: [4♠ 4♥ 2♣]

--- FLOP ---

┌─ COMMAND: PlayerAction
│  Grace: CHECK
└─ EVENT: ActionTaken

┌─ COMMAND: PlayerAction
│  Hank: BET $61
└─ EVENT: ActionTaken

┌─ COMMAND: PlayerAction
│  Grace: CALL $61
└─ EVENT: ActionTaken

┌─ COMMAND: DealCommunityCards (TURN)
└─ EVENT: CommunityCardsDealt
   Board: [4♠ 4♥ 2♣ 5♠]

--- TURN ---

┌─ COMMAND: PlayerAction
│  Grace: BET $47
└─ EVENT: ActionTaken

┌─ COMMAND: PlayerAction
│  Hank: CALL $47
└─ EVENT: ActionTaken

┌─ COMMAND: DealCommunityCards (RIVER)
└─ EVENT: CommunityCardsDealt
   Board: [4♠ 4♥ 2♣ 5♠ 4♦]

--- RIVER ---

┌─ COMMAND: PlayerAction
│  Grace: CHECK
└─ EVENT: ActionTaken

┌─ COMMAND: PlayerAction
│  Hank: CHECK
└─ EVENT: ActionTaken

   Hank wins $236

┌─ COMMAND: AwardPot
│  Hank: $236
└─ EVENT: PotAwarded

============================================================
HAND #114 - Dealer: Grace
============================================================

┌─ COMMAND: DealCards
│  hand: #114, dealer: seat 6
└─ EVENT: CardsDealt
   Grace: [8♥ T♦] ($7,841)
   Hank: [T♠ K♠] ($1,159)

┌─ COMMAND: PostBlind (small)
│  Grace: $5
└─ EVENT: BlindPosted

┌─ COMMAND: PostBlind (big)
│  Hank: $10
└─ EVENT: BlindPosted

--- PREFLOP ---

┌─ COMMAND: PlayerAction
│  Grace: CALL $5
└─ EVENT: ActionTaken

┌─ COMMAND: PlayerAction
│  Hank: RAISE $57
└─ EVENT: ActionTaken

┌─ COMMAND: PlayerAction
│  Grace: CALL $47
└─ EVENT: ActionTaken

┌─ COMMAND: DealCommunityCards (FLOP)
└─ EVENT: CommunityCardsDealt
   Board: [A♠ 3♣ 6♣]

--- FLOP ---

┌─ COMMAND: PlayerAction
│  Hank: CHECK
└─ EVENT: ActionTaken

┌─ COMMAND: PlayerAction
│  Grace: CHECK
└─ EVENT: ActionTaken

┌─ COMMAND: DealCommunityCards (TURN)
└─ EVENT: CommunityCardsDealt
   Board: [A♠ 3♣ 6♣ 5♠]

--- TURN ---

┌─ COMMAND: PlayerAction
│  Hank: CHECK
└─ EVENT: ActionTaken

┌─ COMMAND: PlayerAction
│  Grace: CHECK
└─ EVENT: ActionTaken

┌─ COMMAND: DealCommunityCards (RIVER)
└─ EVENT: CommunityCardsDealt
   Board: [A♠ 3♣ 6♣ 5♠ 3♦]

--- RIVER ---

┌─ COMMAND: PlayerAction
│  Hank: CHECK
└─ EVENT: ActionTaken

┌─ COMMAND: PlayerAction
│  Grace: CHECK
└─ EVENT: ActionTaken

   Grace wins $114

┌─ COMMAND: AwardPot
│  Grace: $114
└─ EVENT: PotAwarded

============================================================
HAND #115 - Dealer: Hank
============================================================

┌─ COMMAND: DealCards
│  hand: #115, dealer: seat 7
└─ EVENT: CardsDealt
   Grace: [K♥ A♣] ($7,898)
   Hank: [J♠ 7♦] ($1,102)

┌─ COMMAND: PostBlind (small)
│  Hank: $5
└─ EVENT: BlindPosted

┌─ COMMAND: PostBlind (big)
│  Grace: $10
└─ EVENT: BlindPosted

--- PREFLOP ---

┌─ COMMAND: PlayerAction
│  Hank: RAISE $60
└─ EVENT: ActionTaken

┌─ COMMAND: PlayerAction
│  Grace: CALL $50
└─ EVENT: ActionTaken

┌─ COMMAND: DealCommunityCards (FLOP)
└─ EVENT: CommunityCardsDealt
   Board: [6♣ 9♠ 3♥]

--- FLOP ---

┌─ COMMAND: PlayerAction
│  Grace: CHECK
└─ EVENT: ActionTaken

┌─ COMMAND: PlayerAction
│  Hank: BET $57
└─ EVENT: ActionTaken

┌─ COMMAND: PlayerAction
│  Grace: CALL $57
└─ EVENT: ActionTaken

┌─ COMMAND: DealCommunityCards (TURN)
└─ EVENT: CommunityCardsDealt
   Board: [6♣ 9♠ 3♥ Q♥]

--- TURN ---

┌─ COMMAND: PlayerAction
│  Grace: BET $49
└─ EVENT: ActionTaken

┌─ COMMAND: PlayerAction
│  Hank: CALL $49
└─ EVENT: ActionTaken

┌─ COMMAND: DealCommunityCards (RIVER)
└─ EVENT: CommunityCardsDealt
   Board: [6♣ 9♠ 3♥ Q♥ K♠]

--- RIVER ---

┌─ COMMAND: PlayerAction
│  Grace: CHECK
└─ EVENT: ActionTaken

┌─ COMMAND: PlayerAction
│  Hank: CHECK
└─ EVENT: ActionTaken

   Grace wins $332

┌─ COMMAND: AwardPot
│  Grace: $332
└─ EVENT: PotAwarded

============================================================
HAND #116 - Dealer: Grace
============================================================

┌─ COMMAND: DealCards
│  hand: #116, dealer: seat 6
└─ EVENT: CardsDealt
   Grace: [6♦ 4♥] ($8,064)
   Hank: [9♠ 2♥] ($936)

┌─ COMMAND: PostBlind (small)
│  Grace: $5
└─ EVENT: BlindPosted

┌─ COMMAND: PostBlind (big)
│  Hank: $10
└─ EVENT: BlindPosted

--- PREFLOP ---

┌─ COMMAND: PlayerAction
│  Grace: CALL $5
└─ EVENT: ActionTaken

┌─ COMMAND: PlayerAction
│  Hank: CHECK
└─ EVENT: ActionTaken

┌─ COMMAND: DealCommunityCards (FLOP)
└─ EVENT: CommunityCardsDealt
   Board: [2♠ A♦ 6♠]

--- FLOP ---

┌─ COMMAND: PlayerAction
│  Hank: BET $57
└─ EVENT: ActionTaken

┌─ COMMAND: PlayerAction
│  Grace: CALL $57
└─ EVENT: ActionTaken

┌─ COMMAND: DealCommunityCards (TURN)
└─ EVENT: CommunityCardsDealt
   Board: [2♠ A♦ 6♠ 5♦]

--- TURN ---

┌─ COMMAND: PlayerAction
│  Hank: CHECK
└─ EVENT: ActionTaken

┌─ COMMAND: PlayerAction
│  Grace: BET $47
└─ EVENT: ActionTaken

┌─ COMMAND: PlayerAction
│  Hank: CALL $47
└─ EVENT: ActionTaken

┌─ COMMAND: DealCommunityCards (RIVER)
└─ EVENT: CommunityCardsDealt
   Board: [2♠ A♦ 6♠ 5♦ 2♣]

--- RIVER ---

┌─ COMMAND: PlayerAction
│  Hank: BET $57
└─ EVENT: ActionTaken

┌─ COMMAND: PlayerAction
│  Grace: CALL $57
└─ EVENT: ActionTaken

   Hank wins $342

┌─ COMMAND: AwardPot
│  Hank: $342
└─ EVENT: PotAwarded

============================================================
HAND #117 - Dealer: Hank
============================================================

┌─ COMMAND: DealCards
│  hand: #117, dealer: seat 7
└─ EVENT: CardsDealt
   Grace: [J♠ 8♥] ($7,893)
   Hank: [4♦ 2♣] ($1,107)

┌─ COMMAND: PostBlind (small)
│  Hank: $5
└─ EVENT: BlindPosted

┌─ COMMAND: PostBlind (big)
│  Grace: $10
└─ EVENT: BlindPosted

--- PREFLOP ---

┌─ COMMAND: PlayerAction
│  Hank: RAISE $62
└─ EVENT: ActionTaken

┌─ COMMAND: PlayerAction
│  Grace: CALL $52
└─ EVENT: ActionTaken

┌─ COMMAND: DealCommunityCards (FLOP)
└─ EVENT: CommunityCardsDealt
   Board: [T♦ 3♦ A♠]

--- FLOP ---

┌─ COMMAND: PlayerAction
│  Grace: BET $45
└─ EVENT: ActionTaken

┌─ COMMAND: PlayerAction
│  Hank: CALL $45
└─ EVENT: ActionTaken

┌─ COMMAND: DealCommunityCards (TURN)
└─ EVENT: CommunityCardsDealt
   Board: [T♦ 3♦ A♠ 7♠]

--- TURN ---

┌─ COMMAND: PlayerAction
│  Grace: CHECK
└─ EVENT: ActionTaken

┌─ COMMAND: PlayerAction
│  Hank: CHECK
└─ EVENT: ActionTaken

┌─ COMMAND: DealCommunityCards (RIVER)
└─ EVENT: CommunityCardsDealt
   Board: [T♦ 3♦ A♠ 7♠ 9♣]

--- RIVER ---

┌─ COMMAND: PlayerAction
│  Grace: CHECK
└─ EVENT: ActionTaken

┌─ COMMAND: PlayerAction
│  Hank: CHECK
└─ EVENT: ActionTaken

   Grace wins $214

┌─ COMMAND: AwardPot
│  Grace: $214
└─ EVENT: PotAwarded

============================================================
HAND #118 - Dealer: Grace
============================================================

┌─ COMMAND: DealCards
│  hand: #118, dealer: seat 6
└─ EVENT: CardsDealt
   Grace: [3♣ 5♣] ($8,000)
   Hank: [Q♣ 7♥] ($1,000)

┌─ COMMAND: PostBlind (small)
│  Grace: $5
└─ EVENT: BlindPosted

┌─ COMMAND: PostBlind (big)
│  Hank: $10
└─ EVENT: BlindPosted

--- PREFLOP ---

┌─ COMMAND: PlayerAction
│  Grace: CALL $5
└─ EVENT: ActionTaken

┌─ COMMAND: PlayerAction
│  Hank: RAISE $56
└─ EVENT: ActionTaken

┌─ COMMAND: PlayerAction
│  Grace: CALL $46
└─ EVENT: ActionTaken

┌─ COMMAND: DealCommunityCards (FLOP)
└─ EVENT: CommunityCardsDealt
   Board: [T♣ 7♠ J♦]

--- FLOP ---

┌─ COMMAND: PlayerAction
│  Hank: BET $55
└─ EVENT: ActionTaken

┌─ COMMAND: PlayerAction
│  Grace: CALL $55
└─ EVENT: ActionTaken

┌─ COMMAND: DealCommunityCards (TURN)
└─ EVENT: CommunityCardsDealt
   Board: [T♣ 7♠ J♦ 6♥]

--- TURN ---

┌─ COMMAND: PlayerAction
│  Hank: BET $55
└─ EVENT: ActionTaken

┌─ COMMAND: PlayerAction
│  Grace: CALL $55
└─ EVENT: ActionTaken

┌─ COMMAND: DealCommunityCards (RIVER)
└─ EVENT: CommunityCardsDealt
   Board: [T♣ 7♠ J♦ 6♥ 2♠]

--- RIVER ---

┌─ COMMAND: PlayerAction
│  Hank: BET $56
└─ EVENT: ActionTaken

┌─ COMMAND: PlayerAction
│  Grace: CALL $56
└─ EVENT: ActionTaken

   Hank wins $444

┌─ COMMAND: AwardPot
│  Hank: $444
└─ EVENT: PotAwarded

============================================================
HAND #119 - Dealer: Hank
============================================================

┌─ COMMAND: DealCards
│  hand: #119, dealer: seat 7
└─ EVENT: CardsDealt
   Grace: [K♣ 3♥] ($7,778)
   Hank: [Q♠ 5♠] ($1,222)

┌─ COMMAND: PostBlind (small)
│  Hank: $5
└─ EVENT: BlindPosted

┌─ COMMAND: PostBlind (big)
│  Grace: $10
└─ EVENT: BlindPosted

--- PREFLOP ---

┌─ COMMAND: PlayerAction
│  Hank: CALL $5
└─ EVENT: ActionTaken

┌─ COMMAND: PlayerAction
│  Grace: RAISE $45
└─ EVENT: ActionTaken

┌─ COMMAND: PlayerAction
│  Hank: CALL $35
└─ EVENT: ActionTaken

┌─ COMMAND: DealCommunityCards (FLOP)
└─ EVENT: CommunityCardsDealt
   Board: [T♦ 2♦ T♥]

--- FLOP ---

┌─ COMMAND: PlayerAction
│  Grace: CHECK
└─ EVENT: ActionTaken

┌─ COMMAND: PlayerAction
│  Hank: BET $54
└─ EVENT: ActionTaken

┌─ COMMAND: PlayerAction
│  Grace: CALL $54
└─ EVENT: ActionTaken

┌─ COMMAND: DealCommunityCards (TURN)
└─ EVENT: CommunityCardsDealt
   Board: [T♦ 2♦ T♥ 6♠]

--- TURN ---

┌─ COMMAND: PlayerAction
│  Grace: CHECK
└─ EVENT: ActionTaken

┌─ COMMAND: PlayerAction
│  Hank: CHECK
└─ EVENT: ActionTaken

┌─ COMMAND: DealCommunityCards (RIVER)
└─ EVENT: CommunityCardsDealt
   Board: [T♦ 2♦ T♥ 6♠ T♠]

--- RIVER ---

┌─ COMMAND: PlayerAction
│  Grace: BET $44
└─ EVENT: ActionTaken

┌─ COMMAND: PlayerAction
│  Hank: CALL $44
└─ EVENT: ActionTaken

   Grace wins $286

┌─ COMMAND: AwardPot
│  Grace: $286
└─ EVENT: PotAwarded

============================================================
HAND #120 - Dealer: Grace
============================================================

┌─ COMMAND: DealCards
│  hand: #120, dealer: seat 6
└─ EVENT: CardsDealt
   Grace: [9♦ 4♦] ($7,921)
   Hank: [4♠ 9♥] ($1,079)

┌─ COMMAND: PostBlind (small)
│  Grace: $5
└─ EVENT: BlindPosted

┌─ COMMAND: PostBlind (big)
│  Hank: $10
└─ EVENT: BlindPosted

--- PREFLOP ---

┌─ COMMAND: PlayerAction
│  Grace: RAISE $49
└─ EVENT: ActionTaken

┌─ COMMAND: PlayerAction
│  Hank: CALL $39
└─ EVENT: ActionTaken

┌─ COMMAND: DealCommunityCards (FLOP)
└─ EVENT: CommunityCardsDealt
   Board: [K♣ 5♠ 2♥]

--- FLOP ---

┌─ COMMAND: PlayerAction
│  Hank: CHECK
└─ EVENT: ActionTaken

┌─ COMMAND: PlayerAction
│  Grace: CHECK
└─ EVENT: ActionTaken

┌─ COMMAND: DealCommunityCards (TURN)
└─ EVENT: CommunityCardsDealt
   Board: [K♣ 5♠ 2♥ 6♣]

--- TURN ---

┌─ COMMAND: PlayerAction
│  Hank: CHECK
└─ EVENT: ActionTaken

┌─ COMMAND: PlayerAction
│  Grace: CHECK
└─ EVENT: ActionTaken

┌─ COMMAND: DealCommunityCards (RIVER)
└─ EVENT: CommunityCardsDealt
   Board: [K♣ 5♠ 2♥ 6♣ 6♦]

--- RIVER ---

┌─ COMMAND: PlayerAction
│  Hank: CHECK
└─ EVENT: ActionTaken

┌─ COMMAND: PlayerAction
│  Grace: CHECK
└─ EVENT: ActionTaken

   Hank wins $98

┌─ COMMAND: AwardPot
│  Hank: $98
└─ EVENT: PotAwarded

============================================================
HAND #121 - Dealer: Hank
============================================================

┌─ COMMAND: DealCards
│  hand: #121, dealer: seat 7
└─ EVENT: CardsDealt
   Grace: [8♥ K♠] ($7,872)
   Hank: [6♥ J♠] ($1,128)

┌─ COMMAND: PostBlind (small)
│  Hank: $5
└─ EVENT: BlindPosted

┌─ COMMAND: PostBlind (big)
│  Grace: $10
└─ EVENT: BlindPosted

--- PREFLOP ---

┌─ COMMAND: PlayerAction
│  Hank: RAISE $61
└─ EVENT: ActionTaken

┌─ COMMAND: PlayerAction
│  Grace: CALL $51
└─ EVENT: ActionTaken

┌─ COMMAND: DealCommunityCards (FLOP)
└─ EVENT: CommunityCardsDealt
   Board: [K♣ 6♠ 5♦]

--- FLOP ---

┌─ COMMAND: PlayerAction
│  Grace: BET $49
└─ EVENT: ActionTaken

┌─ COMMAND: PlayerAction
│  Hank: CALL $49
└─ EVENT: ActionTaken

┌─ COMMAND: DealCommunityCards (TURN)
└─ EVENT: CommunityCardsDealt
   Board: [K♣ 6♠ 5♦ Q♦]

--- TURN ---

┌─ COMMAND: PlayerAction
│  Grace: CHECK
└─ EVENT: ActionTaken

┌─ COMMAND: PlayerAction
│  Hank: CHECK
└─ EVENT: ActionTaken

┌─ COMMAND: DealCommunityCards (RIVER)
└─ EVENT: CommunityCardsDealt
   Board: [K♣ 6♠ 5♦ Q♦ 3♠]

--- RIVER ---

┌─ COMMAND: PlayerAction
│  Grace: CHECK
└─ EVENT: ActionTaken

┌─ COMMAND: PlayerAction
│  Hank: BET $54
└─ EVENT: ActionTaken

┌─ COMMAND: PlayerAction
│  Grace: CALL $54
└─ EVENT: ActionTaken

   Hank wins $328

┌─ COMMAND: AwardPot
│  Hank: $328
└─ EVENT: PotAwarded

============================================================
HAND #122 - Dealer: Grace
============================================================

┌─ COMMAND: DealCards
│  hand: #122, dealer: seat 6
└─ EVENT: CardsDealt
   Grace: [4♠ 6♣] ($7,708)
   Hank: [J♦ 5♦] ($1,292)

┌─ COMMAND: PostBlind (small)
│  Grace: $5
└─ EVENT: BlindPosted

┌─ COMMAND: PostBlind (big)
│  Hank: $10
└─ EVENT: BlindPosted

--- PREFLOP ---

┌─ COMMAND: PlayerAction
│  Grace: RAISE $47
└─ EVENT: ActionTaken

┌─ COMMAND: PlayerAction
│  Hank: CALL $37
└─ EVENT: ActionTaken

┌─ COMMAND: DealCommunityCards (FLOP)
└─ EVENT: CommunityCardsDealt
   Board: [3♦ 6♠ T♥]

--- FLOP ---

┌─ COMMAND: PlayerAction
│  Hank: CHECK
└─ EVENT: ActionTaken

┌─ COMMAND: PlayerAction
│  Grace: CHECK
└─ EVENT: ActionTaken

┌─ COMMAND: DealCommunityCards (TURN)
└─ EVENT: CommunityCardsDealt
   Board: [3♦ 6♠ T♥ 8♠]

--- TURN ---

┌─ COMMAND: PlayerAction
│  Hank: BET $56
└─ EVENT: ActionTaken

┌─ COMMAND: PlayerAction
│  Grace: CALL $56
└─ EVENT: ActionTaken

┌─ COMMAND: DealCommunityCards (RIVER)
└─ EVENT: CommunityCardsDealt
   Board: [3♦ 6♠ T♥ 8♠ 8♦]

--- RIVER ---

┌─ COMMAND: PlayerAction
│  Hank: CHECK
└─ EVENT: ActionTaken

┌─ COMMAND: PlayerAction
│  Grace: CHECK
└─ EVENT: ActionTaken

   Hank wins $206

┌─ COMMAND: AwardPot
│  Hank: $206
└─ EVENT: PotAwarded

============================================================
HAND #123 - Dealer: Hank
============================================================

┌─ COMMAND: DealCards
│  hand: #123, dealer: seat 7
└─ EVENT: CardsDealt
   Grace: [Q♣ 3♣] ($7,605)
   Hank: [6♥ 3♦] ($1,395)

┌─ COMMAND: PostBlind (small)
│  Hank: $5
└─ EVENT: BlindPosted

┌─ COMMAND: PostBlind (big)
│  Grace: $10
└─ EVENT: BlindPosted

--- PREFLOP ---

┌─ COMMAND: PlayerAction
│  Hank: CALL $5
└─ EVENT: ActionTaken

┌─ COMMAND: PlayerAction
│  Grace: CHECK
└─ EVENT: ActionTaken

┌─ COMMAND: DealCommunityCards (FLOP)
└─ EVENT: CommunityCardsDealt
   Board: [2♠ Q♦ T♦]

--- FLOP ---

┌─ COMMAND: PlayerAction
│  Grace: BET $45
└─ EVENT: ActionTaken

┌─ COMMAND: PlayerAction
│  Hank: CALL $45
└─ EVENT: ActionTaken

┌─ COMMAND: DealCommunityCards (TURN)
└─ EVENT: CommunityCardsDealt
   Board: [2♠ Q♦ T♦ 5♠]

--- TURN ---

┌─ COMMAND: PlayerAction
│  Grace: CHECK
└─ EVENT: ActionTaken

┌─ COMMAND: PlayerAction
│  Hank: BET $56
└─ EVENT: ActionTaken

┌─ COMMAND: PlayerAction
│  Grace: CALL $56
└─ EVENT: ActionTaken

┌─ COMMAND: DealCommunityCards (RIVER)
└─ EVENT: CommunityCardsDealt
   Board: [2♠ Q♦ T♦ 5♠ Q♠]

--- RIVER ---

┌─ COMMAND: PlayerAction
│  Grace: BET $46
└─ EVENT: ActionTaken

┌─ COMMAND: PlayerAction
│  Hank: CALL $46
└─ EVENT: ActionTaken

   Hank wins $314

┌─ COMMAND: AwardPot
│  Hank: $314
└─ EVENT: PotAwarded

============================================================
HAND #124 - Dealer: Grace
============================================================

┌─ COMMAND: DealCards
│  hand: #124, dealer: seat 6
└─ EVENT: CardsDealt
   Grace: [K♣ 2♦] ($7,448)
   Hank: [4♠ 8♦] ($1,552)

┌─ COMMAND: PostBlind (small)
│  Grace: $5
└─ EVENT: BlindPosted

┌─ COMMAND: PostBlind (big)
│  Hank: $10
└─ EVENT: BlindPosted

--- PREFLOP ---

┌─ COMMAND: PlayerAction
│  Grace: RAISE $49
└─ EVENT: ActionTaken

┌─ COMMAND: PlayerAction
│  Hank: CALL $39
└─ EVENT: ActionTaken

┌─ COMMAND: DealCommunityCards (FLOP)
└─ EVENT: CommunityCardsDealt
   Board: [J♠ 5♥ 8♠]

--- FLOP ---

┌─ COMMAND: PlayerAction
│  Hank: CHECK
└─ EVENT: ActionTaken

┌─ COMMAND: PlayerAction
│  Grace: CHECK
└─ EVENT: ActionTaken

┌─ COMMAND: DealCommunityCards (TURN)
└─ EVENT: CommunityCardsDealt
   Board: [J♠ 5♥ 8♠ 6♦]

--- TURN ---

┌─ COMMAND: PlayerAction
│  Hank: CHECK
└─ EVENT: ActionTaken

┌─ COMMAND: PlayerAction
│  Grace: CHECK
└─ EVENT: ActionTaken

┌─ COMMAND: DealCommunityCards (RIVER)
└─ EVENT: CommunityCardsDealt
   Board: [J♠ 5♥ 8♠ 6♦ 9♦]

--- RIVER ---

┌─ COMMAND: PlayerAction
│  Hank: CHECK
└─ EVENT: ActionTaken

┌─ COMMAND: PlayerAction
│  Grace: BET $47
└─ EVENT: ActionTaken

┌─ COMMAND: PlayerAction
│  Hank: CALL $47
└─ EVENT: ActionTaken

   Grace wins $192

┌─ COMMAND: AwardPot
│  Grace: $192
└─ EVENT: PotAwarded

============================================================
HAND #125 - Dealer: Hank
============================================================

┌─ COMMAND: DealCards
│  hand: #125, dealer: seat 7
└─ EVENT: CardsDealt
   Grace: [3♦ Q♥] ($7,544)
   Hank: [7♦ 9♦] ($1,456)

┌─ COMMAND: PostBlind (small)
│  Hank: $5
└─ EVENT: BlindPosted

┌─ COMMAND: PostBlind (big)
│  Grace: $10
└─ EVENT: BlindPosted

--- PREFLOP ---

┌─ COMMAND: PlayerAction
│  Hank: RAISE $64
└─ EVENT: ActionTaken

┌─ COMMAND: PlayerAction
│  Grace: CALL $54
└─ EVENT: ActionTaken

┌─ COMMAND: DealCommunityCards (FLOP)
└─ EVENT: CommunityCardsDealt
   Board: [K♣ 5♠ 8♥]

--- FLOP ---

┌─ COMMAND: PlayerAction
│  Grace: CHECK
└─ EVENT: ActionTaken

┌─ COMMAND: PlayerAction
│  Hank: CHECK
└─ EVENT: ActionTaken

┌─ COMMAND: DealCommunityCards (TURN)
└─ EVENT: CommunityCardsDealt
   Board: [K♣ 5♠ 8♥ Q♣]

--- TURN ---

┌─ COMMAND: PlayerAction
│  Grace: BET $46
└─ EVENT: ActionTaken

┌─ COMMAND: PlayerAction
│  Hank: CALL $46
└─ EVENT: ActionTaken

┌─ COMMAND: DealCommunityCards (RIVER)
└─ EVENT: CommunityCardsDealt
   Board: [K♣ 5♠ 8♥ Q♣ A♠]

--- RIVER ---

┌─ COMMAND: PlayerAction
│  Grace: CHECK
└─ EVENT: ActionTaken

┌─ COMMAND: PlayerAction
│  Hank: CHECK
└─ EVENT: ActionTaken

   Hank wins $220

┌─ COMMAND: AwardPot
│  Hank: $220
└─ EVENT: PotAwarded

============================================================
HAND #126 - Dealer: Grace
============================================================

┌─ COMMAND: DealCards
│  hand: #126, dealer: seat 6
└─ EVENT: CardsDealt
   Grace: [A♥ Q♦] ($7,434)
   Hank: [5♦ 8♥] ($1,566)

┌─ COMMAND: PostBlind (small)
│  Grace: $5
└─ EVENT: BlindPosted

┌─ COMMAND: PostBlind (big)
│  Hank: $10
└─ EVENT: BlindPosted

--- PREFLOP ---

┌─ COMMAND: PlayerAction
│  Grace: CALL $5
└─ EVENT: ActionTaken

┌─ COMMAND: PlayerAction
│  Hank: CHECK
└─ EVENT: ActionTaken

┌─ COMMAND: DealCommunityCards (FLOP)
└─ EVENT: CommunityCardsDealt
   Board: [A♣ 2♦ 2♠]

--- FLOP ---

┌─ COMMAND: PlayerAction
│  Hank: BET $58
└─ EVENT: ActionTaken

┌─ COMMAND: PlayerAction
│  Grace: CALL $58
└─ EVENT: ActionTaken

┌─ COMMAND: DealCommunityCards (TURN)
└─ EVENT: CommunityCardsDealt
   Board: [A♣ 2♦ 2♠ K♦]

--- TURN ---

┌─ COMMAND: PlayerAction
│  Hank: BET $56
└─ EVENT: ActionTaken

┌─ COMMAND: PlayerAction
│  Grace: CALL $56
└─ EVENT: ActionTaken

┌─ COMMAND: DealCommunityCards (RIVER)
└─ EVENT: CommunityCardsDealt
   Board: [A♣ 2♦ 2♠ K♦ 2♥]

--- RIVER ---

┌─ COMMAND: PlayerAction
│  Hank: BET $58
└─ EVENT: ActionTaken

┌─ COMMAND: PlayerAction
│  Grace: CALL $58
└─ EVENT: ActionTaken

   Hank wins $364

┌─ COMMAND: AwardPot
│  Hank: $364
└─ EVENT: PotAwarded

============================================================
HAND #127 - Dealer: Hank
============================================================

┌─ COMMAND: DealCards
│  hand: #127, dealer: seat 7
└─ EVENT: CardsDealt
   Grace: [9♠ 4♥] ($7,252)
   Hank: [Q♠ 9♥] ($1,748)

┌─ COMMAND: PostBlind (small)
│  Hank: $5
└─ EVENT: BlindPosted

┌─ COMMAND: PostBlind (big)
│  Grace: $10
└─ EVENT: BlindPosted

--- PREFLOP ---

┌─ COMMAND: PlayerAction
│  Hank: CALL $5
└─ EVENT: ActionTaken

┌─ COMMAND: PlayerAction
│  Grace: RAISE $47
└─ EVENT: ActionTaken

┌─ COMMAND: PlayerAction
│  Hank: CALL $37
└─ EVENT: ActionTaken

┌─ COMMAND: DealCommunityCards (FLOP)
└─ EVENT: CommunityCardsDealt
   Board: [J♣ 6♣ 5♠]

--- FLOP ---

┌─ COMMAND: PlayerAction
│  Grace: CHECK
└─ EVENT: ActionTaken

┌─ COMMAND: PlayerAction
│  Hank: BET $60
└─ EVENT: ActionTaken

┌─ COMMAND: PlayerAction
│  Grace: CALL $60
└─ EVENT: ActionTaken

┌─ COMMAND: DealCommunityCards (TURN)
└─ EVENT: CommunityCardsDealt
   Board: [J♣ 6♣ 5♠ 8♣]

--- TURN ---

┌─ COMMAND: PlayerAction
│  Grace: BET $42
└─ EVENT: ActionTaken

┌─ COMMAND: PlayerAction
│  Hank: CALL $42
└─ EVENT: ActionTaken

┌─ COMMAND: DealCommunityCards (RIVER)
└─ EVENT: CommunityCardsDealt
   Board: [J♣ 6♣ 5♠ 8♣ 6♥]

--- RIVER ---

┌─ COMMAND: PlayerAction
│  Grace: BET $43
└─ EVENT: ActionTaken

┌─ COMMAND: PlayerAction
│  Hank: CALL $43
└─ EVENT: ActionTaken

   Grace wins $384

┌─ COMMAND: AwardPot
│  Grace: $384
└─ EVENT: PotAwarded

============================================================
HAND #128 - Dealer: Grace
============================================================

┌─ COMMAND: DealCards
│  hand: #128, dealer: seat 6
└─ EVENT: CardsDealt
   Grace: [2♦ A♥] ($7,444)
   Hank: [6♠ 5♠] ($1,556)

┌─ COMMAND: PostBlind (small)
│  Grace: $5
└─ EVENT: BlindPosted

┌─ COMMAND: PostBlind (big)
│  Hank: $10
└─ EVENT: BlindPosted

--- PREFLOP ---

┌─ COMMAND: PlayerAction
│  Grace: CALL $5
└─ EVENT: ActionTaken

┌─ COMMAND: PlayerAction
│  Hank: CHECK
└─ EVENT: ActionTaken

┌─ COMMAND: DealCommunityCards (FLOP)
└─ EVENT: CommunityCardsDealt
   Board: [8♠ Q♣ 5♥]

--- FLOP ---

┌─ COMMAND: PlayerAction
│  Hank: BET $58
└─ EVENT: ActionTaken

┌─ COMMAND: PlayerAction
│  Grace: CALL $58
└─ EVENT: ActionTaken

┌─ COMMAND: DealCommunityCards (TURN)
└─ EVENT: CommunityCardsDealt
   Board: [8♠ Q♣ 5♥ K♥]

--- TURN ---

┌─ COMMAND: PlayerAction
│  Hank: CHECK
└─ EVENT: ActionTaken

┌─ COMMAND: PlayerAction
│  Grace: CHECK
└─ EVENT: ActionTaken

┌─ COMMAND: DealCommunityCards (RIVER)
└─ EVENT: CommunityCardsDealt
   Board: [8♠ Q♣ 5♥ K♥ 3♣]

--- RIVER ---

┌─ COMMAND: PlayerAction
│  Hank: CHECK
└─ EVENT: ActionTaken

┌─ COMMAND: PlayerAction
│  Grace: CHECK
└─ EVENT: ActionTaken

   Grace wins $136

┌─ COMMAND: AwardPot
│  Grace: $136
└─ EVENT: PotAwarded

============================================================
HAND #129 - Dealer: Hank
============================================================

┌─ COMMAND: DealCards
│  hand: #129, dealer: seat 7
└─ EVENT: CardsDealt
   Grace: [7♠ T♠] ($7,512)
   Hank: [4♥ 3♣] ($1,488)

┌─ COMMAND: PostBlind (small)
│  Hank: $5
└─ EVENT: BlindPosted

┌─ COMMAND: PostBlind (big)
│  Grace: $10
└─ EVENT: BlindPosted

--- PREFLOP ---

┌─ COMMAND: PlayerAction
│  Hank: RAISE $57
└─ EVENT: ActionTaken

┌─ COMMAND: PlayerAction
│  Grace: CALL $47
└─ EVENT: ActionTaken

┌─ COMMAND: DealCommunityCards (FLOP)
└─ EVENT: CommunityCardsDealt
   Board: [2♥ 9♥ K♣]

--- FLOP ---

┌─ COMMAND: PlayerAction
│  Grace: CHECK
└─ EVENT: ActionTaken

┌─ COMMAND: PlayerAction
│  Hank: CHECK
└─ EVENT: ActionTaken

┌─ COMMAND: DealCommunityCards (TURN)
└─ EVENT: CommunityCardsDealt
   Board: [2♥ 9♥ K♣ K♦]

--- TURN ---

┌─ COMMAND: PlayerAction
│  Grace: BET $46
└─ EVENT: ActionTaken

┌─ COMMAND: PlayerAction
│  Hank: CALL $46
└─ EVENT: ActionTaken

┌─ COMMAND: DealCommunityCards (RIVER)
└─ EVENT: CommunityCardsDealt
   Board: [2♥ 9♥ K♣ K♦ 9♣]

--- RIVER ---

┌─ COMMAND: PlayerAction
│  Grace: CHECK
└─ EVENT: ActionTaken

┌─ COMMAND: PlayerAction
│  Hank: CHECK
└─ EVENT: ActionTaken

   Hank wins $206

┌─ COMMAND: AwardPot
│  Hank: $206
└─ EVENT: PotAwarded

============================================================
HAND #130 - Dealer: Grace
============================================================

┌─ COMMAND: DealCards
│  hand: #130, dealer: seat 6
└─ EVENT: CardsDealt
   Grace: [3♣ J♣] ($7,409)
   Hank: [K♦ 7♥] ($1,591)

┌─ COMMAND: PostBlind (small)
│  Grace: $5
└─ EVENT: BlindPosted

┌─ COMMAND: PostBlind (big)
│  Hank: $10
└─ EVENT: BlindPosted

--- PREFLOP ---

┌─ COMMAND: PlayerAction
│  Grace: RAISE $45
└─ EVENT: ActionTaken

┌─ COMMAND: PlayerAction
│  Hank: CALL $35
└─ EVENT: ActionTaken

┌─ COMMAND: DealCommunityCards (FLOP)
└─ EVENT: CommunityCardsDealt
   Board: [6♦ A♥ 8♠]

--- FLOP ---

┌─ COMMAND: PlayerAction
│  Hank: CHECK
└─ EVENT: ActionTaken

┌─ COMMAND: PlayerAction
│  Grace: CHECK
└─ EVENT: ActionTaken

┌─ COMMAND: DealCommunityCards (TURN)
└─ EVENT: CommunityCardsDealt
   Board: [6♦ A♥ 8♠ Q♠]

--- TURN ---

┌─ COMMAND: PlayerAction
│  Hank: CHECK
└─ EVENT: ActionTaken

┌─ COMMAND: PlayerAction
│  Grace: CHECK
└─ EVENT: ActionTaken

┌─ COMMAND: DealCommunityCards (RIVER)
└─ EVENT: CommunityCardsDealt
   Board: [6♦ A♥ 8♠ Q♠ 2♣]

--- RIVER ---

┌─ COMMAND: PlayerAction
│  Hank: CHECK
└─ EVENT: ActionTaken

┌─ COMMAND: PlayerAction
│  Grace: CHECK
└─ EVENT: ActionTaken

   Grace wins $90

┌─ COMMAND: AwardPot
│  Grace: $90
└─ EVENT: PotAwarded

============================================================
HAND #131 - Dealer: Hank
============================================================

┌─ COMMAND: DealCards
│  hand: #131, dealer: seat 7
└─ EVENT: CardsDealt
   Grace: [A♥ J♠] ($7,454)
   Hank: [7♥ 7♠] ($1,546)

┌─ COMMAND: PostBlind (small)
│  Hank: $5
└─ EVENT: BlindPosted

┌─ COMMAND: PostBlind (big)
│  Grace: $10
└─ EVENT: BlindPosted

--- PREFLOP ---

┌─ COMMAND: PlayerAction
│  Hank: RAISE $58
└─ EVENT: ActionTaken

┌─ COMMAND: PlayerAction
│  Grace: CALL $48
└─ EVENT: ActionTaken

┌─ COMMAND: DealCommunityCards (FLOP)
└─ EVENT: CommunityCardsDealt
   Board: [5♥ T♣ 4♠]

--- FLOP ---

┌─ COMMAND: PlayerAction
│  Grace: CHECK
└─ EVENT: ActionTaken

┌─ COMMAND: PlayerAction
│  Hank: BET $54
└─ EVENT: ActionTaken

┌─ COMMAND: PlayerAction
│  Grace: CALL $54
└─ EVENT: ActionTaken

┌─ COMMAND: DealCommunityCards (TURN)
└─ EVENT: CommunityCardsDealt
   Board: [5♥ T♣ 4♠ 5♣]

--- TURN ---

┌─ COMMAND: PlayerAction
│  Grace: CHECK
└─ EVENT: ActionTaken

┌─ COMMAND: PlayerAction
│  Hank: BET $57
└─ EVENT: ActionTaken

┌─ COMMAND: PlayerAction
│  Grace: CALL $57
└─ EVENT: ActionTaken

┌─ COMMAND: DealCommunityCards (RIVER)
└─ EVENT: CommunityCardsDealt
   Board: [5♥ T♣ 4♠ 5♣ 2♦]

--- RIVER ---

┌─ COMMAND: PlayerAction
│  Grace: BET $43
└─ EVENT: ActionTaken

┌─ COMMAND: PlayerAction
│  Hank: CALL $43
└─ EVENT: ActionTaken

   Hank wins $424

┌─ COMMAND: AwardPot
│  Hank: $424
└─ EVENT: PotAwarded

============================================================
HAND #132 - Dealer: Grace
============================================================

┌─ COMMAND: DealCards
│  hand: #132, dealer: seat 6
└─ EVENT: CardsDealt
   Grace: [8♠ 7♠] ($7,242)
   Hank: [9♠ J♥] ($1,758)

┌─ COMMAND: PostBlind (small)
│  Grace: $5
└─ EVENT: BlindPosted

┌─ COMMAND: PostBlind (big)
│  Hank: $10
└─ EVENT: BlindPosted

--- PREFLOP ---

┌─ COMMAND: PlayerAction
│  Grace: RAISE $45
└─ EVENT: ActionTaken

┌─ COMMAND: PlayerAction
│  Hank: CALL $35
└─ EVENT: ActionTaken

┌─ COMMAND: DealCommunityCards (FLOP)
└─ EVENT: CommunityCardsDealt
   Board: [T♠ 5♣ K♠]

--- FLOP ---

┌─ COMMAND: PlayerAction
│  Hank: BET $56
└─ EVENT: ActionTaken

┌─ COMMAND: PlayerAction
│  Grace: CALL $56
└─ EVENT: ActionTaken

┌─ COMMAND: DealCommunityCards (TURN)
└─ EVENT: CommunityCardsDealt
   Board: [T♠ 5♣ K♠ 6♥]

--- TURN ---

┌─ COMMAND: PlayerAction
│  Hank: BET $55
└─ EVENT: ActionTaken

┌─ COMMAND: PlayerAction
│  Grace: CALL $55
└─ EVENT: ActionTaken

┌─ COMMAND: DealCommunityCards (RIVER)
└─ EVENT: CommunityCardsDealt
   Board: [T♠ 5♣ K♠ 6♥ 5♦]

--- RIVER ---

┌─ COMMAND: PlayerAction
│  Hank: BET $59
└─ EVENT: ActionTaken

┌─ COMMAND: PlayerAction
│  Grace: CALL $59
└─ EVENT: ActionTaken

   Hank wins $430

┌─ COMMAND: AwardPot
│  Hank: $430
└─ EVENT: PotAwarded

============================================================
HAND #133 - Dealer: Hank
============================================================

┌─ COMMAND: DealCards
│  hand: #133, dealer: seat 7
└─ EVENT: CardsDealt
   Grace: [8♥ 8♦] ($7,027)
   Hank: [2♣ 3♥] ($1,973)

┌─ COMMAND: PostBlind (small)
│  Hank: $5
└─ EVENT: BlindPosted

┌─ COMMAND: PostBlind (big)
│  Grace: $10
└─ EVENT: BlindPosted

--- PREFLOP ---

┌─ COMMAND: PlayerAction
│  Hank: RAISE $60
└─ EVENT: ActionTaken

┌─ COMMAND: PlayerAction
│  Grace: CALL $50
└─ EVENT: ActionTaken

┌─ COMMAND: DealCommunityCards (FLOP)
└─ EVENT: CommunityCardsDealt
   Board: [7♦ J♠ 6♣]

--- FLOP ---

┌─ COMMAND: PlayerAction
│  Grace: CHECK
└─ EVENT: ActionTaken

┌─ COMMAND: PlayerAction
│  Hank: BET $58
└─ EVENT: ActionTaken

┌─ COMMAND: PlayerAction
│  Grace: CALL $58
└─ EVENT: ActionTaken

┌─ COMMAND: DealCommunityCards (TURN)
└─ EVENT: CommunityCardsDealt
   Board: [7♦ J♠ 6♣ 5♥]

--- TURN ---

┌─ COMMAND: PlayerAction
│  Grace: CHECK
└─ EVENT: ActionTaken

┌─ COMMAND: PlayerAction
│  Hank: BET $54
└─ EVENT: ActionTaken

┌─ COMMAND: PlayerAction
│  Grace: CALL $54
└─ EVENT: ActionTaken

┌─ COMMAND: DealCommunityCards (RIVER)
└─ EVENT: CommunityCardsDealt
   Board: [7♦ J♠ 6♣ 5♥ 6♦]

--- RIVER ---

┌─ COMMAND: PlayerAction
│  Grace: CHECK
└─ EVENT: ActionTaken

┌─ COMMAND: PlayerAction
│  Hank: CHECK
└─ EVENT: ActionTaken

   Grace wins $344

┌─ COMMAND: AwardPot
│  Grace: $344
└─ EVENT: PotAwarded

============================================================
HAND #134 - Dealer: Grace
============================================================

┌─ COMMAND: DealCards
│  hand: #134, dealer: seat 6
└─ EVENT: CardsDealt
   Grace: [4♥ 2♣] ($7,199)
   Hank: [6♣ 9♥] ($1,801)

┌─ COMMAND: PostBlind (small)
│  Grace: $5
└─ EVENT: BlindPosted

┌─ COMMAND: PostBlind (big)
│  Hank: $10
└─ EVENT: BlindPosted

--- PREFLOP ---

┌─ COMMAND: PlayerAction
│  Grace: CALL $5
└─ EVENT: ActionTaken

┌─ COMMAND: PlayerAction
│  Hank: RAISE $57
└─ EVENT: ActionTaken

┌─ COMMAND: PlayerAction
│  Grace: CALL $47
└─ EVENT: ActionTaken

┌─ COMMAND: DealCommunityCards (FLOP)
└─ EVENT: CommunityCardsDealt
   Board: [7♥ A♣ 2♦]

--- FLOP ---

┌─ COMMAND: PlayerAction
│  Hank: BET $57
└─ EVENT: ActionTaken

┌─ COMMAND: PlayerAction
│  Grace: CALL $57
└─ EVENT: ActionTaken

┌─ COMMAND: DealCommunityCards (TURN)
└─ EVENT: CommunityCardsDealt
   Board: [7♥ A♣ 2♦ 5♦]

--- TURN ---

┌─ COMMAND: PlayerAction
│  Hank: BET $58
└─ EVENT: ActionTaken

┌─ COMMAND: PlayerAction
│  Grace: CALL $58
└─ EVENT: ActionTaken

┌─ COMMAND: DealCommunityCards (RIVER)
└─ EVENT: CommunityCardsDealt
   Board: [7♥ A♣ 2♦ 5♦ J♥]

--- RIVER ---

┌─ COMMAND: PlayerAction
│  Hank: BET $62
└─ EVENT: ActionTaken

┌─ COMMAND: PlayerAction
│  Grace: CALL $62
└─ EVENT: ActionTaken

   Hank wins $468

┌─ COMMAND: AwardPot
│  Hank: $468
└─ EVENT: PotAwarded

============================================================
HAND #135 - Dealer: Hank
============================================================

┌─ COMMAND: DealCards
│  hand: #135, dealer: seat 7
└─ EVENT: CardsDealt
   Grace: [A♦ 4♠] ($6,965)
   Hank: [5♥ 7♦] ($2,035)

┌─ COMMAND: PostBlind (small)
│  Hank: $5
└─ EVENT: BlindPosted

┌─ COMMAND: PostBlind (big)
│  Grace: $10
└─ EVENT: BlindPosted

--- PREFLOP ---

┌─ COMMAND: PlayerAction
│  Hank: RAISE $57
└─ EVENT: ActionTaken

┌─ COMMAND: PlayerAction
│  Grace: CALL $47
└─ EVENT: ActionTaken

┌─ COMMAND: DealCommunityCards (FLOP)
└─ EVENT: CommunityCardsDealt
   Board: [3♠ 8♣ 4♥]

--- FLOP ---

┌─ COMMAND: PlayerAction
│  Grace: CHECK
└─ EVENT: ActionTaken

┌─ COMMAND: PlayerAction
│  Hank: CHECK
└─ EVENT: ActionTaken

┌─ COMMAND: DealCommunityCards (TURN)
└─ EVENT: CommunityCardsDealt
   Board: [3♠ 8♣ 4♥ 4♦]

--- TURN ---

┌─ COMMAND: PlayerAction
│  Grace: CHECK
└─ EVENT: ActionTaken

┌─ COMMAND: PlayerAction
│  Hank: CHECK
└─ EVENT: ActionTaken

┌─ COMMAND: DealCommunityCards (RIVER)
└─ EVENT: CommunityCardsDealt
   Board: [3♠ 8♣ 4♥ 4♦ 9♠]

--- RIVER ---

┌─ COMMAND: PlayerAction
│  Grace: CHECK
└─ EVENT: ActionTaken

┌─ COMMAND: PlayerAction
│  Hank: CHECK
└─ EVENT: ActionTaken

   Grace wins $114

┌─ COMMAND: AwardPot
│  Grace: $114
└─ EVENT: PotAwarded

============================================================
HAND #136 - Dealer: Grace
============================================================

┌─ COMMAND: DealCards
│  hand: #136, dealer: seat 6
└─ EVENT: CardsDealt
   Grace: [J♠ T♣] ($7,022)
   Hank: [Q♦ 9♦] ($1,978)

┌─ COMMAND: PostBlind (small)
│  Grace: $5
└─ EVENT: BlindPosted

┌─ COMMAND: PostBlind (big)
│  Hank: $10
└─ EVENT: BlindPosted

--- PREFLOP ---

┌─ COMMAND: PlayerAction
│  Grace: RAISE $46
└─ EVENT: ActionTaken

┌─ COMMAND: PlayerAction
│  Hank: CALL $36
└─ EVENT: ActionTaken

┌─ COMMAND: DealCommunityCards (FLOP)
└─ EVENT: CommunityCardsDealt
   Board: [4♦ K♠ Q♠]

--- FLOP ---

┌─ COMMAND: PlayerAction
│  Hank: CHECK
└─ EVENT: ActionTaken

┌─ COMMAND: PlayerAction
│  Grace: BET $43
└─ EVENT: ActionTaken

┌─ COMMAND: PlayerAction
│  Hank: CALL $43
└─ EVENT: ActionTaken

┌─ COMMAND: DealCommunityCards (TURN)
└─ EVENT: CommunityCardsDealt
   Board: [4♦ K♠ Q♠ 6♠]

--- TURN ---

┌─ COMMAND: PlayerAction
│  Hank: CHECK
└─ EVENT: ActionTaken

┌─ COMMAND: PlayerAction
│  Grace: CHECK
└─ EVENT: ActionTaken

┌─ COMMAND: DealCommunityCards (RIVER)
└─ EVENT: CommunityCardsDealt
   Board: [4♦ K♠ Q♠ 6♠ K♦]

--- RIVER ---

┌─ COMMAND: PlayerAction
│  Hank: CHECK
└─ EVENT: ActionTaken

┌─ COMMAND: PlayerAction
│  Grace: CHECK
└─ EVENT: ActionTaken

   Hank wins $178

┌─ COMMAND: AwardPot
│  Hank: $178
└─ EVENT: PotAwarded

============================================================
HAND #137 - Dealer: Hank
============================================================

┌─ COMMAND: DealCards
│  hand: #137, dealer: seat 7
└─ EVENT: CardsDealt
   Grace: [A♣ 5♦] ($6,933)
   Hank: [8♦ K♦] ($2,067)

┌─ COMMAND: PostBlind (small)
│  Hank: $5
└─ EVENT: BlindPosted

┌─ COMMAND: PostBlind (big)
│  Grace: $10
└─ EVENT: BlindPosted

--- PREFLOP ---

┌─ COMMAND: PlayerAction
│  Hank: RAISE $60
└─ EVENT: ActionTaken

┌─ COMMAND: PlayerAction
│  Grace: CALL $50
└─ EVENT: ActionTaken

┌─ COMMAND: DealCommunityCards (FLOP)
└─ EVENT: CommunityCardsDealt
   Board: [2♥ 8♠ Q♠]

--- FLOP ---

┌─ COMMAND: PlayerAction
│  Grace: CHECK
└─ EVENT: ActionTaken

┌─ COMMAND: PlayerAction
│  Hank: BET $58
└─ EVENT: ActionTaken

┌─ COMMAND: PlayerAction
│  Grace: CALL $58
└─ EVENT: ActionTaken

┌─ COMMAND: DealCommunityCards (TURN)
└─ EVENT: CommunityCardsDealt
   Board: [2♥ 8♠ Q♠ 4♥]

--- TURN ---

┌─ COMMAND: PlayerAction
│  Grace: BET $44
└─ EVENT: ActionTaken

┌─ COMMAND: PlayerAction
│  Hank: CALL $44
└─ EVENT: ActionTaken

┌─ COMMAND: DealCommunityCards (RIVER)
└─ EVENT: CommunityCardsDealt
   Board: [2♥ 8♠ Q♠ 4♥ 7♣]

--- RIVER ---

┌─ COMMAND: PlayerAction
│  Grace: CHECK
└─ EVENT: ActionTaken

┌─ COMMAND: PlayerAction
│  Hank: CHECK
└─ EVENT: ActionTaken

   Grace wins $324

┌─ COMMAND: AwardPot
│  Grace: $324
└─ EVENT: PotAwarded

============================================================
HAND #138 - Dealer: Grace
============================================================

┌─ COMMAND: DealCards
│  hand: #138, dealer: seat 6
└─ EVENT: CardsDealt
   Grace: [3♦ T♦] ($7,095)
   Hank: [2♠ 8♥] ($1,905)

┌─ COMMAND: PostBlind (small)
│  Grace: $5
└─ EVENT: BlindPosted

┌─ COMMAND: PostBlind (big)
│  Hank: $10
└─ EVENT: BlindPosted

--- PREFLOP ---

┌─ COMMAND: PlayerAction
│  Grace: CALL $5
└─ EVENT: ActionTaken

┌─ COMMAND: PlayerAction
│  Hank: CHECK
└─ EVENT: ActionTaken

┌─ COMMAND: DealCommunityCards (FLOP)
└─ EVENT: CommunityCardsDealt
   Board: [5♦ 9♠ 8♦]

--- FLOP ---

┌─ COMMAND: PlayerAction
│  Hank: BET $58
└─ EVENT: ActionTaken

┌─ COMMAND: PlayerAction
│  Grace: CALL $58
└─ EVENT: ActionTaken

┌─ COMMAND: DealCommunityCards (TURN)
└─ EVENT: CommunityCardsDealt
   Board: [5♦ 9♠ 8♦ 9♦]

--- TURN ---

┌─ COMMAND: PlayerAction
│  Hank: BET $53
└─ EVENT: ActionTaken

┌─ COMMAND: PlayerAction
│  Grace: CALL $53
└─ EVENT: ActionTaken

┌─ COMMAND: DealCommunityCards (RIVER)
└─ EVENT: CommunityCardsDealt
   Board: [5♦ 9♠ 8♦ 9♦ 2♣]

--- RIVER ---

┌─ COMMAND: PlayerAction
│  Hank: BET $60
└─ EVENT: ActionTaken

┌─ COMMAND: PlayerAction
│  Grace: CALL $60
└─ EVENT: ActionTaken

   Grace wins $362

┌─ COMMAND: AwardPot
│  Grace: $362
└─ EVENT: PotAwarded

============================================================
HAND #139 - Dealer: Hank
============================================================

┌─ COMMAND: DealCards
│  hand: #139, dealer: seat 7
└─ EVENT: CardsDealt
   Grace: [4♦ K♦] ($7,276)
   Hank: [8♠ 3♠] ($1,724)

┌─ COMMAND: PostBlind (small)
│  Hank: $5
└─ EVENT: BlindPosted

┌─ COMMAND: PostBlind (big)
│  Grace: $10
└─ EVENT: BlindPosted

--- PREFLOP ---

┌─ COMMAND: PlayerAction
│  Hank: RAISE $58
└─ EVENT: ActionTaken

┌─ COMMAND: PlayerAction
│  Grace: CALL $48
└─ EVENT: ActionTaken

┌─ COMMAND: DealCommunityCards (FLOP)
└─ EVENT: CommunityCardsDealt
   Board: [5♥ T♦ J♠]

--- FLOP ---

┌─ COMMAND: PlayerAction
│  Grace: BET $46
└─ EVENT: ActionTaken

┌─ COMMAND: PlayerAction
│  Hank: CALL $46
└─ EVENT: ActionTaken

┌─ COMMAND: DealCommunityCards (TURN)
└─ EVENT: CommunityCardsDealt
   Board: [5♥ T♦ J♠ 3♥]

--- TURN ---

┌─ COMMAND: PlayerAction
│  Grace: CHECK
└─ EVENT: ActionTaken

┌─ COMMAND: PlayerAction
│  Hank: CHECK
└─ EVENT: ActionTaken

┌─ COMMAND: DealCommunityCards (RIVER)
└─ EVENT: CommunityCardsDealt
   Board: [5♥ T♦ J♠ 3♥ 7♥]

--- RIVER ---

┌─ COMMAND: PlayerAction
│  Grace: CHECK
└─ EVENT: ActionTaken

┌─ COMMAND: PlayerAction
│  Hank: BET $59
└─ EVENT: ActionTaken

┌─ COMMAND: PlayerAction
│  Grace: CALL $59
└─ EVENT: ActionTaken

   Hank wins $326

┌─ COMMAND: AwardPot
│  Hank: $326
└─ EVENT: PotAwarded

============================================================
HAND #140 - Dealer: Grace
============================================================

┌─ COMMAND: DealCards
│  hand: #140, dealer: seat 6
└─ EVENT: CardsDealt
   Grace: [9♥ J♣] ($7,113)
   Hank: [6♦ 9♦] ($1,887)

┌─ COMMAND: PostBlind (small)
│  Grace: $5
└─ EVENT: BlindPosted

┌─ COMMAND: PostBlind (big)
│  Hank: $10
└─ EVENT: BlindPosted

--- PREFLOP ---

┌─ COMMAND: PlayerAction
│  Grace: RAISE $52
└─ EVENT: ActionTaken

┌─ COMMAND: PlayerAction
│  Hank: CALL $42
└─ EVENT: ActionTaken

┌─ COMMAND: DealCommunityCards (FLOP)
└─ EVENT: CommunityCardsDealt
   Board: [5♦ 6♣ 4♥]

--- FLOP ---

┌─ COMMAND: PlayerAction
│  Hank: CHECK
└─ EVENT: ActionTaken

┌─ COMMAND: PlayerAction
│  Grace: BET $43
└─ EVENT: ActionTaken

┌─ COMMAND: PlayerAction
│  Hank: CALL $43
└─ EVENT: ActionTaken

┌─ COMMAND: DealCommunityCards (TURN)
└─ EVENT: CommunityCardsDealt
   Board: [5♦ 6♣ 4♥ Q♠]

--- TURN ---

┌─ COMMAND: PlayerAction
│  Hank: CHECK
└─ EVENT: ActionTaken

┌─ COMMAND: PlayerAction
│  Grace: CHECK
└─ EVENT: ActionTaken

┌─ COMMAND: DealCommunityCards (RIVER)
└─ EVENT: CommunityCardsDealt
   Board: [5♦ 6♣ 4♥ Q♠ 9♠]

--- RIVER ---

┌─ COMMAND: PlayerAction
│  Hank: BET $60
└─ EVENT: ActionTaken

┌─ COMMAND: PlayerAction
│  Grace: CALL $60
└─ EVENT: ActionTaken

   Hank wins $310

┌─ COMMAND: AwardPot
│  Hank: $310
└─ EVENT: PotAwarded

============================================================
HAND #141 - Dealer: Hank
============================================================

┌─ COMMAND: DealCards
│  hand: #141, dealer: seat 7
└─ EVENT: CardsDealt
   Grace: [4♦ 7♣] ($6,958)
   Hank: [6♥ T♠] ($2,042)

┌─ COMMAND: PostBlind (small)
│  Hank: $5
└─ EVENT: BlindPosted

┌─ COMMAND: PostBlind (big)
│  Grace: $10
└─ EVENT: BlindPosted

--- PREFLOP ---

┌─ COMMAND: PlayerAction
│  Hank: RAISE $57
└─ EVENT: ActionTaken

┌─ COMMAND: PlayerAction
│  Grace: CALL $47
└─ EVENT: ActionTaken

┌─ COMMAND: DealCommunityCards (FLOP)
└─ EVENT: CommunityCardsDealt
   Board: [3♠ T♥ 3♦]

--- FLOP ---

┌─ COMMAND: PlayerAction
│  Grace: CHECK
└─ EVENT: ActionTaken

┌─ COMMAND: PlayerAction
│  Hank: BET $56
└─ EVENT: ActionTaken

┌─ COMMAND: PlayerAction
│  Grace: CALL $56
└─ EVENT: ActionTaken

┌─ COMMAND: DealCommunityCards (TURN)
└─ EVENT: CommunityCardsDealt
   Board: [3♠ T♥ 3♦ 7♥]

--- TURN ---

┌─ COMMAND: PlayerAction
│  Grace: CHECK
└─ EVENT: ActionTaken

┌─ COMMAND: PlayerAction
│  Hank: BET $55
└─ EVENT: ActionTaken

┌─ COMMAND: PlayerAction
│  Grace: CALL $55
└─ EVENT: ActionTaken

┌─ COMMAND: DealCommunityCards (RIVER)
└─ EVENT: CommunityCardsDealt
   Board: [3♠ T♥ 3♦ 7♥ 2♠]

--- RIVER ---

┌─ COMMAND: PlayerAction
│  Grace: CHECK
└─ EVENT: ActionTaken

┌─ COMMAND: PlayerAction
│  Hank: BET $55
└─ EVENT: ActionTaken

┌─ COMMAND: PlayerAction
│  Grace: CALL $55
└─ EVENT: ActionTaken

   Grace wins $446

┌─ COMMAND: AwardPot
│  Grace: $446
└─ EVENT: PotAwarded

============================================================
HAND #142 - Dealer: Grace
============================================================

┌─ COMMAND: DealCards
│  hand: #142, dealer: seat 6
└─ EVENT: CardsDealt
   Grace: [2♥ 9♣] ($7,181)
   Hank: [9♠ Q♦] ($1,819)

┌─ COMMAND: PostBlind (small)
│  Grace: $5
└─ EVENT: BlindPosted

┌─ COMMAND: PostBlind (big)
│  Hank: $10
└─ EVENT: BlindPosted

--- PREFLOP ---

┌─ COMMAND: PlayerAction
│  Grace: CALL $5
└─ EVENT: ActionTaken

┌─ COMMAND: PlayerAction
│  Hank: RAISE $56
└─ EVENT: ActionTaken

┌─ COMMAND: PlayerAction
│  Grace: CALL $46
└─ EVENT: ActionTaken

┌─ COMMAND: DealCommunityCards (FLOP)
└─ EVENT: CommunityCardsDealt
   Board: [8♣ 5♠ 2♠]

--- FLOP ---

┌─ COMMAND: PlayerAction
│  Hank: CHECK
└─ EVENT: ActionTaken

┌─ COMMAND: PlayerAction
│  Grace: CHECK
└─ EVENT: ActionTaken

┌─ COMMAND: DealCommunityCards (TURN)
└─ EVENT: CommunityCardsDealt
   Board: [8♣ 5♠ 2♠ 5♣]

--- TURN ---

┌─ COMMAND: PlayerAction
│  Hank: BET $57
└─ EVENT: ActionTaken

┌─ COMMAND: PlayerAction
│  Grace: CALL $57
└─ EVENT: ActionTaken

┌─ COMMAND: DealCommunityCards (RIVER)
└─ EVENT: CommunityCardsDealt
   Board: [8♣ 5♠ 2♠ 5♣ T♦]

--- RIVER ---

┌─ COMMAND: PlayerAction
│  Hank: CHECK
└─ EVENT: ActionTaken

┌─ COMMAND: PlayerAction
│  Grace: BET $47
└─ EVENT: ActionTaken

┌─ COMMAND: PlayerAction
│  Hank: CALL $47
└─ EVENT: ActionTaken

   Grace wins $320

┌─ COMMAND: AwardPot
│  Grace: $320
└─ EVENT: PotAwarded

============================================================
HAND #143 - Dealer: Hank
============================================================

┌─ COMMAND: DealCards
│  hand: #143, dealer: seat 7
└─ EVENT: CardsDealt
   Grace: [J♦ 7♠] ($7,341)
   Hank: [A♠ J♣] ($1,659)

┌─ COMMAND: PostBlind (small)
│  Hank: $5
└─ EVENT: BlindPosted

┌─ COMMAND: PostBlind (big)
│  Grace: $10
└─ EVENT: BlindPosted

--- PREFLOP ---

┌─ COMMAND: PlayerAction
│  Hank: RAISE $59
└─ EVENT: ActionTaken

┌─ COMMAND: PlayerAction
│  Grace: CALL $49
└─ EVENT: ActionTaken

┌─ COMMAND: DealCommunityCards (FLOP)
└─ EVENT: CommunityCardsDealt
   Board: [A♦ 6♠ 5♥]

--- FLOP ---

┌─ COMMAND: PlayerAction
│  Grace: CHECK
└─ EVENT: ActionTaken

┌─ COMMAND: PlayerAction
│  Hank: CHECK
└─ EVENT: ActionTaken

┌─ COMMAND: DealCommunityCards (TURN)
└─ EVENT: CommunityCardsDealt
   Board: [A♦ 6♠ 5♥ K♦]

--- TURN ---

┌─ COMMAND: PlayerAction
│  Grace: CHECK
└─ EVENT: ActionTaken

┌─ COMMAND: PlayerAction
│  Hank: CHECK
└─ EVENT: ActionTaken

┌─ COMMAND: DealCommunityCards (RIVER)
└─ EVENT: CommunityCardsDealt
   Board: [A♦ 6♠ 5♥ K♦ K♠]

--- RIVER ---

┌─ COMMAND: PlayerAction
│  Grace: CHECK
└─ EVENT: ActionTaken

┌─ COMMAND: PlayerAction
│  Hank: BET $62
└─ EVENT: ActionTaken

┌─ COMMAND: PlayerAction
│  Grace: CALL $62
└─ EVENT: ActionTaken

   Grace wins $242

┌─ COMMAND: AwardPot
│  Grace: $242
└─ EVENT: PotAwarded

============================================================
HAND #144 - Dealer: Grace
============================================================

┌─ COMMAND: DealCards
│  hand: #144, dealer: seat 6
└─ EVENT: CardsDealt
   Grace: [A♦ 2♦] ($7,462)
   Hank: [7♥ 3♠] ($1,538)

┌─ COMMAND: PostBlind (small)
│  Grace: $5
└─ EVENT: BlindPosted

┌─ COMMAND: PostBlind (big)
│  Hank: $10
└─ EVENT: BlindPosted

--- PREFLOP ---

┌─ COMMAND: PlayerAction
│  Grace: CALL $5
└─ EVENT: ActionTaken

┌─ COMMAND: PlayerAction
│  Hank: RAISE $57
└─ EVENT: ActionTaken

┌─ COMMAND: PlayerAction
│  Grace: CALL $47
└─ EVENT: ActionTaken

┌─ COMMAND: DealCommunityCards (FLOP)
└─ EVENT: CommunityCardsDealt
   Board: [A♠ A♣ 2♣]

--- FLOP ---

┌─ COMMAND: PlayerAction
│  Hank: BET $60
└─ EVENT: ActionTaken

┌─ COMMAND: PlayerAction
│  Grace: CALL $60
└─ EVENT: ActionTaken

┌─ COMMAND: DealCommunityCards (TURN)
└─ EVENT: CommunityCardsDealt
   Board: [A♠ A♣ 2♣ 5♠]

--- TURN ---

┌─ COMMAND: PlayerAction
│  Hank: CHECK
└─ EVENT: ActionTaken

┌─ COMMAND: PlayerAction
│  Grace: BET $49
└─ EVENT: ActionTaken

┌─ COMMAND: PlayerAction
│  Hank: CALL $49
└─ EVENT: ActionTaken

┌─ COMMAND: DealCommunityCards (RIVER)
└─ EVENT: CommunityCardsDealt
   Board: [A♠ A♣ 2♣ 5♠ 6♦]

--- RIVER ---

┌─ COMMAND: PlayerAction
│  Hank: CHECK
└─ EVENT: ActionTaken

┌─ COMMAND: PlayerAction
│  Grace: CHECK
└─ EVENT: ActionTaken

   Hank wins $332

┌─ COMMAND: AwardPot
│  Hank: $332
└─ EVENT: PotAwarded

============================================================
HAND #145 - Dealer: Hank
============================================================

┌─ COMMAND: DealCards
│  hand: #145, dealer: seat 7
└─ EVENT: CardsDealt
   Grace: [2♠ Q♦] ($7,296)
   Hank: [5♦ 4♥] ($1,704)

┌─ COMMAND: PostBlind (small)
│  Hank: $5
└─ EVENT: BlindPosted

┌─ COMMAND: PostBlind (big)
│  Grace: $10
└─ EVENT: BlindPosted

--- PREFLOP ---

┌─ COMMAND: PlayerAction
│  Hank: RAISE $59
└─ EVENT: ActionTaken

┌─ COMMAND: PlayerAction
│  Grace: CALL $49
└─ EVENT: ActionTaken

┌─ COMMAND: DealCommunityCards (FLOP)
└─ EVENT: CommunityCardsDealt
   Board: [A♣ 8♥ 6♥]

--- FLOP ---

┌─ COMMAND: PlayerAction
│  Grace: CHECK
└─ EVENT: ActionTaken

┌─ COMMAND: PlayerAction
│  Hank: BET $58
└─ EVENT: ActionTaken

┌─ COMMAND: PlayerAction
│  Grace: CALL $58
└─ EVENT: ActionTaken

┌─ COMMAND: DealCommunityCards (TURN)
└─ EVENT: CommunityCardsDealt
   Board: [A♣ 8♥ 6♥ 5♠]

--- TURN ---

┌─ COMMAND: PlayerAction
│  Grace: BET $49
└─ EVENT: ActionTaken

┌─ COMMAND: PlayerAction
│  Hank: CALL $49
└─ EVENT: ActionTaken

┌─ COMMAND: DealCommunityCards (RIVER)
└─ EVENT: CommunityCardsDealt
   Board: [A♣ 8♥ 6♥ 5♠ A♥]

--- RIVER ---

┌─ COMMAND: PlayerAction
│  Grace: BET $43
└─ EVENT: ActionTaken

┌─ COMMAND: PlayerAction
│  Hank: CALL $43
└─ EVENT: ActionTaken

   Hank wins $418

┌─ COMMAND: AwardPot
│  Hank: $418
└─ EVENT: PotAwarded

============================================================
HAND #146 - Dealer: Grace
============================================================

┌─ COMMAND: DealCards
│  hand: #146, dealer: seat 6
└─ EVENT: CardsDealt
   Grace: [A♣ 3♣] ($7,087)
   Hank: [J♥ J♦] ($1,913)

┌─ COMMAND: PostBlind (small)
│  Grace: $5
└─ EVENT: BlindPosted

┌─ COMMAND: PostBlind (big)
│  Hank: $10
└─ EVENT: BlindPosted

--- PREFLOP ---

┌─ COMMAND: PlayerAction
│  Grace: CALL $5
└─ EVENT: ActionTaken

┌─ COMMAND: PlayerAction
│  Hank: CHECK
└─ EVENT: ActionTaken

┌─ COMMAND: DealCommunityCards (FLOP)
└─ EVENT: CommunityCardsDealt
   Board: [6♠ T♠ 2♥]

--- FLOP ---

┌─ COMMAND: PlayerAction
│  Hank: CHECK
└─ EVENT: ActionTaken

┌─ COMMAND: PlayerAction
│  Grace: CHECK
└─ EVENT: ActionTaken

┌─ COMMAND: DealCommunityCards (TURN)
└─ EVENT: CommunityCardsDealt
   Board: [6♠ T♠ 2♥ 4♥]

--- TURN ---

┌─ COMMAND: PlayerAction
│  Hank: CHECK
└─ EVENT: ActionTaken

┌─ COMMAND: PlayerAction
│  Grace: CHECK
└─ EVENT: ActionTaken

┌─ COMMAND: DealCommunityCards (RIVER)
└─ EVENT: CommunityCardsDealt
   Board: [6♠ T♠ 2♥ 4♥ K♥]

--- RIVER ---

┌─ COMMAND: PlayerAction
│  Hank: CHECK
└─ EVENT: ActionTaken

┌─ COMMAND: PlayerAction
│  Grace: CHECK
└─ EVENT: ActionTaken

   Hank wins $20

┌─ COMMAND: AwardPot
│  Hank: $20
└─ EVENT: PotAwarded

============================================================
HAND #147 - Dealer: Hank
============================================================

┌─ COMMAND: DealCards
│  hand: #147, dealer: seat 7
└─ EVENT: CardsDealt
   Grace: [7♥ 8♥] ($7,077)
   Hank: [T♥ 4♥] ($1,923)

┌─ COMMAND: PostBlind (small)
│  Hank: $5
└─ EVENT: BlindPosted

┌─ COMMAND: PostBlind (big)
│  Grace: $10
└─ EVENT: BlindPosted

--- PREFLOP ---

┌─ COMMAND: PlayerAction
│  Hank: RAISE $58
└─ EVENT: ActionTaken

┌─ COMMAND: PlayerAction
│  Grace: CALL $48
└─ EVENT: ActionTaken

┌─ COMMAND: DealCommunityCards (FLOP)
└─ EVENT: CommunityCardsDealt
   Board: [8♠ K♣ K♠]

--- FLOP ---

┌─ COMMAND: PlayerAction
│  Grace: CHECK
└─ EVENT: ActionTaken

┌─ COMMAND: PlayerAction
│  Hank: BET $54
└─ EVENT: ActionTaken

┌─ COMMAND: PlayerAction
│  Grace: CALL $54
└─ EVENT: ActionTaken

┌─ COMMAND: DealCommunityCards (TURN)
└─ EVENT: CommunityCardsDealt
   Board: [8♠ K♣ K♠ 5♠]

--- TURN ---

┌─ COMMAND: PlayerAction
│  Grace: BET $46
└─ EVENT: ActionTaken

┌─ COMMAND: PlayerAction
│  Hank: CALL $46
└─ EVENT: ActionTaken

┌─ COMMAND: DealCommunityCards (RIVER)
└─ EVENT: CommunityCardsDealt
   Board: [8♠ K♣ K♠ 5♠ A♠]

--- RIVER ---

┌─ COMMAND: PlayerAction
│  Grace: CHECK
└─ EVENT: ActionTaken

┌─ COMMAND: PlayerAction
│  Hank: CHECK
└─ EVENT: ActionTaken

   Grace wins $316

┌─ COMMAND: AwardPot
│  Grace: $316
└─ EVENT: PotAwarded

============================================================
HAND #148 - Dealer: Grace
============================================================

┌─ COMMAND: DealCards
│  hand: #148, dealer: seat 6
└─ EVENT: CardsDealt
   Grace: [7♦ K♣] ($7,235)
   Hank: [K♠ 9♦] ($1,765)

┌─ COMMAND: PostBlind (small)
│  Grace: $5
└─ EVENT: BlindPosted

┌─ COMMAND: PostBlind (big)
│  Hank: $10
└─ EVENT: BlindPosted

--- PREFLOP ---

┌─ COMMAND: PlayerAction
│  Grace: CALL $5
└─ EVENT: ActionTaken

┌─ COMMAND: PlayerAction
│  Hank: CHECK
└─ EVENT: ActionTaken

┌─ COMMAND: DealCommunityCards (FLOP)
└─ EVENT: CommunityCardsDealt
   Board: [4♥ A♣ T♥]

--- FLOP ---

┌─ COMMAND: PlayerAction
│  Hank: BET $59
└─ EVENT: ActionTaken

┌─ COMMAND: PlayerAction
│  Grace: CALL $59
└─ EVENT: ActionTaken

┌─ COMMAND: DealCommunityCards (TURN)
└─ EVENT: CommunityCardsDealt
   Board: [4♥ A♣ T♥ 5♠]

--- TURN ---

┌─ COMMAND: PlayerAction
│  Hank: CHECK
└─ EVENT: ActionTaken

┌─ COMMAND: PlayerAction
│  Grace: BET $45
└─ EVENT: ActionTaken

┌─ COMMAND: PlayerAction
│  Hank: CALL $45
└─ EVENT: ActionTaken

┌─ COMMAND: DealCommunityCards (RIVER)
└─ EVENT: CommunityCardsDealt
   Board: [4♥ A♣ T♥ 5♠ 6♠]

--- RIVER ---

┌─ COMMAND: PlayerAction
│  Hank: CHECK
└─ EVENT: ActionTaken

┌─ COMMAND: PlayerAction
│  Grace: CHECK
└─ EVENT: ActionTaken

   Grace wins $228

┌─ COMMAND: AwardPot
│  Grace: $228
└─ EVENT: PotAwarded

============================================================
HAND #149 - Dealer: Hank
============================================================

┌─ COMMAND: DealCards
│  hand: #149, dealer: seat 7
└─ EVENT: CardsDealt
   Grace: [2♦ 9♦] ($7,349)
   Hank: [2♠ 7♥] ($1,651)

┌─ COMMAND: PostBlind (small)
│  Hank: $5
└─ EVENT: BlindPosted

┌─ COMMAND: PostBlind (big)
│  Grace: $10
└─ EVENT: BlindPosted

--- PREFLOP ---

┌─ COMMAND: PlayerAction
│  Hank: RAISE $57
└─ EVENT: ActionTaken

┌─ COMMAND: PlayerAction
│  Grace: CALL $47
└─ EVENT: ActionTaken

┌─ COMMAND: DealCommunityCards (FLOP)
└─ EVENT: CommunityCardsDealt
   Board: [Q♣ 2♣ 4♦]

--- FLOP ---

┌─ COMMAND: PlayerAction
│  Grace: CHECK
└─ EVENT: ActionTaken

┌─ COMMAND: PlayerAction
│  Hank: CHECK
└─ EVENT: ActionTaken

┌─ COMMAND: DealCommunityCards (TURN)
└─ EVENT: CommunityCardsDealt
   Board: [Q♣ 2♣ 4♦ K♥]

--- TURN ---

┌─ COMMAND: PlayerAction
│  Grace: BET $48
└─ EVENT: ActionTaken

┌─ COMMAND: PlayerAction
│  Hank: CALL $48
└─ EVENT: ActionTaken

┌─ COMMAND: DealCommunityCards (RIVER)
└─ EVENT: CommunityCardsDealt
   Board: [Q♣ 2♣ 4♦ K♥ 6♠]

--- RIVER ---

┌─ COMMAND: PlayerAction
│  Grace: CHECK
└─ EVENT: ActionTaken

┌─ COMMAND: PlayerAction
│  Hank: CHECK
└─ EVENT: ActionTaken

   Hank wins $210

┌─ COMMAND: AwardPot
│  Hank: $210
└─ EVENT: PotAwarded

============================================================
HAND #150 - Dealer: Grace
============================================================

┌─ COMMAND: DealCards
│  hand: #150, dealer: seat 6
└─ EVENT: CardsDealt
   Grace: [Q♦ 5♣] ($7,244)
   Hank: [Q♣ 8♥] ($1,756)

┌─ COMMAND: PostBlind (small)
│  Grace: $5
└─ EVENT: BlindPosted

┌─ COMMAND: PostBlind (big)
│  Hank: $10
└─ EVENT: BlindPosted

--- PREFLOP ---

┌─ COMMAND: PlayerAction
│  Grace: CALL $5
└─ EVENT: ActionTaken

┌─ COMMAND: PlayerAction
│  Hank: CHECK
└─ EVENT: ActionTaken

┌─ COMMAND: DealCommunityCards (FLOP)
└─ EVENT: CommunityCardsDealt
   Board: [7♣ 5♠ 5♥]

--- FLOP ---

┌─ COMMAND: PlayerAction
│  Hank: CHECK
└─ EVENT: ActionTaken

┌─ COMMAND: PlayerAction
│  Grace: BET $47
└─ EVENT: ActionTaken

┌─ COMMAND: PlayerAction
│  Hank: CALL $47
└─ EVENT: ActionTaken

┌─ COMMAND: DealCommunityCards (TURN)
└─ EVENT: CommunityCardsDealt
   Board: [7♣ 5♠ 5♥ K♥]

--- TURN ---

┌─ COMMAND: PlayerAction
│  Hank: CHECK
└─ EVENT: ActionTaken

┌─ COMMAND: PlayerAction
│  Grace: CHECK
└─ EVENT: ActionTaken

┌─ COMMAND: DealCommunityCards (RIVER)
└─ EVENT: CommunityCardsDealt
   Board: [7♣ 5♠ 5♥ K♥ K♣]

--- RIVER ---

┌─ COMMAND: PlayerAction
│  Hank: CHECK
└─ EVENT: ActionTaken

┌─ COMMAND: PlayerAction
│  Grace: CHECK
└─ EVENT: ActionTaken

   Grace wins $114

┌─ COMMAND: AwardPot
│  Grace: $114
└─ EVENT: PotAwarded

============================================================
HAND #151 - Dealer: Hank
============================================================

┌─ COMMAND: DealCards
│  hand: #151, dealer: seat 7
└─ EVENT: CardsDealt
   Grace: [7♥ 4♦] ($7,301)
   Hank: [J♦ J♠] ($1,699)

┌─ COMMAND: PostBlind (small)
│  Hank: $5
└─ EVENT: BlindPosted

┌─ COMMAND: PostBlind (big)
│  Grace: $10
└─ EVENT: BlindPosted

--- PREFLOP ---

┌─ COMMAND: PlayerAction
│  Hank: RAISE $59
└─ EVENT: ActionTaken

┌─ COMMAND: PlayerAction
│  Grace: CALL $49
└─ EVENT: ActionTaken

┌─ COMMAND: DealCommunityCards (FLOP)
└─ EVENT: CommunityCardsDealt
   Board: [2♥ 7♦ Q♥]

--- FLOP ---

┌─ COMMAND: PlayerAction
│  Grace: CHECK
└─ EVENT: ActionTaken

┌─ COMMAND: PlayerAction
│  Hank: CHECK
└─ EVENT: ActionTaken

┌─ COMMAND: DealCommunityCards (TURN)
└─ EVENT: CommunityCardsDealt
   Board: [2♥ 7♦ Q♥ A♣]

--- TURN ---

┌─ COMMAND: PlayerAction
│  Grace: CHECK
└─ EVENT: ActionTaken

┌─ COMMAND: PlayerAction
│  Hank: CHECK
└─ EVENT: ActionTaken

┌─ COMMAND: DealCommunityCards (RIVER)
└─ EVENT: CommunityCardsDealt
   Board: [2♥ 7♦ Q♥ A♣ 9♥]

--- RIVER ---

┌─ COMMAND: PlayerAction
│  Grace: CHECK
└─ EVENT: ActionTaken

┌─ COMMAND: PlayerAction
│  Hank: CHECK
└─ EVENT: ActionTaken

   Hank wins $118

┌─ COMMAND: AwardPot
│  Hank: $118
└─ EVENT: PotAwarded

============================================================
HAND #152 - Dealer: Grace
============================================================

┌─ COMMAND: DealCards
│  hand: #152, dealer: seat 6
└─ EVENT: CardsDealt
   Grace: [Q♠ 7♠] ($7,242)
   Hank: [J♣ 7♦] ($1,758)

┌─ COMMAND: PostBlind (small)
│  Grace: $5
└─ EVENT: BlindPosted

┌─ COMMAND: PostBlind (big)
│  Hank: $10
└─ EVENT: BlindPosted

--- PREFLOP ---

┌─ COMMAND: PlayerAction
│  Grace: CALL $5
└─ EVENT: ActionTaken

┌─ COMMAND: PlayerAction
│  Hank: CHECK
└─ EVENT: ActionTaken

┌─ COMMAND: DealCommunityCards (FLOP)
└─ EVENT: CommunityCardsDealt
   Board: [3♠ 8♣ 2♠]

--- FLOP ---

┌─ COMMAND: PlayerAction
│  Hank: BET $58
└─ EVENT: ActionTaken

┌─ COMMAND: PlayerAction
│  Grace: CALL $58
└─ EVENT: ActionTaken

┌─ COMMAND: DealCommunityCards (TURN)
└─ EVENT: CommunityCardsDealt
   Board: [3♠ 8♣ 2♠ T♠]

--- TURN ---

┌─ COMMAND: PlayerAction
│  Hank: CHECK
└─ EVENT: ActionTaken

┌─ COMMAND: PlayerAction
│  Grace: BET $45
└─ EVENT: ActionTaken

┌─ COMMAND: PlayerAction
│  Hank: CALL $45
└─ EVENT: ActionTaken

┌─ COMMAND: DealCommunityCards (RIVER)
└─ EVENT: CommunityCardsDealt
   Board: [3♠ 8♣ 2♠ T♠ 4♠]

--- RIVER ---

┌─ COMMAND: PlayerAction
│  Hank: BET $59
└─ EVENT: ActionTaken

┌─ COMMAND: PlayerAction
│  Grace: CALL $59
└─ EVENT: ActionTaken

   Hank wins $344

┌─ COMMAND: AwardPot
│  Hank: $344
└─ EVENT: PotAwarded

============================================================
HAND #153 - Dealer: Hank
============================================================

┌─ COMMAND: DealCards
│  hand: #153, dealer: seat 7
└─ EVENT: CardsDealt
   Grace: [K♠ 8♦] ($7,070)
   Hank: [A♣ K♦] ($1,930)

┌─ COMMAND: PostBlind (small)
│  Hank: $5
└─ EVENT: BlindPosted

┌─ COMMAND: PostBlind (big)
│  Grace: $10
└─ EVENT: BlindPosted

--- PREFLOP ---

┌─ COMMAND: PlayerAction
│  Hank: RAISE $52
└─ EVENT: ActionTaken

┌─ COMMAND: PlayerAction
│  Grace: CALL $42
└─ EVENT: ActionTaken

┌─ COMMAND: DealCommunityCards (FLOP)
└─ EVENT: CommunityCardsDealt
   Board: [2♦ J♦ 5♥]

--- FLOP ---

┌─ COMMAND: PlayerAction
│  Grace: CHECK
└─ EVENT: ActionTaken

┌─ COMMAND: PlayerAction
│  Hank: BET $56
└─ EVENT: ActionTaken

┌─ COMMAND: PlayerAction
│  Grace: CALL $56
└─ EVENT: ActionTaken

┌─ COMMAND: DealCommunityCards (TURN)
└─ EVENT: CommunityCardsDealt
   Board: [2♦ J♦ 5♥ 6♣]

--- TURN ---

┌─ COMMAND: PlayerAction
│  Grace: BET $45
└─ EVENT: ActionTaken

┌─ COMMAND: PlayerAction
│  Hank: CALL $45
└─ EVENT: ActionTaken

┌─ COMMAND: DealCommunityCards (RIVER)
└─ EVENT: CommunityCardsDealt
   Board: [2♦ J♦ 5♥ 6♣ 5♦]

--- RIVER ---

┌─ COMMAND: PlayerAction
│  Grace: CHECK
└─ EVENT: ActionTaken

┌─ COMMAND: PlayerAction
│  Hank: BET $57
└─ EVENT: ActionTaken

┌─ COMMAND: PlayerAction
│  Grace: CALL $57
└─ EVENT: ActionTaken

   Hank wins $420

┌─ COMMAND: AwardPot
│  Hank: $420
└─ EVENT: PotAwarded

============================================================
HAND #154 - Dealer: Grace
============================================================

┌─ COMMAND: DealCards
│  hand: #154, dealer: seat 6
└─ EVENT: CardsDealt
   Grace: [5♦ T♥] ($6,860)
   Hank: [6♥ J♣] ($2,140)

┌─ COMMAND: PostBlind (small)
│  Grace: $5
└─ EVENT: BlindPosted

┌─ COMMAND: PostBlind (big)
│  Hank: $10
└─ EVENT: BlindPosted

--- PREFLOP ---

┌─ COMMAND: PlayerAction
│  Grace: CALL $5
└─ EVENT: ActionTaken

┌─ COMMAND: PlayerAction
│  Hank: RAISE $53
└─ EVENT: ActionTaken

┌─ COMMAND: PlayerAction
│  Grace: CALL $43
└─ EVENT: ActionTaken

┌─ COMMAND: DealCommunityCards (FLOP)
└─ EVENT: CommunityCardsDealt
   Board: [6♠ 8♠ 6♦]

--- FLOP ---

┌─ COMMAND: PlayerAction
│  Hank: CHECK
└─ EVENT: ActionTaken

┌─ COMMAND: PlayerAction
│  Grace: CHECK
└─ EVENT: ActionTaken

┌─ COMMAND: DealCommunityCards (TURN)
└─ EVENT: CommunityCardsDealt
   Board: [6♠ 8♠ 6♦ 9♠]

--- TURN ---

┌─ COMMAND: PlayerAction
│  Hank: CHECK
└─ EVENT: ActionTaken

┌─ COMMAND: PlayerAction
│  Grace: CHECK
└─ EVENT: ActionTaken

┌─ COMMAND: DealCommunityCards (RIVER)
└─ EVENT: CommunityCardsDealt
   Board: [6♠ 8♠ 6♦ 9♠ 8♣]

--- RIVER ---

┌─ COMMAND: PlayerAction
│  Hank: CHECK
└─ EVENT: ActionTaken

┌─ COMMAND: PlayerAction
│  Grace: CHECK
└─ EVENT: ActionTaken

   Grace wins $106

┌─ COMMAND: AwardPot
│  Grace: $106
└─ EVENT: PotAwarded

============================================================
HAND #155 - Dealer: Hank
============================================================

┌─ COMMAND: DealCards
│  hand: #155, dealer: seat 7
└─ EVENT: CardsDealt
   Grace: [9♥ J♣] ($6,913)
   Hank: [A♥ A♠] ($2,087)

┌─ COMMAND: PostBlind (small)
│  Hank: $5
└─ EVENT: BlindPosted

┌─ COMMAND: PostBlind (big)
│  Grace: $10
└─ EVENT: BlindPosted

--- PREFLOP ---

┌─ COMMAND: PlayerAction
│  Hank: CALL $5
└─ EVENT: ActionTaken

┌─ COMMAND: PlayerAction
│  Grace: RAISE $46
└─ EVENT: ActionTaken

┌─ COMMAND: PlayerAction
│  Hank: CALL $36
└─ EVENT: ActionTaken

┌─ COMMAND: DealCommunityCards (FLOP)
└─ EVENT: CommunityCardsDealt
   Board: [5♥ 9♠ 3♣]

--- FLOP ---

┌─ COMMAND: PlayerAction
│  Grace: CHECK
└─ EVENT: ActionTaken

┌─ COMMAND: PlayerAction
│  Hank: BET $60
└─ EVENT: ActionTaken

┌─ COMMAND: PlayerAction
│  Grace: CALL $60
└─ EVENT: ActionTaken

┌─ COMMAND: DealCommunityCards (TURN)
└─ EVENT: CommunityCardsDealt
   Board: [5♥ 9♠ 3♣ 4♦]

--- TURN ---

┌─ COMMAND: PlayerAction
│  Grace: BET $51
└─ EVENT: ActionTaken

┌─ COMMAND: PlayerAction
│  Hank: CALL $51
└─ EVENT: ActionTaken

┌─ COMMAND: DealCommunityCards (RIVER)
└─ EVENT: CommunityCardsDealt
   Board: [5♥ 9♠ 3♣ 4♦ 7♠]

--- RIVER ---

┌─ COMMAND: PlayerAction
│  Grace: CHECK
└─ EVENT: ActionTaken

┌─ COMMAND: PlayerAction
│  Hank: BET $59
└─ EVENT: ActionTaken

┌─ COMMAND: PlayerAction
│  Grace: CALL $59
└─ EVENT: ActionTaken

   Grace wins $432

┌─ COMMAND: AwardPot
│  Grace: $432
└─ EVENT: PotAwarded

============================================================
HAND #156 - Dealer: Grace
============================================================

┌─ COMMAND: DealCards
│  hand: #156, dealer: seat 6
└─ EVENT: CardsDealt
   Grace: [T♣ 6♥] ($7,129)
   Hank: [2♣ 8♥] ($1,871)

┌─ COMMAND: PostBlind (small)
│  Grace: $5
└─ EVENT: BlindPosted

┌─ COMMAND: PostBlind (big)
│  Hank: $10
└─ EVENT: BlindPosted

--- PREFLOP ---

┌─ COMMAND: PlayerAction
│  Grace: RAISE $50
└─ EVENT: ActionTaken

┌─ COMMAND: PlayerAction
│  Hank: CALL $40
└─ EVENT: ActionTaken

┌─ COMMAND: DealCommunityCards (FLOP)
└─ EVENT: CommunityCardsDealt
   Board: [9♥ A♥ A♣]

--- FLOP ---

┌─ COMMAND: PlayerAction
│  Hank: BET $60
└─ EVENT: ActionTaken

┌─ COMMAND: PlayerAction
│  Grace: CALL $60
└─ EVENT: ActionTaken

┌─ COMMAND: DealCommunityCards (TURN)
└─ EVENT: CommunityCardsDealt
   Board: [9♥ A♥ A♣ 4♥]

--- TURN ---

┌─ COMMAND: PlayerAction
│  Hank: CHECK
└─ EVENT: ActionTaken

┌─ COMMAND: PlayerAction
│  Grace: CHECK
└─ EVENT: ActionTaken

┌─ COMMAND: DealCommunityCards (RIVER)
└─ EVENT: CommunityCardsDealt
   Board: [9♥ A♥ A♣ 4♥ T♥]

--- RIVER ---

┌─ COMMAND: PlayerAction
│  Hank: CHECK
└─ EVENT: ActionTaken

┌─ COMMAND: PlayerAction
│  Grace: BET $45
└─ EVENT: ActionTaken

┌─ COMMAND: PlayerAction
│  Hank: CALL $45
└─ EVENT: ActionTaken

   Hank wins $310

┌─ COMMAND: AwardPot
│  Hank: $310
└─ EVENT: PotAwarded

============================================================
HAND #157 - Dealer: Hank
============================================================

┌─ COMMAND: DealCards
│  hand: #157, dealer: seat 7
└─ EVENT: CardsDealt
   Grace: [6♥ T♥] ($6,974)
   Hank: [K♣ 9♥] ($2,026)

┌─ COMMAND: PostBlind (small)
│  Hank: $5
└─ EVENT: BlindPosted

┌─ COMMAND: PostBlind (big)
│  Grace: $10
└─ EVENT: BlindPosted

--- PREFLOP ---

┌─ COMMAND: PlayerAction
│  Hank: CALL $5
└─ EVENT: ActionTaken

┌─ COMMAND: PlayerAction
│  Grace: CHECK
└─ EVENT: ActionTaken

┌─ COMMAND: DealCommunityCards (FLOP)
└─ EVENT: CommunityCardsDealt
   Board: [A♠ 2♣ J♦]

--- FLOP ---

┌─ COMMAND: PlayerAction
│  Grace: BET $46
└─ EVENT: ActionTaken

┌─ COMMAND: PlayerAction
│  Hank: CALL $46
└─ EVENT: ActionTaken

┌─ COMMAND: DealCommunityCards (TURN)
└─ EVENT: CommunityCardsDealt
   Board: [A♠ 2♣ J♦ K♥]

--- TURN ---

┌─ COMMAND: PlayerAction
│  Grace: CHECK
└─ EVENT: ActionTaken

┌─ COMMAND: PlayerAction
│  Hank: CHECK
└─ EVENT: ActionTaken

┌─ COMMAND: DealCommunityCards (RIVER)
└─ EVENT: CommunityCardsDealt
   Board: [A♠ 2♣ J♦ K♥ 2♥]

--- RIVER ---

┌─ COMMAND: PlayerAction
│  Grace: BET $47
└─ EVENT: ActionTaken

┌─ COMMAND: PlayerAction
│  Hank: CALL $47
└─ EVENT: ActionTaken

   Grace wins $206

┌─ COMMAND: AwardPot
│  Grace: $206
└─ EVENT: PotAwarded

============================================================
HAND #158 - Dealer: Grace
============================================================

┌─ COMMAND: DealCards
│  hand: #158, dealer: seat 6
└─ EVENT: CardsDealt
   Grace: [9♥ Q♣] ($7,077)
   Hank: [8♦ Q♠] ($1,923)

┌─ COMMAND: PostBlind (small)
│  Grace: $5
└─ EVENT: BlindPosted

┌─ COMMAND: PostBlind (big)
│  Hank: $10
└─ EVENT: BlindPosted

--- PREFLOP ---

┌─ COMMAND: PlayerAction
│  Grace: RAISE $44
└─ EVENT: ActionTaken

┌─ COMMAND: PlayerAction
│  Hank: CALL $34
└─ EVENT: ActionTaken

┌─ COMMAND: DealCommunityCards (FLOP)
└─ EVENT: CommunityCardsDealt
   Board: [5♥ K♣ Q♥]

--- FLOP ---

┌─ COMMAND: PlayerAction
│  Hank: CHECK
└─ EVENT: ActionTaken

┌─ COMMAND: PlayerAction
│  Grace: BET $47
└─ EVENT: ActionTaken

┌─ COMMAND: PlayerAction
│  Hank: CALL $47
└─ EVENT: ActionTaken

┌─ COMMAND: DealCommunityCards (TURN)
└─ EVENT: CommunityCardsDealt
   Board: [5♥ K♣ Q♥ 6♥]

--- TURN ---

┌─ COMMAND: PlayerAction
│  Hank: CHECK
└─ EVENT: ActionTaken

┌─ COMMAND: PlayerAction
│  Grace: CHECK
└─ EVENT: ActionTaken

┌─ COMMAND: DealCommunityCards (RIVER)
└─ EVENT: CommunityCardsDealt
   Board: [5♥ K♣ Q♥ 6♥ K♥]

--- RIVER ---

┌─ COMMAND: PlayerAction
│  Hank: CHECK
└─ EVENT: ActionTaken

┌─ COMMAND: PlayerAction
│  Grace: CHECK
└─ EVENT: ActionTaken

   Grace wins $182

┌─ COMMAND: AwardPot
│  Grace: $182
└─ EVENT: PotAwarded

============================================================
HAND #159 - Dealer: Hank
============================================================

┌─ COMMAND: DealCards
│  hand: #159, dealer: seat 7
└─ EVENT: CardsDealt
   Grace: [6♥ 3♣] ($7,168)
   Hank: [9♦ K♥] ($1,832)

┌─ COMMAND: PostBlind (small)
│  Hank: $5
└─ EVENT: BlindPosted

┌─ COMMAND: PostBlind (big)
│  Grace: $10
└─ EVENT: BlindPosted

--- PREFLOP ---

┌─ COMMAND: PlayerAction
│  Hank: CALL $5
└─ EVENT: ActionTaken

┌─ COMMAND: PlayerAction
│  Grace: CHECK
└─ EVENT: ActionTaken

┌─ COMMAND: DealCommunityCards (FLOP)
└─ EVENT: CommunityCardsDealt
   Board: [T♣ 7♠ 3♥]

--- FLOP ---

┌─ COMMAND: PlayerAction
│  Grace: CHECK
└─ EVENT: ActionTaken

┌─ COMMAND: PlayerAction
│  Hank: BET $53
└─ EVENT: ActionTaken

┌─ COMMAND: PlayerAction
│  Grace: CALL $53
└─ EVENT: ActionTaken

┌─ COMMAND: DealCommunityCards (TURN)
└─ EVENT: CommunityCardsDealt
   Board: [T♣ 7♠ 3♥ A♥]

--- TURN ---

┌─ COMMAND: PlayerAction
│  Grace: CHECK
└─ EVENT: ActionTaken

┌─ COMMAND: PlayerAction
│  Hank: CHECK
└─ EVENT: ActionTaken

┌─ COMMAND: DealCommunityCards (RIVER)
└─ EVENT: CommunityCardsDealt
   Board: [T♣ 7♠ 3♥ A♥ 6♠]

--- RIVER ---

┌─ COMMAND: PlayerAction
│  Grace: CHECK
└─ EVENT: ActionTaken

┌─ COMMAND: PlayerAction
│  Hank: BET $54
└─ EVENT: ActionTaken

┌─ COMMAND: PlayerAction
│  Grace: CALL $54
└─ EVENT: ActionTaken

   Grace wins $234

┌─ COMMAND: AwardPot
│  Grace: $234
└─ EVENT: PotAwarded

============================================================
HAND #160 - Dealer: Grace
============================================================

┌─ COMMAND: DealCards
│  hand: #160, dealer: seat 6
└─ EVENT: CardsDealt
   Grace: [4♠ J♦] ($7,285)
   Hank: [J♥ T♦] ($1,715)

┌─ COMMAND: PostBlind (small)
│  Grace: $5
└─ EVENT: BlindPosted

┌─ COMMAND: PostBlind (big)
│  Hank: $10
└─ EVENT: BlindPosted

--- PREFLOP ---

┌─ COMMAND: PlayerAction
│  Grace: CALL $5
└─ EVENT: ActionTaken

┌─ COMMAND: PlayerAction
│  Hank: RAISE $59
└─ EVENT: ActionTaken

┌─ COMMAND: PlayerAction
│  Grace: CALL $49
└─ EVENT: ActionTaken

┌─ COMMAND: DealCommunityCards (FLOP)
└─ EVENT: CommunityCardsDealt
   Board: [9♣ A♥ 9♠]

--- FLOP ---

┌─ COMMAND: PlayerAction
│  Hank: BET $62
└─ EVENT: ActionTaken

┌─ COMMAND: PlayerAction
│  Grace: CALL $62
└─ EVENT: ActionTaken

┌─ COMMAND: DealCommunityCards (TURN)
└─ EVENT: CommunityCardsDealt
   Board: [9♣ A♥ 9♠ Q♥]

--- TURN ---

┌─ COMMAND: PlayerAction
│  Hank: CHECK
└─ EVENT: ActionTaken

┌─ COMMAND: PlayerAction
│  Grace: BET $46
└─ EVENT: ActionTaken

┌─ COMMAND: PlayerAction
│  Hank: CALL $46
└─ EVENT: ActionTaken

┌─ COMMAND: DealCommunityCards (RIVER)
└─ EVENT: CommunityCardsDealt
   Board: [9♣ A♥ 9♠ Q♥ 2♠]

--- RIVER ---

┌─ COMMAND: PlayerAction
│  Hank: CHECK
└─ EVENT: ActionTaken

┌─ COMMAND: PlayerAction
│  Grace: BET $49
└─ EVENT: ActionTaken

┌─ COMMAND: PlayerAction
│  Hank: CALL $49
└─ EVENT: ActionTaken

   Grace wins $432

┌─ COMMAND: AwardPot
│  Grace: $432
└─ EVENT: PotAwarded

============================================================
HAND #161 - Dealer: Hank
============================================================

┌─ COMMAND: DealCards
│  hand: #161, dealer: seat 7
└─ EVENT: CardsDealt
   Grace: [A♥ T♥] ($7,501)
   Hank: [6♦ 9♠] ($1,499)

┌─ COMMAND: PostBlind (small)
│  Hank: $5
└─ EVENT: BlindPosted

┌─ COMMAND: PostBlind (big)
│  Grace: $10
└─ EVENT: BlindPosted

--- PREFLOP ---

┌─ COMMAND: PlayerAction
│  Hank: RAISE $57
└─ EVENT: ActionTaken

┌─ COMMAND: PlayerAction
│  Grace: CALL $47
└─ EVENT: ActionTaken

┌─ COMMAND: DealCommunityCards (FLOP)
└─ EVENT: CommunityCardsDealt
   Board: [9♦ 7♠ 2♦]

--- FLOP ---

┌─ COMMAND: PlayerAction
│  Grace: CHECK
└─ EVENT: ActionTaken

┌─ COMMAND: PlayerAction
│  Hank: CHECK
└─ EVENT: ActionTaken

┌─ COMMAND: DealCommunityCards (TURN)
└─ EVENT: CommunityCardsDealt
   Board: [9♦ 7♠ 2♦ K♠]

--- TURN ---

┌─ COMMAND: PlayerAction
│  Grace: CHECK
└─ EVENT: ActionTaken

┌─ COMMAND: PlayerAction
│  Hank: CHECK
└─ EVENT: ActionTaken

┌─ COMMAND: DealCommunityCards (RIVER)
└─ EVENT: CommunityCardsDealt
   Board: [9♦ 7♠ 2♦ K♠ A♣]

--- RIVER ---

┌─ COMMAND: PlayerAction
│  Grace: CHECK
└─ EVENT: ActionTaken

┌─ COMMAND: PlayerAction
│  Hank: BET $61
└─ EVENT: ActionTaken

┌─ COMMAND: PlayerAction
│  Grace: CALL $61
└─ EVENT: ActionTaken

   Hank wins $236

┌─ COMMAND: AwardPot
│  Hank: $236
└─ EVENT: PotAwarded

============================================================
HAND #162 - Dealer: Grace
============================================================

┌─ COMMAND: DealCards
│  hand: #162, dealer: seat 6
└─ EVENT: CardsDealt
   Grace: [8♣ 9♦] ($7,383)
   Hank: [5♥ 3♥] ($1,617)

┌─ COMMAND: PostBlind (small)
│  Grace: $5
└─ EVENT: BlindPosted

┌─ COMMAND: PostBlind (big)
│  Hank: $10
└─ EVENT: BlindPosted

--- PREFLOP ---

┌─ COMMAND: PlayerAction
│  Grace: CALL $5
└─ EVENT: ActionTaken

┌─ COMMAND: PlayerAction
│  Hank: CHECK
└─ EVENT: ActionTaken

┌─ COMMAND: DealCommunityCards (FLOP)
└─ EVENT: CommunityCardsDealt
   Board: [3♦ A♥ Q♣]

--- FLOP ---

┌─ COMMAND: PlayerAction
│  Hank: CHECK
└─ EVENT: ActionTaken

┌─ COMMAND: PlayerAction
│  Grace: CHECK
└─ EVENT: ActionTaken

┌─ COMMAND: DealCommunityCards (TURN)
└─ EVENT: CommunityCardsDealt
   Board: [3♦ A♥ Q♣ J♠]

--- TURN ---

┌─ COMMAND: PlayerAction
│  Hank: CHECK
└─ EVENT: ActionTaken

┌─ COMMAND: PlayerAction
│  Grace: CHECK
└─ EVENT: ActionTaken

┌─ COMMAND: DealCommunityCards (RIVER)
└─ EVENT: CommunityCardsDealt
   Board: [3♦ A♥ Q♣ J♠ 3♣]

--- RIVER ---

┌─ COMMAND: PlayerAction
│  Hank: BET $60
└─ EVENT: ActionTaken

┌─ COMMAND: PlayerAction
│  Grace: CALL $60
└─ EVENT: ActionTaken

   Hank wins $140

┌─ COMMAND: AwardPot
│  Hank: $140
└─ EVENT: PotAwarded

============================================================
HAND #163 - Dealer: Hank
============================================================

┌─ COMMAND: DealCards
│  hand: #163, dealer: seat 7
└─ EVENT: CardsDealt
   Grace: [J♠ 2♠] ($7,313)
   Hank: [Q♦ J♣] ($1,687)

┌─ COMMAND: PostBlind (small)
│  Hank: $5
└─ EVENT: BlindPosted

┌─ COMMAND: PostBlind (big)
│  Grace: $10
└─ EVENT: BlindPosted

--- PREFLOP ---

┌─ COMMAND: PlayerAction
│  Hank: RAISE $56
└─ EVENT: ActionTaken

┌─ COMMAND: PlayerAction
│  Grace: CALL $46
└─ EVENT: ActionTaken

┌─ COMMAND: DealCommunityCards (FLOP)
└─ EVENT: CommunityCardsDealt
   Board: [7♠ 4♦ 6♠]

--- FLOP ---

┌─ COMMAND: PlayerAction
│  Grace: CHECK
└─ EVENT: ActionTaken

┌─ COMMAND: PlayerAction
│  Hank: BET $57
└─ EVENT: ActionTaken

┌─ COMMAND: PlayerAction
│  Grace: CALL $57
└─ EVENT: ActionTaken

┌─ COMMAND: DealCommunityCards (TURN)
└─ EVENT: CommunityCardsDealt
   Board: [7♠ 4♦ 6♠ 8♣]

--- TURN ---

┌─ COMMAND: PlayerAction
│  Grace: CHECK
└─ EVENT: ActionTaken

┌─ COMMAND: PlayerAction
│  Hank: BET $59
└─ EVENT: ActionTaken

┌─ COMMAND: PlayerAction
│  Grace: CALL $59
└─ EVENT: ActionTaken

┌─ COMMAND: DealCommunityCards (RIVER)
└─ EVENT: CommunityCardsDealt
   Board: [7♠ 4♦ 6♠ 8♣ 3♣]

--- RIVER ---

┌─ COMMAND: PlayerAction
│  Grace: CHECK
└─ EVENT: ActionTaken

┌─ COMMAND: PlayerAction
│  Hank: CHECK
└─ EVENT: ActionTaken

   Hank wins $344

┌─ COMMAND: AwardPot
│  Hank: $344
└─ EVENT: PotAwarded

============================================================
HAND #164 - Dealer: Grace
============================================================

┌─ COMMAND: DealCards
│  hand: #164, dealer: seat 6
└─ EVENT: CardsDealt
   Grace: [8♣ 7♦] ($7,141)
   Hank: [A♣ 5♥] ($1,859)

┌─ COMMAND: PostBlind (small)
│  Grace: $5
└─ EVENT: BlindPosted

┌─ COMMAND: PostBlind (big)
│  Hank: $10
└─ EVENT: BlindPosted

--- PREFLOP ---

┌─ COMMAND: PlayerAction
│  Grace: CALL $5
└─ EVENT: ActionTaken

┌─ COMMAND: PlayerAction
│  Hank: RAISE $57
└─ EVENT: ActionTaken

┌─ COMMAND: PlayerAction
│  Grace: CALL $47
└─ EVENT: ActionTaken

┌─ COMMAND: DealCommunityCards (FLOP)
└─ EVENT: CommunityCardsDealt
   Board: [T♣ 7♠ 3♠]

--- FLOP ---

┌─ COMMAND: PlayerAction
│  Hank: BET $55
└─ EVENT: ActionTaken

┌─ COMMAND: PlayerAction
│  Grace: CALL $55
└─ EVENT: ActionTaken

┌─ COMMAND: DealCommunityCards (TURN)
└─ EVENT: CommunityCardsDealt
   Board: [T♣ 7♠ 3♠ 4♠]

--- TURN ---

┌─ COMMAND: PlayerAction
│  Hank: BET $54
└─ EVENT: ActionTaken

┌─ COMMAND: PlayerAction
│  Grace: CALL $54
└─ EVENT: ActionTaken

┌─ COMMAND: DealCommunityCards (RIVER)
└─ EVENT: CommunityCardsDealt
   Board: [T♣ 7♠ 3♠ 4♠ 5♣]

--- RIVER ---

┌─ COMMAND: PlayerAction
│  Hank: BET $55
└─ EVENT: ActionTaken

┌─ COMMAND: PlayerAction
│  Grace: CALL $55
└─ EVENT: ActionTaken

   Hank wins $442

┌─ COMMAND: AwardPot
│  Hank: $442
└─ EVENT: PotAwarded

============================================================
HAND #165 - Dealer: Hank
============================================================

┌─ COMMAND: DealCards
│  hand: #165, dealer: seat 7
└─ EVENT: CardsDealt
   Grace: [4♠ J♣] ($6,920)
   Hank: [T♣ 2♣] ($2,080)

┌─ COMMAND: PostBlind (small)
│  Hank: $5
└─ EVENT: BlindPosted

┌─ COMMAND: PostBlind (big)
│  Grace: $10
└─ EVENT: BlindPosted

--- PREFLOP ---

┌─ COMMAND: PlayerAction
│  Hank: RAISE $60
└─ EVENT: ActionTaken

┌─ COMMAND: PlayerAction
│  Grace: CALL $50
└─ EVENT: ActionTaken

┌─ COMMAND: DealCommunityCards (FLOP)
└─ EVENT: CommunityCardsDealt
   Board: [9♣ 9♠ 8♦]

--- FLOP ---

┌─ COMMAND: PlayerAction
│  Grace: CHECK
└─ EVENT: ActionTaken

┌─ COMMAND: PlayerAction
│  Hank: BET $59
└─ EVENT: ActionTaken

┌─ COMMAND: PlayerAction
│  Grace: CALL $59
└─ EVENT: ActionTaken

┌─ COMMAND: DealCommunityCards (TURN)
└─ EVENT: CommunityCardsDealt
   Board: [9♣ 9♠ 8♦ 7♠]

--- TURN ---

┌─ COMMAND: PlayerAction
│  Grace: BET $44
└─ EVENT: ActionTaken

┌─ COMMAND: PlayerAction
│  Hank: CALL $44
└─ EVENT: ActionTaken

┌─ COMMAND: DealCommunityCards (RIVER)
└─ EVENT: CommunityCardsDealt
   Board: [9♣ 9♠ 8♦ 7♠ 6♦]

--- RIVER ---

┌─ COMMAND: PlayerAction
│  Grace: CHECK
└─ EVENT: ActionTaken

┌─ COMMAND: PlayerAction
│  Hank: BET $65
└─ EVENT: ActionTaken

┌─ COMMAND: PlayerAction
│  Grace: CALL $65
└─ EVENT: ActionTaken

   Hank wins $456

┌─ COMMAND: AwardPot
│  Hank: $456
└─ EVENT: PotAwarded

============================================================
HAND #166 - Dealer: Grace
============================================================

┌─ COMMAND: DealCards
│  hand: #166, dealer: seat 6
└─ EVENT: CardsDealt
   Grace: [3♦ 8♠] ($6,692)
   Hank: [4♠ 2♦] ($2,308)

┌─ COMMAND: PostBlind (small)
│  Grace: $5
└─ EVENT: BlindPosted

┌─ COMMAND: PostBlind (big)
│  Hank: $10
└─ EVENT: BlindPosted

--- PREFLOP ---

┌─ COMMAND: PlayerAction
│  Grace: CALL $5
└─ EVENT: ActionTaken

┌─ COMMAND: PlayerAction
│  Hank: CHECK
└─ EVENT: ActionTaken

┌─ COMMAND: DealCommunityCards (FLOP)
└─ EVENT: CommunityCardsDealt
   Board: [T♥ 6♠ A♣]

--- FLOP ---

┌─ COMMAND: PlayerAction
│  Hank: BET $57
└─ EVENT: ActionTaken

┌─ COMMAND: PlayerAction
│  Grace: CALL $57
└─ EVENT: ActionTaken

┌─ COMMAND: DealCommunityCards (TURN)
└─ EVENT: CommunityCardsDealt
   Board: [T♥ 6♠ A♣ 2♠]

--- TURN ---

┌─ COMMAND: PlayerAction
│  Hank: CHECK
└─ EVENT: ActionTaken

┌─ COMMAND: PlayerAction
│  Grace: CHECK
└─ EVENT: ActionTaken

┌─ COMMAND: DealCommunityCards (RIVER)
└─ EVENT: CommunityCardsDealt
   Board: [T♥ 6♠ A♣ 2♠ 5♦]

--- RIVER ---

┌─ COMMAND: PlayerAction
│  Hank: CHECK
└─ EVENT: ActionTaken

┌─ COMMAND: PlayerAction
│  Grace: CHECK
└─ EVENT: ActionTaken

   Grace wins $134

┌─ COMMAND: AwardPot
│  Grace: $134
└─ EVENT: PotAwarded

============================================================
HAND #167 - Dealer: Hank
============================================================

┌─ COMMAND: DealCards
│  hand: #167, dealer: seat 7
└─ EVENT: CardsDealt
   Grace: [Q♣ 5♥] ($6,759)
   Hank: [8♠ J♣] ($2,241)

┌─ COMMAND: PostBlind (small)
│  Hank: $5
└─ EVENT: BlindPosted

┌─ COMMAND: PostBlind (big)
│  Grace: $10
└─ EVENT: BlindPosted

--- PREFLOP ---

┌─ COMMAND: PlayerAction
│  Hank: RAISE $58
└─ EVENT: ActionTaken

┌─ COMMAND: PlayerAction
│  Grace: CALL $48
└─ EVENT: ActionTaken

┌─ COMMAND: DealCommunityCards (FLOP)
└─ EVENT: CommunityCardsDealt
   Board: [7♦ 9♦ 7♠]

--- FLOP ---

┌─ COMMAND: PlayerAction
│  Grace: BET $43
└─ EVENT: ActionTaken

┌─ COMMAND: PlayerAction
│  Hank: CALL $43
└─ EVENT: ActionTaken

┌─ COMMAND: DealCommunityCards (TURN)
└─ EVENT: CommunityCardsDealt
   Board: [7♦ 9♦ 7♠ K♠]

--- TURN ---

┌─ COMMAND: PlayerAction
│  Grace: BET $43
└─ EVENT: ActionTaken

┌─ COMMAND: PlayerAction
│  Hank: CALL $43
└─ EVENT: ActionTaken

┌─ COMMAND: DealCommunityCards (RIVER)
└─ EVENT: CommunityCardsDealt
   Board: [7♦ 9♦ 7♠ K♠ T♣]

--- RIVER ---

┌─ COMMAND: PlayerAction
│  Grace: CHECK
└─ EVENT: ActionTaken

┌─ COMMAND: PlayerAction
│  Hank: CHECK
└─ EVENT: ActionTaken

   Grace wins $288

┌─ COMMAND: AwardPot
│  Grace: $288
└─ EVENT: PotAwarded

============================================================
HAND #168 - Dealer: Grace
============================================================

┌─ COMMAND: DealCards
│  hand: #168, dealer: seat 6
└─ EVENT: CardsDealt
   Grace: [6♠ 8♥] ($6,903)
   Hank: [6♣ A♥] ($2,097)

┌─ COMMAND: PostBlind (small)
│  Grace: $5
└─ EVENT: BlindPosted

┌─ COMMAND: PostBlind (big)
│  Hank: $10
└─ EVENT: BlindPosted

--- PREFLOP ---

┌─ COMMAND: PlayerAction
│  Grace: CALL $5
└─ EVENT: ActionTaken

┌─ COMMAND: PlayerAction
│  Hank: CHECK
└─ EVENT: ActionTaken

┌─ COMMAND: DealCommunityCards (FLOP)
└─ EVENT: CommunityCardsDealt
   Board: [J♣ 9♥ K♣]

--- FLOP ---

┌─ COMMAND: PlayerAction
│  Hank: BET $57
└─ EVENT: ActionTaken

┌─ COMMAND: PlayerAction
│  Grace: CALL $57
└─ EVENT: ActionTaken

┌─ COMMAND: DealCommunityCards (TURN)
└─ EVENT: CommunityCardsDealt
   Board: [J♣ 9♥ K♣ 7♥]

--- TURN ---

┌─ COMMAND: PlayerAction
│  Hank: BET $57
└─ EVENT: ActionTaken

┌─ COMMAND: PlayerAction
│  Grace: CALL $57
└─ EVENT: ActionTaken

┌─ COMMAND: DealCommunityCards (RIVER)
└─ EVENT: CommunityCardsDealt
   Board: [J♣ 9♥ K♣ 7♥ 8♣]

--- RIVER ---

┌─ COMMAND: PlayerAction
│  Hank: BET $57
└─ EVENT: ActionTaken

┌─ COMMAND: PlayerAction
│  Grace: CALL $57
└─ EVENT: ActionTaken

   Grace wins $362

┌─ COMMAND: AwardPot
│  Grace: $362
└─ EVENT: PotAwarded

============================================================
HAND #169 - Dealer: Hank
============================================================

┌─ COMMAND: DealCards
│  hand: #169, dealer: seat 7
└─ EVENT: CardsDealt
   Grace: [8♦ 5♣] ($7,084)
   Hank: [5♦ 3♦] ($1,916)

┌─ COMMAND: PostBlind (small)
│  Hank: $5
└─ EVENT: BlindPosted

┌─ COMMAND: PostBlind (big)
│  Grace: $10
└─ EVENT: BlindPosted

--- PREFLOP ---

┌─ COMMAND: PlayerAction
│  Hank: RAISE $61
└─ EVENT: ActionTaken

┌─ COMMAND: PlayerAction
│  Grace: CALL $51
└─ EVENT: ActionTaken

┌─ COMMAND: DealCommunityCards (FLOP)
└─ EVENT: CommunityCardsDealt
   Board: [Q♦ K♥ 4♥]

--- FLOP ---

┌─ COMMAND: PlayerAction
│  Grace: CHECK
└─ EVENT: ActionTaken

┌─ COMMAND: PlayerAction
│  Hank: CHECK
└─ EVENT: ActionTaken

┌─ COMMAND: DealCommunityCards (TURN)
└─ EVENT: CommunityCardsDealt
   Board: [Q♦ K♥ 4♥ 9♣]

--- TURN ---

┌─ COMMAND: PlayerAction
│  Grace: CHECK
└─ EVENT: ActionTaken

┌─ COMMAND: PlayerAction
│  Hank: CHECK
└─ EVENT: ActionTaken

┌─ COMMAND: DealCommunityCards (RIVER)
└─ EVENT: CommunityCardsDealt
   Board: [Q♦ K♥ 4♥ 9♣ K♠]

--- RIVER ---

┌─ COMMAND: PlayerAction
│  Grace: CHECK
└─ EVENT: ActionTaken

┌─ COMMAND: PlayerAction
│  Hank: CHECK
└─ EVENT: ActionTaken

   Grace wins $122

┌─ COMMAND: AwardPot
│  Grace: $122
└─ EVENT: PotAwarded

============================================================
HAND #170 - Dealer: Grace
============================================================

┌─ COMMAND: DealCards
│  hand: #170, dealer: seat 6
└─ EVENT: CardsDealt
   Grace: [J♠ T♦] ($7,145)
   Hank: [5♠ 3♣] ($1,855)

┌─ COMMAND: PostBlind (small)
│  Grace: $5
└─ EVENT: BlindPosted

┌─ COMMAND: PostBlind (big)
│  Hank: $10
└─ EVENT: BlindPosted

--- PREFLOP ---

┌─ COMMAND: PlayerAction
│  Grace: RAISE $48
└─ EVENT: ActionTaken

┌─ COMMAND: PlayerAction
│  Hank: CALL $38
└─ EVENT: ActionTaken

┌─ COMMAND: DealCommunityCards (FLOP)
└─ EVENT: CommunityCardsDealt
   Board: [2♥ J♥ 2♦]

--- FLOP ---

┌─ COMMAND: PlayerAction
│  Hank: CHECK
└─ EVENT: ActionTaken

┌─ COMMAND: PlayerAction
│  Grace: BET $43
└─ EVENT: ActionTaken

┌─ COMMAND: PlayerAction
│  Hank: CALL $43
└─ EVENT: ActionTaken

┌─ COMMAND: DealCommunityCards (TURN)
└─ EVENT: CommunityCardsDealt
   Board: [2♥ J♥ 2♦ 7♥]

--- TURN ---

┌─ COMMAND: PlayerAction
│  Hank: CHECK
└─ EVENT: ActionTaken

┌─ COMMAND: PlayerAction
│  Grace: CHECK
└─ EVENT: ActionTaken

┌─ COMMAND: DealCommunityCards (RIVER)
└─ EVENT: CommunityCardsDealt
   Board: [2♥ J♥ 2♦ 7♥ 8♥]

--- RIVER ---

┌─ COMMAND: PlayerAction
│  Hank: BET $58
└─ EVENT: ActionTaken

┌─ COMMAND: PlayerAction
│  Grace: CALL $58
└─ EVENT: ActionTaken

   Hank wins $298

┌─ COMMAND: AwardPot
│  Hank: $298
└─ EVENT: PotAwarded

============================================================
HAND #171 - Dealer: Hank
============================================================

┌─ COMMAND: DealCards
│  hand: #171, dealer: seat 7
└─ EVENT: CardsDealt
   Grace: [9♣ 9♠] ($6,996)
   Hank: [6♥ 5♣] ($2,004)

┌─ COMMAND: PostBlind (small)
│  Hank: $5
└─ EVENT: BlindPosted

┌─ COMMAND: PostBlind (big)
│  Grace: $10
└─ EVENT: BlindPosted

--- PREFLOP ---

┌─ COMMAND: PlayerAction
│  Hank: RAISE $59
└─ EVENT: ActionTaken

┌─ COMMAND: PlayerAction
│  Grace: CALL $49
└─ EVENT: ActionTaken

┌─ COMMAND: DealCommunityCards (FLOP)
└─ EVENT: CommunityCardsDealt
   Board: [Q♠ 7♠ 8♣]

--- FLOP ---

┌─ COMMAND: PlayerAction
│  Grace: CHECK
└─ EVENT: ActionTaken

┌─ COMMAND: PlayerAction
│  Hank: BET $60
└─ EVENT: ActionTaken

┌─ COMMAND: PlayerAction
│  Grace: CALL $60
└─ EVENT: ActionTaken

┌─ COMMAND: DealCommunityCards (TURN)
└─ EVENT: CommunityCardsDealt
   Board: [Q♠ 7♠ 8♣ 6♦]

--- TURN ---

┌─ COMMAND: PlayerAction
│  Grace: BET $45
└─ EVENT: ActionTaken

┌─ COMMAND: PlayerAction
│  Hank: CALL $45
└─ EVENT: ActionTaken

┌─ COMMAND: DealCommunityCards (RIVER)
└─ EVENT: CommunityCardsDealt
   Board: [Q♠ 7♠ 8♣ 6♦ 7♦]

--- RIVER ---

┌─ COMMAND: PlayerAction
│  Grace: CHECK
└─ EVENT: ActionTaken

┌─ COMMAND: PlayerAction
│  Hank: CHECK
└─ EVENT: ActionTaken

   Grace wins $328

┌─ COMMAND: AwardPot
│  Grace: $328
└─ EVENT: PotAwarded

============================================================
HAND #172 - Dealer: Grace
============================================================

┌─ COMMAND: DealCards
│  hand: #172, dealer: seat 6
└─ EVENT: CardsDealt
   Grace: [3♦ J♣] ($7,160)
   Hank: [2♠ 7♠] ($1,840)

┌─ COMMAND: PostBlind (small)
│  Grace: $5
└─ EVENT: BlindPosted

┌─ COMMAND: PostBlind (big)
│  Hank: $10
└─ EVENT: BlindPosted

--- PREFLOP ---

┌─ COMMAND: PlayerAction
│  Grace: CALL $5
└─ EVENT: ActionTaken

┌─ COMMAND: PlayerAction
│  Hank: CHECK
└─ EVENT: ActionTaken

┌─ COMMAND: DealCommunityCards (FLOP)
└─ EVENT: CommunityCardsDealt
   Board: [3♥ 8♠ T♦]

--- FLOP ---

┌─ COMMAND: PlayerAction
│  Hank: BET $60
└─ EVENT: ActionTaken

┌─ COMMAND: PlayerAction
│  Grace: CALL $60
└─ EVENT: ActionTaken

┌─ COMMAND: DealCommunityCards (TURN)
└─ EVENT: CommunityCardsDealt
   Board: [3♥ 8♠ T♦ 2♦]

--- TURN ---

┌─ COMMAND: PlayerAction
│  Hank: CHECK
└─ EVENT: ActionTaken

┌─ COMMAND: PlayerAction
│  Grace: BET $47
└─ EVENT: ActionTaken

┌─ COMMAND: PlayerAction
│  Hank: CALL $47
└─ EVENT: ActionTaken

┌─ COMMAND: DealCommunityCards (RIVER)
└─ EVENT: CommunityCardsDealt
   Board: [3♥ 8♠ T♦ 2♦ 9♥]

--- RIVER ---

┌─ COMMAND: PlayerAction
│  Hank: BET $57
└─ EVENT: ActionTaken

┌─ COMMAND: PlayerAction
│  Grace: CALL $57
└─ EVENT: ActionTaken

   Grace wins $348

┌─ COMMAND: AwardPot
│  Grace: $348
└─ EVENT: PotAwarded

============================================================
HAND #173 - Dealer: Hank
============================================================

┌─ COMMAND: DealCards
│  hand: #173, dealer: seat 7
└─ EVENT: CardsDealt
   Grace: [9♣ J♦] ($7,334)
   Hank: [Q♦ A♣] ($1,666)

┌─ COMMAND: PostBlind (small)
│  Hank: $5
└─ EVENT: BlindPosted

┌─ COMMAND: PostBlind (big)
│  Grace: $10
└─ EVENT: BlindPosted

--- PREFLOP ---

┌─ COMMAND: PlayerAction
│  Hank: CALL $5
└─ EVENT: ActionTaken

┌─ COMMAND: PlayerAction
│  Grace: RAISE $47
└─ EVENT: ActionTaken

┌─ COMMAND: PlayerAction
│  Hank: CALL $37
└─ EVENT: ActionTaken

┌─ COMMAND: DealCommunityCards (FLOP)
└─ EVENT: CommunityCardsDealt
   Board: [3♥ 8♠ J♠]

--- FLOP ---

┌─ COMMAND: PlayerAction
│  Grace: CHECK
└─ EVENT: ActionTaken

┌─ COMMAND: PlayerAction
│  Hank: CHECK
└─ EVENT: ActionTaken

┌─ COMMAND: DealCommunityCards (TURN)
└─ EVENT: CommunityCardsDealt
   Board: [3♥ 8♠ J♠ 7♠]

--- TURN ---

┌─ COMMAND: PlayerAction
│  Grace: CHECK
└─ EVENT: ActionTaken

┌─ COMMAND: PlayerAction
│  Hank: CHECK
└─ EVENT: ActionTaken

┌─ COMMAND: DealCommunityCards (RIVER)
└─ EVENT: CommunityCardsDealt
   Board: [3♥ 8♠ J♠ 7♠ 4♦]

--- RIVER ---

┌─ COMMAND: PlayerAction
│  Grace: CHECK
└─ EVENT: ActionTaken

┌─ COMMAND: PlayerAction
│  Hank: BET $58
└─ EVENT: ActionTaken

┌─ COMMAND: PlayerAction
│  Grace: CALL $58
└─ EVENT: ActionTaken

   Grace wins $210

┌─ COMMAND: AwardPot
│  Grace: $210
└─ EVENT: PotAwarded

============================================================
HAND #174 - Dealer: Grace
============================================================

┌─ COMMAND: DealCards
│  hand: #174, dealer: seat 6
└─ EVENT: CardsDealt
   Grace: [T♣ 5♣] ($7,439)
   Hank: [3♥ 2♣] ($1,561)

┌─ COMMAND: PostBlind (small)
│  Grace: $5
└─ EVENT: BlindPosted

┌─ COMMAND: PostBlind (big)
│  Hank: $10
└─ EVENT: BlindPosted

--- PREFLOP ---

┌─ COMMAND: PlayerAction
│  Grace: CALL $5
└─ EVENT: ActionTaken

┌─ COMMAND: PlayerAction
│  Hank: CHECK
└─ EVENT: ActionTaken

┌─ COMMAND: DealCommunityCards (FLOP)
└─ EVENT: CommunityCardsDealt
   Board: [8♦ 3♦ J♥]

--- FLOP ---

┌─ COMMAND: PlayerAction
│  Hank: CHECK
└─ EVENT: ActionTaken

┌─ COMMAND: PlayerAction
│  Grace: CHECK
└─ EVENT: ActionTaken

┌─ COMMAND: DealCommunityCards (TURN)
└─ EVENT: CommunityCardsDealt
   Board: [8♦ 3♦ J♥ 9♦]

--- TURN ---

┌─ COMMAND: PlayerAction
│  Hank: CHECK
└─ EVENT: ActionTaken

┌─ COMMAND: PlayerAction
│  Grace: BET $46
└─ EVENT: ActionTaken

┌─ COMMAND: PlayerAction
│  Hank: CALL $46
└─ EVENT: ActionTaken

┌─ COMMAND: DealCommunityCards (RIVER)
└─ EVENT: CommunityCardsDealt
   Board: [8♦ 3♦ J♥ 9♦ 2♦]

--- RIVER ---

┌─ COMMAND: PlayerAction
│  Hank: CHECK
└─ EVENT: ActionTaken

┌─ COMMAND: PlayerAction
│  Grace: CHECK
└─ EVENT: ActionTaken

   Grace wins $112

┌─ COMMAND: AwardPot
│  Grace: $112
└─ EVENT: PotAwarded

============================================================
HAND #175 - Dealer: Hank
============================================================

┌─ COMMAND: DealCards
│  hand: #175, dealer: seat 7
└─ EVENT: CardsDealt
   Grace: [5♣ Q♣] ($7,495)
   Hank: [6♠ 4♦] ($1,505)

┌─ COMMAND: PostBlind (small)
│  Hank: $5
└─ EVENT: BlindPosted

┌─ COMMAND: PostBlind (big)
│  Grace: $10
└─ EVENT: BlindPosted

--- PREFLOP ---

┌─ COMMAND: PlayerAction
│  Hank: RAISE $58
└─ EVENT: ActionTaken

┌─ COMMAND: PlayerAction
│  Grace: CALL $48
└─ EVENT: ActionTaken

┌─ COMMAND: DealCommunityCards (FLOP)
└─ EVENT: CommunityCardsDealt
   Board: [3♣ K♠ 8♥]

--- FLOP ---

┌─ COMMAND: PlayerAction
│  Grace: CHECK
└─ EVENT: ActionTaken

┌─ COMMAND: PlayerAction
│  Hank: BET $58
└─ EVENT: ActionTaken

┌─ COMMAND: PlayerAction
│  Grace: CALL $58
└─ EVENT: ActionTaken

┌─ COMMAND: DealCommunityCards (TURN)
└─ EVENT: CommunityCardsDealt
   Board: [3♣ K♠ 8♥ 2♠]

--- TURN ---

┌─ COMMAND: PlayerAction
│  Grace: BET $47
└─ EVENT: ActionTaken

┌─ COMMAND: PlayerAction
│  Hank: CALL $47
└─ EVENT: ActionTaken

┌─ COMMAND: DealCommunityCards (RIVER)
└─ EVENT: CommunityCardsDealt
   Board: [3♣ K♠ 8♥ 2♠ 8♣]

--- RIVER ---

┌─ COMMAND: PlayerAction
│  Grace: CHECK
└─ EVENT: ActionTaken

┌─ COMMAND: PlayerAction
│  Hank: CHECK
└─ EVENT: ActionTaken

   Hank wins $326

┌─ COMMAND: AwardPot
│  Hank: $326
└─ EVENT: PotAwarded

============================================================
HAND #176 - Dealer: Grace
============================================================

┌─ COMMAND: DealCards
│  hand: #176, dealer: seat 6
└─ EVENT: CardsDealt
   Grace: [K♠ 7♠] ($7,332)
   Hank: [3♠ 9♦] ($1,668)

┌─ COMMAND: PostBlind (small)
│  Grace: $5
└─ EVENT: BlindPosted

┌─ COMMAND: PostBlind (big)
│  Hank: $10
└─ EVENT: BlindPosted

--- PREFLOP ---

┌─ COMMAND: PlayerAction
│  Grace: CALL $5
└─ EVENT: ActionTaken

┌─ COMMAND: PlayerAction
│  Hank: RAISE $57
└─ EVENT: ActionTaken

┌─ COMMAND: PlayerAction
│  Grace: CALL $47
└─ EVENT: ActionTaken

┌─ COMMAND: DealCommunityCards (FLOP)
└─ EVENT: CommunityCardsDealt
   Board: [3♦ Q♥ 8♥]

--- FLOP ---

┌─ COMMAND: PlayerAction
│  Hank: BET $56
└─ EVENT: ActionTaken

┌─ COMMAND: PlayerAction
│  Grace: CALL $56
└─ EVENT: ActionTaken

┌─ COMMAND: DealCommunityCards (TURN)
└─ EVENT: CommunityCardsDealt
   Board: [3♦ Q♥ 8♥ 6♠]

--- TURN ---

┌─ COMMAND: PlayerAction
│  Hank: CHECK
└─ EVENT: ActionTaken

┌─ COMMAND: PlayerAction
│  Grace: CHECK
└─ EVENT: ActionTaken

┌─ COMMAND: DealCommunityCards (RIVER)
└─ EVENT: CommunityCardsDealt
   Board: [3♦ Q♥ 8♥ 6♠ 5♣]

--- RIVER ---

┌─ COMMAND: PlayerAction
│  Hank: CHECK
└─ EVENT: ActionTaken

┌─ COMMAND: PlayerAction
│  Grace: CHECK
└─ EVENT: ActionTaken

   Hank wins $226

┌─ COMMAND: AwardPot
│  Hank: $226
└─ EVENT: PotAwarded

============================================================
HAND #177 - Dealer: Hank
============================================================

┌─ COMMAND: DealCards
│  hand: #177, dealer: seat 7
└─ EVENT: CardsDealt
   Grace: [8♣ Q♥] ($7,219)
   Hank: [J♦ A♠] ($1,781)

┌─ COMMAND: PostBlind (small)
│  Hank: $5
└─ EVENT: BlindPosted

┌─ COMMAND: PostBlind (big)
│  Grace: $10
└─ EVENT: BlindPosted

--- PREFLOP ---

┌─ COMMAND: PlayerAction
│  Hank: RAISE $56
└─ EVENT: ActionTaken

┌─ COMMAND: PlayerAction
│  Grace: CALL $46
└─ EVENT: ActionTaken

┌─ COMMAND: DealCommunityCards (FLOP)
└─ EVENT: CommunityCardsDealt
   Board: [2♣ 5♠ 4♠]

--- FLOP ---

┌─ COMMAND: PlayerAction
│  Grace: BET $47
└─ EVENT: ActionTaken

┌─ COMMAND: PlayerAction
│  Hank: CALL $47
└─ EVENT: ActionTaken

┌─ COMMAND: DealCommunityCards (TURN)
└─ EVENT: CommunityCardsDealt
   Board: [2♣ 5♠ 4♠ 2♦]

--- TURN ---

┌─ COMMAND: PlayerAction
│  Grace: CHECK
└─ EVENT: ActionTaken

┌─ COMMAND: PlayerAction
│  Hank: CHECK
└─ EVENT: ActionTaken

┌─ COMMAND: DealCommunityCards (RIVER)
└─ EVENT: CommunityCardsDealt
   Board: [2♣ 5♠ 4♠ 2♦ Q♠]

--- RIVER ---

┌─ COMMAND: PlayerAction
│  Grace: BET $43
└─ EVENT: ActionTaken

┌─ COMMAND: PlayerAction
│  Hank: CALL $43
└─ EVENT: ActionTaken

   Grace wins $292

┌─ COMMAND: AwardPot
│  Grace: $292
└─ EVENT: PotAwarded

============================================================
HAND #178 - Dealer: Grace
============================================================

┌─ COMMAND: DealCards
│  hand: #178, dealer: seat 6
└─ EVENT: CardsDealt
   Grace: [9♠ K♦] ($7,365)
   Hank: [A♥ 4♠] ($1,635)

┌─ COMMAND: PostBlind (small)
│  Grace: $5
└─ EVENT: BlindPosted

┌─ COMMAND: PostBlind (big)
│  Hank: $10
└─ EVENT: BlindPosted

--- PREFLOP ---

┌─ COMMAND: PlayerAction
│  Grace: CALL $5
└─ EVENT: ActionTaken

┌─ COMMAND: PlayerAction
│  Hank: CHECK
└─ EVENT: ActionTaken

┌─ COMMAND: DealCommunityCards (FLOP)
└─ EVENT: CommunityCardsDealt
   Board: [6♦ 7♠ 6♣]

--- FLOP ---

┌─ COMMAND: PlayerAction
│  Hank: CHECK
└─ EVENT: ActionTaken

┌─ COMMAND: PlayerAction
│  Grace: CHECK
└─ EVENT: ActionTaken

┌─ COMMAND: DealCommunityCards (TURN)
└─ EVENT: CommunityCardsDealt
   Board: [6♦ 7♠ 6♣ 8♥]

--- TURN ---

┌─ COMMAND: PlayerAction
│  Hank: BET $59
└─ EVENT: ActionTaken

┌─ COMMAND: PlayerAction
│  Grace: CALL $59
└─ EVENT: ActionTaken

┌─ COMMAND: DealCommunityCards (RIVER)
└─ EVENT: CommunityCardsDealt
   Board: [6♦ 7♠ 6♣ 8♥ 3♥]

--- RIVER ---

┌─ COMMAND: PlayerAction
│  Hank: BET $60
└─ EVENT: ActionTaken

┌─ COMMAND: PlayerAction
│  Grace: CALL $60
└─ EVENT: ActionTaken

   Grace wins $258

┌─ COMMAND: AwardPot
│  Grace: $258
└─ EVENT: PotAwarded

============================================================
HAND #179 - Dealer: Hank
============================================================

┌─ COMMAND: DealCards
│  hand: #179, dealer: seat 7
└─ EVENT: CardsDealt
   Grace: [4♠ 7♠] ($7,494)
   Hank: [T♥ J♠] ($1,506)

┌─ COMMAND: PostBlind (small)
│  Hank: $5
└─ EVENT: BlindPosted

┌─ COMMAND: PostBlind (big)
│  Grace: $10
└─ EVENT: BlindPosted

--- PREFLOP ---

┌─ COMMAND: PlayerAction
│  Hank: RAISE $58
└─ EVENT: ActionTaken

┌─ COMMAND: PlayerAction
│  Grace: CALL $48
└─ EVENT: ActionTaken

┌─ COMMAND: DealCommunityCards (FLOP)
└─ EVENT: CommunityCardsDealt
   Board: [8♦ 9♣ J♥]

--- FLOP ---

┌─ COMMAND: PlayerAction
│  Grace: CHECK
└─ EVENT: ActionTaken

┌─ COMMAND: PlayerAction
│  Hank: BET $63
└─ EVENT: ActionTaken

┌─ COMMAND: PlayerAction
│  Grace: CALL $63
└─ EVENT: ActionTaken

┌─ COMMAND: DealCommunityCards (TURN)
└─ EVENT: CommunityCardsDealt
   Board: [8♦ 9♣ J♥ T♠]

--- TURN ---

┌─ COMMAND: PlayerAction
│  Grace: CHECK
└─ EVENT: ActionTaken

┌─ COMMAND: PlayerAction
│  Hank: CHECK
└─ EVENT: ActionTaken

┌─ COMMAND: DealCommunityCards (RIVER)
└─ EVENT: CommunityCardsDealt
   Board: [8♦ 9♣ J♥ T♠ Q♦]

--- RIVER ---

┌─ COMMAND: PlayerAction
│  Grace: BET $46
└─ EVENT: ActionTaken

┌─ COMMAND: PlayerAction
│  Hank: CALL $46
└─ EVENT: ActionTaken

   Grace wins $334

┌─ COMMAND: AwardPot
│  Grace: $334
└─ EVENT: PotAwarded

============================================================
HAND #180 - Dealer: Grace
============================================================

┌─ COMMAND: DealCards
│  hand: #180, dealer: seat 6
└─ EVENT: CardsDealt
   Grace: [A♦ Q♥] ($7,661)
   Hank: [K♦ 8♦] ($1,339)

┌─ COMMAND: PostBlind (small)
│  Grace: $5
└─ EVENT: BlindPosted

┌─ COMMAND: PostBlind (big)
│  Hank: $10
└─ EVENT: BlindPosted

--- PREFLOP ---

┌─ COMMAND: PlayerAction
│  Grace: CALL $5
└─ EVENT: ActionTaken

┌─ COMMAND: PlayerAction
│  Hank: CHECK
└─ EVENT: ActionTaken

┌─ COMMAND: DealCommunityCards (FLOP)
└─ EVENT: CommunityCardsDealt
   Board: [5♥ 2♥ 2♦]

--- FLOP ---

┌─ COMMAND: PlayerAction
│  Hank: CHECK
└─ EVENT: ActionTaken

┌─ COMMAND: PlayerAction
│  Grace: CHECK
└─ EVENT: ActionTaken

┌─ COMMAND: DealCommunityCards (TURN)
└─ EVENT: CommunityCardsDealt
   Board: [5♥ 2♥ 2♦ 9♣]

--- TURN ---

┌─ COMMAND: PlayerAction
│  Hank: CHECK
└─ EVENT: ActionTaken

┌─ COMMAND: PlayerAction
│  Grace: BET $45
└─ EVENT: ActionTaken

┌─ COMMAND: PlayerAction
│  Hank: CALL $45
└─ EVENT: ActionTaken

┌─ COMMAND: DealCommunityCards (RIVER)
└─ EVENT: CommunityCardsDealt
   Board: [5♥ 2♥ 2♦ 9♣ J♣]

--- RIVER ---

┌─ COMMAND: PlayerAction
│  Hank: CHECK
└─ EVENT: ActionTaken

┌─ COMMAND: PlayerAction
│  Grace: CHECK
└─ EVENT: ActionTaken

   Hank wins $110

┌─ COMMAND: AwardPot
│  Hank: $110
└─ EVENT: PotAwarded

============================================================
HAND #181 - Dealer: Hank
============================================================

┌─ COMMAND: DealCards
│  hand: #181, dealer: seat 7
└─ EVENT: CardsDealt
   Grace: [T♣ J♦] ($7,606)
   Hank: [Q♥ 8♣] ($1,394)

┌─ COMMAND: PostBlind (small)
│  Hank: $5
└─ EVENT: BlindPosted

┌─ COMMAND: PostBlind (big)
│  Grace: $10
└─ EVENT: BlindPosted

--- PREFLOP ---

┌─ COMMAND: PlayerAction
│  Hank: CALL $5
└─ EVENT: ActionTaken

┌─ COMMAND: PlayerAction
│  Grace: RAISE $48
└─ EVENT: ActionTaken

┌─ COMMAND: PlayerAction
│  Hank: CALL $38
└─ EVENT: ActionTaken

┌─ COMMAND: DealCommunityCards (FLOP)
└─ EVENT: CommunityCardsDealt
   Board: [2♦ 2♥ 7♣]

--- FLOP ---

┌─ COMMAND: PlayerAction
│  Grace: BET $49
└─ EVENT: ActionTaken

┌─ COMMAND: PlayerAction
│  Hank: CALL $49
└─ EVENT: ActionTaken

┌─ COMMAND: DealCommunityCards (TURN)
└─ EVENT: CommunityCardsDealt
   Board: [2♦ 2♥ 7♣ 2♣]

--- TURN ---

┌─ COMMAND: PlayerAction
│  Grace: CHECK
└─ EVENT: ActionTaken

┌─ COMMAND: PlayerAction
│  Hank: CHECK
└─ EVENT: ActionTaken

┌─ COMMAND: DealCommunityCards (RIVER)
└─ EVENT: CommunityCardsDealt
   Board: [2♦ 2♥ 7♣ 2♣ 3♦]

--- RIVER ---

┌─ COMMAND: PlayerAction
│  Grace: CHECK
└─ EVENT: ActionTaken

┌─ COMMAND: PlayerAction
│  Hank: CHECK
└─ EVENT: ActionTaken

   Grace wins $194

┌─ COMMAND: AwardPot
│  Grace: $194
└─ EVENT: PotAwarded

============================================================
HAND #182 - Dealer: Grace
============================================================

┌─ COMMAND: DealCards
│  hand: #182, dealer: seat 6
└─ EVENT: CardsDealt
   Grace: [J♣ 7♦] ($7,703)
   Hank: [3♥ 8♣] ($1,297)

┌─ COMMAND: PostBlind (small)
│  Grace: $5
└─ EVENT: BlindPosted

┌─ COMMAND: PostBlind (big)
│  Hank: $10
└─ EVENT: BlindPosted

--- PREFLOP ---

┌─ COMMAND: PlayerAction
│  Grace: RAISE $45
└─ EVENT: ActionTaken

┌─ COMMAND: PlayerAction
│  Hank: CALL $35
└─ EVENT: ActionTaken

┌─ COMMAND: DealCommunityCards (FLOP)
└─ EVENT: CommunityCardsDealt
   Board: [T♠ 2♠ K♥]

--- FLOP ---

┌─ COMMAND: PlayerAction
│  Hank: CHECK
└─ EVENT: ActionTaken

┌─ COMMAND: PlayerAction
│  Grace: CHECK
└─ EVENT: ActionTaken

┌─ COMMAND: DealCommunityCards (TURN)
└─ EVENT: CommunityCardsDealt
   Board: [T♠ 2♠ K♥ 5♣]

--- TURN ---

┌─ COMMAND: PlayerAction
│  Hank: CHECK
└─ EVENT: ActionTaken

┌─ COMMAND: PlayerAction
│  Grace: BET $47
└─ EVENT: ActionTaken

┌─ COMMAND: PlayerAction
│  Hank: CALL $47
└─ EVENT: ActionTaken

┌─ COMMAND: DealCommunityCards (RIVER)
└─ EVENT: CommunityCardsDealt
   Board: [T♠ 2♠ K♥ 5♣ 3♦]

--- RIVER ---

┌─ COMMAND: PlayerAction
│  Hank: BET $60
└─ EVENT: ActionTaken

┌─ COMMAND: PlayerAction
│  Grace: CALL $60
└─ EVENT: ActionTaken

   Hank wins $304

┌─ COMMAND: AwardPot
│  Hank: $304
└─ EVENT: PotAwarded

============================================================
HAND #183 - Dealer: Hank
============================================================

┌─ COMMAND: DealCards
│  hand: #183, dealer: seat 7
└─ EVENT: CardsDealt
   Grace: [6♦ 5♠] ($7,551)
   Hank: [6♠ 8♦] ($1,449)

┌─ COMMAND: PostBlind (small)
│  Hank: $5
└─ EVENT: BlindPosted

┌─ COMMAND: PostBlind (big)
│  Grace: $10
└─ EVENT: BlindPosted

--- PREFLOP ---

┌─ COMMAND: PlayerAction
│  Hank: RAISE $60
└─ EVENT: ActionTaken

┌─ COMMAND: PlayerAction
│  Grace: CALL $50
└─ EVENT: ActionTaken

┌─ COMMAND: DealCommunityCards (FLOP)
└─ EVENT: CommunityCardsDealt
   Board: [5♥ 3♣ 9♦]

--- FLOP ---

┌─ COMMAND: PlayerAction
│  Grace: CHECK
└─ EVENT: ActionTaken

┌─ COMMAND: PlayerAction
│  Hank: CHECK
└─ EVENT: ActionTaken

┌─ COMMAND: DealCommunityCards (TURN)
└─ EVENT: CommunityCardsDealt
   Board: [5♥ 3♣ 9♦ K♥]

--- TURN ---

┌─ COMMAND: PlayerAction
│  Grace: CHECK
└─ EVENT: ActionTaken

┌─ COMMAND: PlayerAction
│  Hank: CHECK
└─ EVENT: ActionTaken

┌─ COMMAND: DealCommunityCards (RIVER)
└─ EVENT: CommunityCardsDealt
   Board: [5♥ 3♣ 9♦ K♥ 7♦]

--- RIVER ---

┌─ COMMAND: PlayerAction
│  Grace: CHECK
└─ EVENT: ActionTaken

┌─ COMMAND: PlayerAction
│  Hank: CHECK
└─ EVENT: ActionTaken

   Grace wins $120

┌─ COMMAND: AwardPot
│  Grace: $120
└─ EVENT: PotAwarded

============================================================
HAND #184 - Dealer: Grace
============================================================

┌─ COMMAND: DealCards
│  hand: #184, dealer: seat 6
└─ EVENT: CardsDealt
   Grace: [7♦ 5♠] ($7,611)
   Hank: [7♥ Q♠] ($1,389)

┌─ COMMAND: PostBlind (small)
│  Grace: $5
└─ EVENT: BlindPosted

┌─ COMMAND: PostBlind (big)
│  Hank: $10
└─ EVENT: BlindPosted

--- PREFLOP ---

┌─ COMMAND: PlayerAction
│  Grace: CALL $5
└─ EVENT: ActionTaken

┌─ COMMAND: PlayerAction
│  Hank: CHECK
└─ EVENT: ActionTaken

┌─ COMMAND: DealCommunityCards (FLOP)
└─ EVENT: CommunityCardsDealt
   Board: [K♥ 5♣ 3♥]

--- FLOP ---

┌─ COMMAND: PlayerAction
│  Hank: CHECK
└─ EVENT: ActionTaken

┌─ COMMAND: PlayerAction
│  Grace: BET $44
└─ EVENT: ActionTaken

┌─ COMMAND: PlayerAction
│  Hank: CALL $44
└─ EVENT: ActionTaken

┌─ COMMAND: DealCommunityCards (TURN)
└─ EVENT: CommunityCardsDealt
   Board: [K♥ 5♣ 3♥ 6♣]

--- TURN ---

┌─ COMMAND: PlayerAction
│  Hank: CHECK
└─ EVENT: ActionTaken

┌─ COMMAND: PlayerAction
│  Grace: BET $47
└─ EVENT: ActionTaken

┌─ COMMAND: PlayerAction
│  Hank: CALL $47
└─ EVENT: ActionTaken

┌─ COMMAND: DealCommunityCards (RIVER)
└─ EVENT: CommunityCardsDealt
   Board: [K♥ 5♣ 3♥ 6♣ 6♥]

--- RIVER ---

┌─ COMMAND: PlayerAction
│  Hank: BET $60
└─ EVENT: ActionTaken

┌─ COMMAND: PlayerAction
│  Grace: CALL $60
└─ EVENT: ActionTaken

   Grace wins $322

┌─ COMMAND: AwardPot
│  Grace: $322
└─ EVENT: PotAwarded

============================================================
HAND #185 - Dealer: Hank
============================================================

┌─ COMMAND: DealCards
│  hand: #185, dealer: seat 7
└─ EVENT: CardsDealt
   Grace: [2♦ T♦] ($7,772)
   Hank: [J♠ 6♦] ($1,228)

┌─ COMMAND: PostBlind (small)
│  Hank: $5
└─ EVENT: BlindPosted

┌─ COMMAND: PostBlind (big)
│  Grace: $10
└─ EVENT: BlindPosted

--- PREFLOP ---

┌─ COMMAND: PlayerAction
│  Hank: CALL $5
└─ EVENT: ActionTaken

┌─ COMMAND: PlayerAction
│  Grace: RAISE $47
└─ EVENT: ActionTaken

┌─ COMMAND: PlayerAction
│  Hank: CALL $37
└─ EVENT: ActionTaken

┌─ COMMAND: DealCommunityCards (FLOP)
└─ EVENT: CommunityCardsDealt
   Board: [9♣ 6♠ 2♥]

--- FLOP ---

┌─ COMMAND: PlayerAction
│  Grace: CHECK
└─ EVENT: ActionTaken

┌─ COMMAND: PlayerAction
│  Hank: BET $61
└─ EVENT: ActionTaken

┌─ COMMAND: PlayerAction
│  Grace: CALL $61
└─ EVENT: ActionTaken

┌─ COMMAND: DealCommunityCards (TURN)
└─ EVENT: CommunityCardsDealt
   Board: [9♣ 6♠ 2♥ 6♥]

--- TURN ---

┌─ COMMAND: PlayerAction
│  Grace: CHECK
└─ EVENT: ActionTaken

┌─ COMMAND: PlayerAction
│  Hank: BET $57
└─ EVENT: ActionTaken

┌─ COMMAND: PlayerAction
│  Grace: CALL $57
└─ EVENT: ActionTaken

┌─ COMMAND: DealCommunityCards (RIVER)
└─ EVENT: CommunityCardsDealt
   Board: [9♣ 6♠ 2♥ 6♥ 5♠]

--- RIVER ---

┌─ COMMAND: PlayerAction
│  Grace: CHECK
└─ EVENT: ActionTaken

┌─ COMMAND: PlayerAction
│  Hank: BET $61
└─ EVENT: ActionTaken

┌─ COMMAND: PlayerAction
│  Grace: CALL $61
└─ EVENT: ActionTaken

   Hank wins $452

┌─ COMMAND: AwardPot
│  Hank: $452
└─ EVENT: PotAwarded

============================================================
HAND #186 - Dealer: Grace
============================================================

┌─ COMMAND: DealCards
│  hand: #186, dealer: seat 6
└─ EVENT: CardsDealt
   Grace: [6♦ 6♥] ($7,546)
   Hank: [A♥ 9♠] ($1,454)

┌─ COMMAND: PostBlind (small)
│  Grace: $5
└─ EVENT: BlindPosted

┌─ COMMAND: PostBlind (big)
│  Hank: $10
└─ EVENT: BlindPosted

--- PREFLOP ---

┌─ COMMAND: PlayerAction
│  Grace: CALL $5
└─ EVENT: ActionTaken

┌─ COMMAND: PlayerAction
│  Hank: RAISE $59
└─ EVENT: ActionTaken

┌─ COMMAND: PlayerAction
│  Grace: CALL $49
└─ EVENT: ActionTaken

┌─ COMMAND: DealCommunityCards (FLOP)
└─ EVENT: CommunityCardsDealt
   Board: [Q♣ 2♥ 4♣]

--- FLOP ---

┌─ COMMAND: PlayerAction
│  Hank: BET $57
└─ EVENT: ActionTaken

┌─ COMMAND: PlayerAction
│  Grace: CALL $57
└─ EVENT: ActionTaken

┌─ COMMAND: DealCommunityCards (TURN)
└─ EVENT: CommunityCardsDealt
   Board: [Q♣ 2♥ 4♣ J♥]

--- TURN ---

┌─ COMMAND: PlayerAction
│  Hank: CHECK
└─ EVENT: ActionTaken

┌─ COMMAND: PlayerAction
│  Grace: CHECK
└─ EVENT: ActionTaken

┌─ COMMAND: DealCommunityCards (RIVER)
└─ EVENT: CommunityCardsDealt
   Board: [Q♣ 2♥ 4♣ J♥ 3♠]

--- RIVER ---

┌─ COMMAND: PlayerAction
│  Hank: BET $54
└─ EVENT: ActionTaken

┌─ COMMAND: PlayerAction
│  Grace: CALL $54
└─ EVENT: ActionTaken

   Grace wins $340

┌─ COMMAND: AwardPot
│  Grace: $340
└─ EVENT: PotAwarded

============================================================
HAND #187 - Dealer: Hank
============================================================

┌─ COMMAND: DealCards
│  hand: #187, dealer: seat 7
└─ EVENT: CardsDealt
   Grace: [7♥ 2♠] ($7,716)
   Hank: [6♦ 9♣] ($1,284)

┌─ COMMAND: PostBlind (small)
│  Hank: $5
└─ EVENT: BlindPosted

┌─ COMMAND: PostBlind (big)
│  Grace: $10
└─ EVENT: BlindPosted

--- PREFLOP ---

┌─ COMMAND: PlayerAction
│  Hank: RAISE $60
└─ EVENT: ActionTaken

┌─ COMMAND: PlayerAction
│  Grace: CALL $50
└─ EVENT: ActionTaken

┌─ COMMAND: DealCommunityCards (FLOP)
└─ EVENT: CommunityCardsDealt
   Board: [3♦ 8♣ A♠]

--- FLOP ---

┌─ COMMAND: PlayerAction
│  Grace: CHECK
└─ EVENT: ActionTaken

┌─ COMMAND: PlayerAction
│  Hank: CHECK
└─ EVENT: ActionTaken

┌─ COMMAND: DealCommunityCards (TURN)
└─ EVENT: CommunityCardsDealt
   Board: [3♦ 8♣ A♠ A♦]

--- TURN ---

┌─ COMMAND: PlayerAction
│  Grace: CHECK
└─ EVENT: ActionTaken

┌─ COMMAND: PlayerAction
│  Hank: CHECK
└─ EVENT: ActionTaken

┌─ COMMAND: DealCommunityCards (RIVER)
└─ EVENT: CommunityCardsDealt
   Board: [3♦ 8♣ A♠ A♦ 4♦]

--- RIVER ---

┌─ COMMAND: PlayerAction
│  Grace: CHECK
└─ EVENT: ActionTaken

┌─ COMMAND: PlayerAction
│  Hank: BET $58
└─ EVENT: ActionTaken

┌─ COMMAND: PlayerAction
│  Grace: CALL $58
└─ EVENT: ActionTaken

   Grace wins $236

┌─ COMMAND: AwardPot
│  Grace: $236
└─ EVENT: PotAwarded

============================================================
HAND #188 - Dealer: Grace
============================================================

┌─ COMMAND: DealCards
│  hand: #188, dealer: seat 6
└─ EVENT: CardsDealt
   Grace: [7♦ 2♥] ($7,834)
   Hank: [4♠ 9♠] ($1,166)

┌─ COMMAND: PostBlind (small)
│  Grace: $5
└─ EVENT: BlindPosted

┌─ COMMAND: PostBlind (big)
│  Hank: $10
└─ EVENT: BlindPosted

--- PREFLOP ---

┌─ COMMAND: PlayerAction
│  Grace: CALL $5
└─ EVENT: ActionTaken

┌─ COMMAND: PlayerAction
│  Hank: CHECK
└─ EVENT: ActionTaken

┌─ COMMAND: DealCommunityCards (FLOP)
└─ EVENT: CommunityCardsDealt
   Board: [Q♦ 4♣ 6♣]

--- FLOP ---

┌─ COMMAND: PlayerAction
│  Hank: BET $57
└─ EVENT: ActionTaken

┌─ COMMAND: PlayerAction
│  Grace: CALL $57
└─ EVENT: ActionTaken

┌─ COMMAND: DealCommunityCards (TURN)
└─ EVENT: CommunityCardsDealt
   Board: [Q♦ 4♣ 6♣ 7♠]

--- TURN ---

┌─ COMMAND: PlayerAction
│  Hank: BET $55
└─ EVENT: ActionTaken

┌─ COMMAND: PlayerAction
│  Grace: CALL $55
└─ EVENT: ActionTaken

┌─ COMMAND: DealCommunityCards (RIVER)
└─ EVENT: CommunityCardsDealt
   Board: [Q♦ 4♣ 6♣ 7♠ A♥]

--- RIVER ---

┌─ COMMAND: PlayerAction
│  Hank: BET $62
└─ EVENT: ActionTaken

┌─ COMMAND: PlayerAction
│  Grace: CALL $62
└─ EVENT: ActionTaken

   Hank wins $368

┌─ COMMAND: AwardPot
│  Hank: $368
└─ EVENT: PotAwarded

============================================================
HAND #189 - Dealer: Hank
============================================================

┌─ COMMAND: DealCards
│  hand: #189, dealer: seat 7
└─ EVENT: CardsDealt
   Grace: [2♥ 9♦] ($7,650)
   Hank: [6♣ J♥] ($1,350)

┌─ COMMAND: PostBlind (small)
│  Hank: $5
└─ EVENT: BlindPosted

┌─ COMMAND: PostBlind (big)
│  Grace: $10
└─ EVENT: BlindPosted

--- PREFLOP ---

┌─ COMMAND: PlayerAction
│  Hank: RAISE $57
└─ EVENT: ActionTaken

┌─ COMMAND: PlayerAction
│  Grace: CALL $47
└─ EVENT: ActionTaken

┌─ COMMAND: DealCommunityCards (FLOP)
└─ EVENT: CommunityCardsDealt
   Board: [5♠ A♥ 8♠]

--- FLOP ---

┌─ COMMAND: PlayerAction
│  Grace: CHECK
└─ EVENT: ActionTaken

┌─ COMMAND: PlayerAction
│  Hank: BET $60
└─ EVENT: ActionTaken

┌─ COMMAND: PlayerAction
│  Grace: CALL $60
└─ EVENT: ActionTaken

┌─ COMMAND: DealCommunityCards (TURN)
└─ EVENT: CommunityCardsDealt
   Board: [5♠ A♥ 8♠ 4♣]

--- TURN ---

┌─ COMMAND: PlayerAction
│  Grace: BET $44
└─ EVENT: ActionTaken

┌─ COMMAND: PlayerAction
│  Hank: CALL $44
└─ EVENT: ActionTaken

┌─ COMMAND: DealCommunityCards (RIVER)
└─ EVENT: CommunityCardsDealt
   Board: [5♠ A♥ 8♠ 4♣ Q♥]

--- RIVER ---

┌─ COMMAND: PlayerAction
│  Grace: BET $46
└─ EVENT: ActionTaken

┌─ COMMAND: PlayerAction
│  Hank: CALL $46
└─ EVENT: ActionTaken

   Hank wins $414

┌─ COMMAND: AwardPot
│  Hank: $414
└─ EVENT: PotAwarded

============================================================
HAND #190 - Dealer: Grace
============================================================

┌─ COMMAND: DealCards
│  hand: #190, dealer: seat 6
└─ EVENT: CardsDealt
   Grace: [3♦ 7♣] ($7,443)
   Hank: [4♣ Q♦] ($1,557)

┌─ COMMAND: PostBlind (small)
│  Grace: $5
└─ EVENT: BlindPosted

┌─ COMMAND: PostBlind (big)
│  Hank: $10
└─ EVENT: BlindPosted

--- PREFLOP ---

┌─ COMMAND: PlayerAction
│  Grace: RAISE $47
└─ EVENT: ActionTaken

┌─ COMMAND: PlayerAction
│  Hank: CALL $37
└─ EVENT: ActionTaken

┌─ COMMAND: DealCommunityCards (FLOP)
└─ EVENT: CommunityCardsDealt
   Board: [Q♠ T♦ J♦]

--- FLOP ---

┌─ COMMAND: PlayerAction
│  Hank: CHECK
└─ EVENT: ActionTaken

┌─ COMMAND: PlayerAction
│  Grace: CHECK
└─ EVENT: ActionTaken

┌─ COMMAND: DealCommunityCards (TURN)
└─ EVENT: CommunityCardsDealt
   Board: [Q♠ T♦ J♦ J♣]

--- TURN ---

┌─ COMMAND: PlayerAction
│  Hank: BET $59
└─ EVENT: ActionTaken

┌─ COMMAND: PlayerAction
│  Grace: CALL $59
└─ EVENT: ActionTaken

┌─ COMMAND: DealCommunityCards (RIVER)
└─ EVENT: CommunityCardsDealt
   Board: [Q♠ T♦ J♦ J♣ A♠]

--- RIVER ---

┌─ COMMAND: PlayerAction
│  Hank: BET $59
└─ EVENT: ActionTaken

┌─ COMMAND: PlayerAction
│  Grace: CALL $59
└─ EVENT: ActionTaken

   Grace wins $330

┌─ COMMAND: AwardPot
│  Grace: $330
└─ EVENT: PotAwarded

============================================================
HAND #191 - Dealer: Hank
============================================================

┌─ COMMAND: DealCards
│  hand: #191, dealer: seat 7
└─ EVENT: CardsDealt
   Grace: [T♣ 5♦] ($7,608)
   Hank: [2♠ 3♠] ($1,392)

┌─ COMMAND: PostBlind (small)
│  Hank: $5
└─ EVENT: BlindPosted

┌─ COMMAND: PostBlind (big)
│  Grace: $10
└─ EVENT: BlindPosted

--- PREFLOP ---

┌─ COMMAND: PlayerAction
│  Hank: RAISE $57
└─ EVENT: ActionTaken

┌─ COMMAND: PlayerAction
│  Grace: CALL $47
└─ EVENT: ActionTaken

┌─ COMMAND: DealCommunityCards (FLOP)
└─ EVENT: CommunityCardsDealt
   Board: [5♠ A♣ 8♦]

--- FLOP ---

┌─ COMMAND: PlayerAction
│  Grace: CHECK
└─ EVENT: ActionTaken

┌─ COMMAND: PlayerAction
│  Hank: BET $62
└─ EVENT: ActionTaken

┌─ COMMAND: PlayerAction
│  Grace: CALL $62
└─ EVENT: ActionTaken

┌─ COMMAND: DealCommunityCards (TURN)
└─ EVENT: CommunityCardsDealt
   Board: [5♠ A♣ 8♦ 6♣]

--- TURN ---

┌─ COMMAND: PlayerAction
│  Grace: BET $45
└─ EVENT: ActionTaken

┌─ COMMAND: PlayerAction
│  Hank: CALL $45
└─ EVENT: ActionTaken

┌─ COMMAND: DealCommunityCards (RIVER)
└─ EVENT: CommunityCardsDealt
   Board: [5♠ A♣ 8♦ 6♣ 2♣]

--- RIVER ---

┌─ COMMAND: PlayerAction
│  Grace: BET $47
└─ EVENT: ActionTaken

┌─ COMMAND: PlayerAction
│  Hank: CALL $47
└─ EVENT: ActionTaken

   Grace wins $422

┌─ COMMAND: AwardPot
│  Grace: $422
└─ EVENT: PotAwarded

============================================================
HAND #192 - Dealer: Grace
============================================================

┌─ COMMAND: DealCards
│  hand: #192, dealer: seat 6
└─ EVENT: CardsDealt
   Grace: [J♣ 4♣] ($7,819)
   Hank: [7♦ T♦] ($1,181)

┌─ COMMAND: PostBlind (small)
│  Grace: $5
└─ EVENT: BlindPosted

┌─ COMMAND: PostBlind (big)
│  Hank: $10
└─ EVENT: BlindPosted

--- PREFLOP ---

┌─ COMMAND: PlayerAction
│  Grace: CALL $5
└─ EVENT: ActionTaken

┌─ COMMAND: PlayerAction
│  Hank: RAISE $60
└─ EVENT: ActionTaken

┌─ COMMAND: PlayerAction
│  Grace: CALL $50
└─ EVENT: ActionTaken

┌─ COMMAND: DealCommunityCards (FLOP)
└─ EVENT: CommunityCardsDealt
   Board: [J♦ 4♥ A♠]

--- FLOP ---

┌─ COMMAND: PlayerAction
│  Hank: CHECK
└─ EVENT: ActionTaken

┌─ COMMAND: PlayerAction
│  Grace: BET $45
└─ EVENT: ActionTaken

┌─ COMMAND: PlayerAction
│  Hank: CALL $45
└─ EVENT: ActionTaken

┌─ COMMAND: DealCommunityCards (TURN)
└─ EVENT: CommunityCardsDealt
   Board: [J♦ 4♥ A♠ 8♣]

--- TURN ---

┌─ COMMAND: PlayerAction
│  Hank: BET $58
└─ EVENT: ActionTaken

┌─ COMMAND: PlayerAction
│  Grace: CALL $58
└─ EVENT: ActionTaken

┌─ COMMAND: DealCommunityCards (RIVER)
└─ EVENT: CommunityCardsDealt
   Board: [J♦ 4♥ A♠ 8♣ 6♠]

--- RIVER ---

┌─ COMMAND: PlayerAction
│  Hank: BET $60
└─ EVENT: ActionTaken

┌─ COMMAND: PlayerAction
│  Grace: CALL $60
└─ EVENT: ActionTaken

   Grace wins $446

┌─ COMMAND: AwardPot
│  Grace: $446
└─ EVENT: PotAwarded

============================================================
HAND #193 - Dealer: Hank
============================================================

┌─ COMMAND: DealCards
│  hand: #193, dealer: seat 7
└─ EVENT: CardsDealt
   Grace: [5♣ 7♦] ($8,042)
   Hank: [T♦ K♠] ($958)

┌─ COMMAND: PostBlind (small)
│  Hank: $5
└─ EVENT: BlindPosted

┌─ COMMAND: PostBlind (big)
│  Grace: $10
└─ EVENT: BlindPosted

--- PREFLOP ---

┌─ COMMAND: PlayerAction
│  Hank: RAISE $60
└─ EVENT: ActionTaken

┌─ COMMAND: PlayerAction
│  Grace: CALL $50
└─ EVENT: ActionTaken

┌─ COMMAND: DealCommunityCards (FLOP)
└─ EVENT: CommunityCardsDealt
   Board: [2♠ Q♦ 6♦]

--- FLOP ---

┌─ COMMAND: PlayerAction
│  Grace: BET $47
└─ EVENT: ActionTaken

┌─ COMMAND: PlayerAction
│  Hank: CALL $47
└─ EVENT: ActionTaken

┌─ COMMAND: DealCommunityCards (TURN)
└─ EVENT: CommunityCardsDealt
   Board: [2♠ Q♦ 6♦ 6♣]

--- TURN ---

┌─ COMMAND: PlayerAction
│  Grace: CHECK
└─ EVENT: ActionTaken

┌─ COMMAND: PlayerAction
│  Hank: CHECK
└─ EVENT: ActionTaken

┌─ COMMAND: DealCommunityCards (RIVER)
└─ EVENT: CommunityCardsDealt
   Board: [2♠ Q♦ 6♦ 6♣ 7♣]

--- RIVER ---

┌─ COMMAND: PlayerAction
│  Grace: CHECK
└─ EVENT: ActionTaken

┌─ COMMAND: PlayerAction
│  Hank: CHECK
└─ EVENT: ActionTaken

   Grace wins $214

┌─ COMMAND: AwardPot
│  Grace: $214
└─ EVENT: PotAwarded

============================================================
HAND #194 - Dealer: Grace
============================================================

┌─ COMMAND: DealCards
│  hand: #194, dealer: seat 6
└─ EVENT: CardsDealt
   Grace: [A♠ 3♥] ($8,149)
   Hank: [8♣ 7♣] ($851)

┌─ COMMAND: PostBlind (small)
│  Grace: $5
└─ EVENT: BlindPosted

┌─ COMMAND: PostBlind (big)
│  Hank: $10
└─ EVENT: BlindPosted

--- PREFLOP ---

┌─ COMMAND: PlayerAction
│  Grace: RAISE $48
└─ EVENT: ActionTaken

┌─ COMMAND: PlayerAction
│  Hank: CALL $38
└─ EVENT: ActionTaken

┌─ COMMAND: DealCommunityCards (FLOP)
└─ EVENT: CommunityCardsDealt
   Board: [4♦ 9♦ 7♦]

--- FLOP ---

┌─ COMMAND: PlayerAction
│  Hank: BET $56
└─ EVENT: ActionTaken

┌─ COMMAND: PlayerAction
│  Grace: CALL $56
└─ EVENT: ActionTaken

┌─ COMMAND: DealCommunityCards (TURN)
└─ EVENT: CommunityCardsDealt
   Board: [4♦ 9♦ 7♦ 5♠]

--- TURN ---

┌─ COMMAND: PlayerAction
│  Hank: CHECK
└─ EVENT: ActionTaken

┌─ COMMAND: PlayerAction
│  Grace: CHECK
└─ EVENT: ActionTaken

┌─ COMMAND: DealCommunityCards (RIVER)
└─ EVENT: CommunityCardsDealt
   Board: [4♦ 9♦ 7♦ 5♠ 7♥]

--- RIVER ---

┌─ COMMAND: PlayerAction
│  Hank: CHECK
└─ EVENT: ActionTaken

┌─ COMMAND: PlayerAction
│  Grace: CHECK
└─ EVENT: ActionTaken

   Hank wins $208

┌─ COMMAND: AwardPot
│  Hank: $208
└─ EVENT: PotAwarded

============================================================
HAND #195 - Dealer: Hank
============================================================

┌─ COMMAND: DealCards
│  hand: #195, dealer: seat 7
└─ EVENT: CardsDealt
   Grace: [9♥ A♣] ($8,045)
   Hank: [K♣ K♥] ($955)

┌─ COMMAND: PostBlind (small)
│  Hank: $5
└─ EVENT: BlindPosted

┌─ COMMAND: PostBlind (big)
│  Grace: $10
└─ EVENT: BlindPosted

--- PREFLOP ---

┌─ COMMAND: PlayerAction
│  Hank: RAISE $61
└─ EVENT: ActionTaken

┌─ COMMAND: PlayerAction
│  Grace: CALL $51
└─ EVENT: ActionTaken

┌─ COMMAND: DealCommunityCards (FLOP)
└─ EVENT: CommunityCardsDealt
   Board: [9♦ 7♥ 5♦]

--- FLOP ---

┌─ COMMAND: PlayerAction
│  Grace: CHECK
└─ EVENT: ActionTaken

┌─ COMMAND: PlayerAction
│  Hank: CHECK
└─ EVENT: ActionTaken

┌─ COMMAND: DealCommunityCards (TURN)
└─ EVENT: CommunityCardsDealt
   Board: [9♦ 7♥ 5♦ 3♥]

--- TURN ---

┌─ COMMAND: PlayerAction
│  Grace: CHECK
└─ EVENT: ActionTaken

┌─ COMMAND: PlayerAction
│  Hank: CHECK
└─ EVENT: ActionTaken

┌─ COMMAND: DealCommunityCards (RIVER)
└─ EVENT: CommunityCardsDealt
   Board: [9♦ 7♥ 5♦ 3♥ 6♣]

--- RIVER ---

┌─ COMMAND: PlayerAction
│  Grace: CHECK
└─ EVENT: ActionTaken

┌─ COMMAND: PlayerAction
│  Hank: BET $59
└─ EVENT: ActionTaken

┌─ COMMAND: PlayerAction
│  Grace: CALL $59
└─ EVENT: ActionTaken

   Hank wins $240

┌─ COMMAND: AwardPot
│  Hank: $240
└─ EVENT: PotAwarded

============================================================
HAND #196 - Dealer: Grace
============================================================

┌─ COMMAND: DealCards
│  hand: #196, dealer: seat 6
└─ EVENT: CardsDealt
   Grace: [9♥ 2♠] ($7,925)
   Hank: [9♦ Q♥] ($1,075)

┌─ COMMAND: PostBlind (small)
│  Grace: $5
└─ EVENT: BlindPosted

┌─ COMMAND: PostBlind (big)
│  Hank: $10
└─ EVENT: BlindPosted

--- PREFLOP ---

┌─ COMMAND: PlayerAction
│  Grace: RAISE $42
└─ EVENT: ActionTaken

┌─ COMMAND: PlayerAction
│  Hank: CALL $32
└─ EVENT: ActionTaken

┌─ COMMAND: DealCommunityCards (FLOP)
└─ EVENT: CommunityCardsDealt
   Board: [3♦ 4♦ 5♦]

--- FLOP ---

┌─ COMMAND: PlayerAction
│  Hank: BET $58
└─ EVENT: ActionTaken

┌─ COMMAND: PlayerAction
│  Grace: CALL $58
└─ EVENT: ActionTaken

┌─ COMMAND: DealCommunityCards (TURN)
└─ EVENT: CommunityCardsDealt
   Board: [3♦ 4♦ 5♦ 3♣]

--- TURN ---

┌─ COMMAND: PlayerAction
│  Hank: BET $61
└─ EVENT: ActionTaken

┌─ COMMAND: PlayerAction
│  Grace: CALL $61
└─ EVENT: ActionTaken

┌─ COMMAND: DealCommunityCards (RIVER)
└─ EVENT: CommunityCardsDealt
   Board: [3♦ 4♦ 5♦ 3♣ A♣]

--- RIVER ---

┌─ COMMAND: PlayerAction
│  Hank: CHECK
└─ EVENT: ActionTaken

┌─ COMMAND: PlayerAction
│  Grace: BET $44
└─ EVENT: ActionTaken

┌─ COMMAND: PlayerAction
│  Hank: CALL $44
└─ EVENT: ActionTaken

   Hank wins $410

┌─ COMMAND: AwardPot
│  Hank: $410
└─ EVENT: PotAwarded

============================================================
HAND #197 - Dealer: Hank
============================================================

┌─ COMMAND: DealCards
│  hand: #197, dealer: seat 7
└─ EVENT: CardsDealt
   Grace: [3♠ 4♥] ($7,720)
   Hank: [6♥ 8♦] ($1,280)

┌─ COMMAND: PostBlind (small)
│  Hank: $5
└─ EVENT: BlindPosted

┌─ COMMAND: PostBlind (big)
│  Grace: $10
└─ EVENT: BlindPosted

--- PREFLOP ---

┌─ COMMAND: PlayerAction
│  Hank: RAISE $59
└─ EVENT: ActionTaken

┌─ COMMAND: PlayerAction
│  Grace: CALL $49
└─ EVENT: ActionTaken

┌─ COMMAND: DealCommunityCards (FLOP)
└─ EVENT: CommunityCardsDealt
   Board: [2♠ T♥ 8♣]

--- FLOP ---

┌─ COMMAND: PlayerAction
│  Grace: CHECK
└─ EVENT: ActionTaken

┌─ COMMAND: PlayerAction
│  Hank: BET $57
└─ EVENT: ActionTaken

┌─ COMMAND: PlayerAction
│  Grace: CALL $57
└─ EVENT: ActionTaken

┌─ COMMAND: DealCommunityCards (TURN)
└─ EVENT: CommunityCardsDealt
   Board: [2♠ T♥ 8♣ 9♥]

--- TURN ---

┌─ COMMAND: PlayerAction
│  Grace: BET $47
└─ EVENT: ActionTaken

┌─ COMMAND: PlayerAction
│  Hank: CALL $47
└─ EVENT: ActionTaken

┌─ COMMAND: DealCommunityCards (RIVER)
└─ EVENT: CommunityCardsDealt
   Board: [2♠ T♥ 8♣ 9♥ 2♣]

--- RIVER ---

┌─ COMMAND: PlayerAction
│  Grace: CHECK
└─ EVENT: ActionTaken

┌─ COMMAND: PlayerAction
│  Hank: CHECK
└─ EVENT: ActionTaken

   Hank wins $326

┌─ COMMAND: AwardPot
│  Hank: $326
└─ EVENT: PotAwarded

============================================================
HAND #198 - Dealer: Grace
============================================================

┌─ COMMAND: DealCards
│  hand: #198, dealer: seat 6
└─ EVENT: CardsDealt
   Grace: [7♥ 8♥] ($7,557)
   Hank: [5♣ 5♦] ($1,443)

┌─ COMMAND: PostBlind (small)
│  Grace: $5
└─ EVENT: BlindPosted

┌─ COMMAND: PostBlind (big)
│  Hank: $10
└─ EVENT: BlindPosted

--- PREFLOP ---

┌─ COMMAND: PlayerAction
│  Grace: CALL $5
└─ EVENT: ActionTaken

┌─ COMMAND: PlayerAction
│  Hank: CHECK
└─ EVENT: ActionTaken

┌─ COMMAND: DealCommunityCards (FLOP)
└─ EVENT: CommunityCardsDealt
   Board: [3♥ J♦ T♣]

--- FLOP ---

┌─ COMMAND: PlayerAction
│  Hank: BET $53
└─ EVENT: ActionTaken

┌─ COMMAND: PlayerAction
│  Grace: CALL $53
└─ EVENT: ActionTaken

┌─ COMMAND: DealCommunityCards (TURN)
└─ EVENT: CommunityCardsDealt
   Board: [3♥ J♦ T♣ Q♣]

--- TURN ---

┌─ COMMAND: PlayerAction
│  Hank: CHECK
└─ EVENT: ActionTaken

┌─ COMMAND: PlayerAction
│  Grace: BET $49
└─ EVENT: ActionTaken

┌─ COMMAND: PlayerAction
│  Hank: CALL $49
└─ EVENT: ActionTaken

┌─ COMMAND: DealCommunityCards (RIVER)
└─ EVENT: CommunityCardsDealt
   Board: [3♥ J♦ T♣ Q♣ 4♦]

--- RIVER ---

┌─ COMMAND: PlayerAction
│  Hank: BET $61
└─ EVENT: ActionTaken

┌─ COMMAND: PlayerAction
│  Grace: CALL $61
└─ EVENT: ActionTaken

   Grace wins $346

┌─ COMMAND: AwardPot
│  Grace: $346
└─ EVENT: PotAwarded

============================================================
HAND #199 - Dealer: Hank
============================================================

┌─ COMMAND: DealCards
│  hand: #199, dealer: seat 7
└─ EVENT: CardsDealt
   Grace: [4♥ 3♠] ($7,730)
   Hank: [9♦ 4♦] ($1,270)

┌─ COMMAND: PostBlind (small)
│  Hank: $5
└─ EVENT: BlindPosted

┌─ COMMAND: PostBlind (big)
│  Grace: $10
└─ EVENT: BlindPosted

--- PREFLOP ---

┌─ COMMAND: PlayerAction
│  Hank: RAISE $57
└─ EVENT: ActionTaken

┌─ COMMAND: PlayerAction
│  Grace: CALL $47
└─ EVENT: ActionTaken

┌─ COMMAND: DealCommunityCards (FLOP)
└─ EVENT: CommunityCardsDealt
   Board: [J♥ 3♥ K♠]

--- FLOP ---

┌─ COMMAND: PlayerAction
│  Grace: CHECK
└─ EVENT: ActionTaken

┌─ COMMAND: PlayerAction
│  Hank: BET $60
└─ EVENT: ActionTaken

┌─ COMMAND: PlayerAction
│  Grace: CALL $60
└─ EVENT: ActionTaken

┌─ COMMAND: DealCommunityCards (TURN)
└─ EVENT: CommunityCardsDealt
   Board: [J♥ 3♥ K♠ T♣]

--- TURN ---

┌─ COMMAND: PlayerAction
│  Grace: BET $50
└─ EVENT: ActionTaken

┌─ COMMAND: PlayerAction
│  Hank: CALL $50
└─ EVENT: ActionTaken

┌─ COMMAND: DealCommunityCards (RIVER)
└─ EVENT: CommunityCardsDealt
   Board: [J♥ 3♥ K♠ T♣ 5♠]

--- RIVER ---

┌─ COMMAND: PlayerAction
│  Grace: BET $48
└─ EVENT: ActionTaken

┌─ COMMAND: PlayerAction
│  Hank: CALL $48
└─ EVENT: ActionTaken

   Grace wins $430

┌─ COMMAND: AwardPot
│  Grace: $430
└─ EVENT: PotAwarded

============================================================
HAND #200 - Dealer: Grace
============================================================

┌─ COMMAND: DealCards
│  hand: #200, dealer: seat 6
└─ EVENT: CardsDealt
   Grace: [8♦ J♠] ($7,945)
   Hank: [Q♣ 9♣] ($1,055)

┌─ COMMAND: PostBlind (small)
│  Grace: $5
└─ EVENT: BlindPosted

┌─ COMMAND: PostBlind (big)
│  Hank: $10
└─ EVENT: BlindPosted

--- PREFLOP ---

┌─ COMMAND: PlayerAction
│  Grace: RAISE $45
└─ EVENT: ActionTaken

┌─ COMMAND: PlayerAction
│  Hank: CALL $35
└─ EVENT: ActionTaken

┌─ COMMAND: DealCommunityCards (FLOP)
└─ EVENT: CommunityCardsDealt
   Board: [5♣ 4♥ 9♦]

--- FLOP ---

┌─ COMMAND: PlayerAction
│  Hank: CHECK
└─ EVENT: ActionTaken

┌─ COMMAND: PlayerAction
│  Grace: BET $44
└─ EVENT: ActionTaken

┌─ COMMAND: PlayerAction
│  Hank: CALL $44
└─ EVENT: ActionTaken

┌─ COMMAND: DealCommunityCards (TURN)
└─ EVENT: CommunityCardsDealt
   Board: [5♣ 4♥ 9♦ T♥]

--- TURN ---

┌─ COMMAND: PlayerAction
│  Hank: CHECK
└─ EVENT: ActionTaken

┌─ COMMAND: PlayerAction
│  Grace: BET $49
└─ EVENT: ActionTaken

┌─ COMMAND: PlayerAction
│  Hank: CALL $49
└─ EVENT: ActionTaken

┌─ COMMAND: DealCommunityCards (RIVER)
└─ EVENT: CommunityCardsDealt
   Board: [5♣ 4♥ 9♦ T♥ K♥]

--- RIVER ---

┌─ COMMAND: PlayerAction
│  Hank: CHECK
└─ EVENT: ActionTaken

┌─ COMMAND: PlayerAction
│  Grace: BET $46
└─ EVENT: ActionTaken

┌─ COMMAND: PlayerAction
│  Hank: CALL $46
└─ EVENT: ActionTaken

   Grace wins $368

┌─ COMMAND: AwardPot
│  Grace: $368
└─ EVENT: PotAwarded
2026-03-24 16:20:50 [debug    ] tournament_complete            hands=200 tournament_id=selfplay-9b220550 winner=Grace
2026-03-24 16:20:50 [debug    ] tournament_starting            tournament_id=selfplay-bf1ec587

┌─ COMMAND: CreateTable
│  table: SelfPlay-selfplay, variant: holdem
│  blinds: $5/$10
└─ EVENT: TableCreated

┌─ COMMAND: RegisterPlayer
│  name: Alice
└─ EVENT: PlayerRegistered

┌─ COMMAND: DepositFunds
│  player: Alice, amount: $1,000
└─ EVENT: FundsDeposited

┌─ COMMAND: ReserveFunds
│  player: Alice, amount: $1,000
└─ EVENT: FundsReserved

┌─ COMMAND: JoinTable
│  player: Alice, seat: 0
└─ EVENT: PlayerJoined

┌─ COMMAND: RegisterPlayer
│  name: Bob
└─ EVENT: PlayerRegistered

┌─ COMMAND: DepositFunds
│  player: Bob, amount: $1,000
└─ EVENT: FundsDeposited

┌─ COMMAND: ReserveFunds
│  player: Bob, amount: $1,000
└─ EVENT: FundsReserved

┌─ COMMAND: JoinTable
│  player: Bob, seat: 1
└─ EVENT: PlayerJoined

┌─ COMMAND: RegisterPlayer
│  name: Carol
└─ EVENT: PlayerRegistered

┌─ COMMAND: DepositFunds
│  player: Carol, amount: $1,000
└─ EVENT: FundsDeposited

┌─ COMMAND: ReserveFunds
│  player: Carol, amount: $1,000
└─ EVENT: FundsReserved

┌─ COMMAND: JoinTable
│  player: Carol, seat: 2
└─ EVENT: PlayerJoined

┌─ COMMAND: RegisterPlayer
│  name: Dave
└─ EVENT: PlayerRegistered

┌─ COMMAND: DepositFunds
│  player: Dave, amount: $1,000
└─ EVENT: FundsDeposited

┌─ COMMAND: ReserveFunds
│  player: Dave, amount: $1,000
└─ EVENT: FundsReserved

┌─ COMMAND: JoinTable
│  player: Dave, seat: 3
└─ EVENT: PlayerJoined

┌─ COMMAND: RegisterPlayer
│  name: Eve
└─ EVENT: PlayerRegistered

┌─ COMMAND: DepositFunds
│  player: Eve, amount: $1,000
└─ EVENT: FundsDeposited

┌─ COMMAND: ReserveFunds
│  player: Eve, amount: $1,000
└─ EVENT: FundsReserved

┌─ COMMAND: JoinTable
│  player: Eve, seat: 4
└─ EVENT: PlayerJoined

┌─ COMMAND: RegisterPlayer
│  name: Frank
└─ EVENT: PlayerRegistered

┌─ COMMAND: DepositFunds
│  player: Frank, amount: $1,000
└─ EVENT: FundsDeposited

┌─ COMMAND: ReserveFunds
│  player: Frank, amount: $1,000
└─ EVENT: FundsReserved

┌─ COMMAND: JoinTable
│  player: Frank, seat: 5
└─ EVENT: PlayerJoined

┌─ COMMAND: RegisterPlayer
│  name: Grace
└─ EVENT: PlayerRegistered

┌─ COMMAND: DepositFunds
│  player: Grace, amount: $1,000
└─ EVENT: FundsDeposited

┌─ COMMAND: ReserveFunds
│  player: Grace, amount: $1,000
└─ EVENT: FundsReserved

┌─ COMMAND: JoinTable
│  player: Grace, seat: 6
└─ EVENT: PlayerJoined

┌─ COMMAND: RegisterPlayer
│  name: Hank
└─ EVENT: PlayerRegistered

┌─ COMMAND: DepositFunds
│  player: Hank, amount: $1,000
└─ EVENT: FundsDeposited

┌─ COMMAND: ReserveFunds
│  player: Hank, amount: $1,000
└─ EVENT: FundsReserved

┌─ COMMAND: JoinTable
│  player: Hank, seat: 7
└─ EVENT: PlayerJoined

┌─ COMMAND: RegisterPlayer
│  name: Ivan
└─ EVENT: PlayerRegistered

┌─ COMMAND: DepositFunds
│  player: Ivan, amount: $1,000
└─ EVENT: FundsDeposited

┌─ COMMAND: ReserveFunds
│  player: Ivan, amount: $1,000
└─ EVENT: FundsReserved

┌─ COMMAND: JoinTable
│  player: Ivan, seat: 8
└─ EVENT: PlayerJoined

============================================================
HAND #1 - Dealer: Alice
============================================================

┌─ COMMAND: DealCards
│  hand: #1, dealer: seat 0
└─ EVENT: CardsDealt
   Alice: [9♠ J♠] ($1,000)
   Bob: [Q♥ J♦] ($1,000)
   Carol: [9♥ 6♣] ($1,000)
   Dave: [6♥ 9♦] ($1,000)
   Eve: [4♠ 8♠] ($1,000)
   Frank: [4♣ A♣] ($1,000)
   Grace: [3♦ J♥] ($1,000)
   Hank: [K♣ 3♠] ($1,000)
   Ivan: [T♣ 2♦] ($1,000)

┌─ COMMAND: PostBlind (small)
│  Bob: $5
└─ EVENT: BlindPosted

┌─ COMMAND: PostBlind (big)
│  Carol: $10
└─ EVENT: BlindPosted

--- PREFLOP ---

┌─ COMMAND: PlayerAction
│  Dave: RAISE $41
└─ EVENT: ActionTaken

┌─ COMMAND: PlayerAction
│  Eve: CALL $41
└─ EVENT: ActionTaken

┌─ COMMAND: PlayerAction
│  Frank: CALL $41
└─ EVENT: ActionTaken

┌─ COMMAND: PlayerAction
│  Grace: CALL $41
└─ EVENT: ActionTaken

┌─ COMMAND: PlayerAction
│  Hank: CALL $41
└─ EVENT: ActionTaken

┌─ COMMAND: PlayerAction
│  Ivan: CALL $41
└─ EVENT: ActionTaken

┌─ COMMAND: PlayerAction
│  Alice: CALL $41
└─ EVENT: ActionTaken

┌─ COMMAND: PlayerAction
│  Bob: CALL $36
└─ EVENT: ActionTaken

┌─ COMMAND: PlayerAction
│  Carol: CALL $31
└─ EVENT: ActionTaken

┌─ COMMAND: DealCommunityCards (FLOP)
└─ EVENT: CommunityCardsDealt
   Board: [T♥ 7♥ 7♣]

--- FLOP ---

┌─ COMMAND: PlayerAction
│  Bob: CHECK
└─ EVENT: ActionTaken

┌─ COMMAND: PlayerAction
│  Carol: CHECK
└─ EVENT: ActionTaken

┌─ COMMAND: PlayerAction
│  Dave: CHECK
└─ EVENT: ActionTaken

┌─ COMMAND: PlayerAction
│  Eve: CHECK
└─ EVENT: ActionTaken

┌─ COMMAND: PlayerAction
│  Frank: BET $45
└─ EVENT: ActionTaken

┌─ COMMAND: PlayerAction
│  Grace: CALL $45
└─ EVENT: ActionTaken

┌─ COMMAND: PlayerAction
│  Hank: CALL $45
└─ EVENT: ActionTaken

┌─ COMMAND: PlayerAction
│  Ivan: CALL $45
└─ EVENT: ActionTaken

┌─ COMMAND: PlayerAction
│  Alice: CALL $45
└─ EVENT: ActionTaken

┌─ COMMAND: PlayerAction
│  Bob: CALL $45
└─ EVENT: ActionTaken

┌─ COMMAND: PlayerAction
│  Carol: CALL $45
└─ EVENT: ActionTaken

┌─ COMMAND: PlayerAction
│  Dave: CALL $45
└─ EVENT: ActionTaken

┌─ COMMAND: PlayerAction
│  Eve: CALL $45
└─ EVENT: ActionTaken

┌─ COMMAND: DealCommunityCards (TURN)
└─ EVENT: CommunityCardsDealt
   Board: [T♥ 7♥ 7♣ 4♦]

--- TURN ---

┌─ COMMAND: PlayerAction
│  Bob: CHECK
└─ EVENT: ActionTaken

┌─ COMMAND: PlayerAction
│  Carol: CHECK
└─ EVENT: ActionTaken

┌─ COMMAND: PlayerAction
│  Dave: BET $46
└─ EVENT: ActionTaken

┌─ COMMAND: PlayerAction
│  Eve: CALL $46
└─ EVENT: ActionTaken

┌─ COMMAND: PlayerAction
│  Frank: CALL $46
└─ EVENT: ActionTaken

┌─ COMMAND: PlayerAction
│  Grace: CALL $46
└─ EVENT: ActionTaken

┌─ COMMAND: PlayerAction
│  Hank: CALL $46
└─ EVENT: ActionTaken

┌─ COMMAND: PlayerAction
│  Ivan: CALL $46
└─ EVENT: ActionTaken

┌─ COMMAND: PlayerAction
│  Alice: CALL $46
└─ EVENT: ActionTaken

┌─ COMMAND: PlayerAction
│  Bob: CALL $46
└─ EVENT: ActionTaken

┌─ COMMAND: PlayerAction
│  Carol: CALL $46
└─ EVENT: ActionTaken

┌─ COMMAND: DealCommunityCards (RIVER)
└─ EVENT: CommunityCardsDealt
   Board: [T♥ 7♥ 7♣ 4♦ Q♣]

--- RIVER ---

┌─ COMMAND: PlayerAction
│  Bob: CHECK
└─ EVENT: ActionTaken

┌─ COMMAND: PlayerAction
│  Carol: BET $47
└─ EVENT: ActionTaken

┌─ COMMAND: PlayerAction
│  Dave: CALL $47
└─ EVENT: ActionTaken

┌─ COMMAND: PlayerAction
│  Eve: CALL $47
└─ EVENT: ActionTaken

┌─ COMMAND: PlayerAction
│  Frank: CALL $47
└─ EVENT: ActionTaken

┌─ COMMAND: PlayerAction
│  Grace: CALL $47
└─ EVENT: ActionTaken

┌─ COMMAND: PlayerAction
│  Hank: CALL $47
└─ EVENT: ActionTaken

┌─ COMMAND: PlayerAction
│  Ivan: CALL $47
└─ EVENT: ActionTaken

┌─ COMMAND: PlayerAction
│  Alice: CALL $47
└─ EVENT: ActionTaken

┌─ COMMAND: PlayerAction
│  Bob: CALL $47
└─ EVENT: ActionTaken

   Grace wins $1,611

┌─ COMMAND: AwardPot
│  Grace: $1,611
└─ EVENT: PotAwarded

============================================================
HAND #2 - Dealer: Bob
============================================================

┌─ COMMAND: DealCards
│  hand: #2, dealer: seat 1
└─ EVENT: CardsDealt
   Alice: [8♥ 6♥] ($821)
   Bob: [3♥ 6♣] ($821)
   Carol: [T♦ T♠] ($821)
   Dave: [7♣ Q♦] ($821)
   Eve: [Q♣ 9♠] ($821)
   Frank: [A♠ 4♦] ($821)
   Grace: [4♥ 8♣] ($2,432)
   Hank: [T♣ A♥] ($821)
   Ivan: [A♦ 3♠] ($821)

┌─ COMMAND: PostBlind (small)
│  Carol: $5
└─ EVENT: BlindPosted

┌─ COMMAND: PostBlind (big)
│  Dave: $10
└─ EVENT: BlindPosted

--- PREFLOP ---

┌─ COMMAND: PlayerAction
│  Eve: CALL $10
└─ EVENT: ActionTaken

┌─ COMMAND: PlayerAction
│  Frank: RAISE $53
└─ EVENT: ActionTaken

┌─ COMMAND: PlayerAction
│  Grace: CALL $53
└─ EVENT: ActionTaken

┌─ COMMAND: PlayerAction
│  Hank: CALL $53
└─ EVENT: ActionTaken

┌─ COMMAND: PlayerAction
│  Ivan: CALL $53
└─ EVENT: ActionTaken

┌─ COMMAND: PlayerAction
│  Alice: CALL $53
└─ EVENT: ActionTaken

┌─ COMMAND: PlayerAction
│  Bob: CALL $53
└─ EVENT: ActionTaken

┌─ COMMAND: PlayerAction
│  Carol: CALL $48
└─ EVENT: ActionTaken

┌─ COMMAND: PlayerAction
│  Dave: CALL $43
└─ EVENT: ActionTaken

┌─ COMMAND: PlayerAction
│  Eve: CALL $43
└─ EVENT: ActionTaken

┌─ COMMAND: DealCommunityCards (FLOP)
└─ EVENT: CommunityCardsDealt
   Board: [8♠ 6♠ 2♦]

--- FLOP ---

┌─ COMMAND: PlayerAction
│  Carol: CHECK
└─ EVENT: ActionTaken

┌─ COMMAND: PlayerAction
│  Dave: CHECK
└─ EVENT: ActionTaken

┌─ COMMAND: PlayerAction
│  Eve: CHECK
└─ EVENT: ActionTaken

┌─ COMMAND: PlayerAction
│  Frank: CHECK
└─ EVENT: ActionTaken

┌─ COMMAND: PlayerAction
│  Grace: CHECK
└─ EVENT: ActionTaken

┌─ COMMAND: PlayerAction
│  Hank: BET $57
└─ EVENT: ActionTaken

┌─ COMMAND: PlayerAction
│  Ivan: CALL $57
└─ EVENT: ActionTaken

┌─ COMMAND: PlayerAction
│  Alice: CALL $57
└─ EVENT: ActionTaken

┌─ COMMAND: PlayerAction
│  Bob: CALL $57
└─ EVENT: ActionTaken

┌─ COMMAND: PlayerAction
│  Carol: CALL $57
└─ EVENT: ActionTaken

┌─ COMMAND: PlayerAction
│  Dave: CALL $57
└─ EVENT: ActionTaken

┌─ COMMAND: PlayerAction
│  Eve: CALL $57
└─ EVENT: ActionTaken

┌─ COMMAND: PlayerAction
│  Frank: CALL $57
└─ EVENT: ActionTaken

┌─ COMMAND: PlayerAction
│  Grace: CALL $57
└─ EVENT: ActionTaken

┌─ COMMAND: DealCommunityCards (TURN)
└─ EVENT: CommunityCardsDealt
   Board: [8♠ 6♠ 2♦ 2♠]

--- TURN ---

┌─ COMMAND: PlayerAction
│  Carol: CHECK
└─ EVENT: ActionTaken

┌─ COMMAND: PlayerAction
│  Dave: BET $48
└─ EVENT: ActionTaken

┌─ COMMAND: PlayerAction
│  Eve: CALL $48
└─ EVENT: ActionTaken

┌─ COMMAND: PlayerAction
│  Frank: CALL $48
└─ EVENT: ActionTaken

┌─ COMMAND: PlayerAction
│  Grace: CALL $48
└─ EVENT: ActionTaken

┌─ COMMAND: PlayerAction
│  Hank: CALL $48
└─ EVENT: ActionTaken

┌─ COMMAND: PlayerAction
│  Ivan: CALL $48
└─ EVENT: ActionTaken

┌─ COMMAND: PlayerAction
│  Alice: CALL $48
└─ EVENT: ActionTaken

┌─ COMMAND: PlayerAction
│  Bob: CALL $48
└─ EVENT: ActionTaken

┌─ COMMAND: PlayerAction
│  Carol: CALL $48
└─ EVENT: ActionTaken

┌─ COMMAND: DealCommunityCards (RIVER)
└─ EVENT: CommunityCardsDealt
   Board: [8♠ 6♠ 2♦ 2♠ 7♦]

--- RIVER ---

┌─ COMMAND: PlayerAction
│  Carol: CHECK
└─ EVENT: ActionTaken

┌─ COMMAND: PlayerAction
│  Dave: BET $43
└─ EVENT: ActionTaken

┌─ COMMAND: PlayerAction
│  Eve: CALL $43
└─ EVENT: ActionTaken

┌─ COMMAND: PlayerAction
│  Frank: CALL $43
└─ EVENT: ActionTaken

┌─ COMMAND: PlayerAction
│  Grace: CALL $43
└─ EVENT: ActionTaken

┌─ COMMAND: PlayerAction
│  Hank: CALL $43
└─ EVENT: ActionTaken

┌─ COMMAND: PlayerAction
│  Ivan: CALL $43
└─ EVENT: ActionTaken

┌─ COMMAND: PlayerAction
│  Alice: CALL $43
└─ EVENT: ActionTaken

┌─ COMMAND: PlayerAction
│  Bob: CALL $43
└─ EVENT: ActionTaken

┌─ COMMAND: PlayerAction
│  Carol: CALL $43
└─ EVENT: ActionTaken

   Hank wins $1,809

┌─ COMMAND: AwardPot
│  Hank: $1,809
└─ EVENT: PotAwarded

============================================================
HAND #3 - Dealer: Carol
============================================================

┌─ COMMAND: DealCards
│  hand: #3, dealer: seat 2
└─ EVENT: CardsDealt
   Alice: [4♣ J♦] ($620)
   Bob: [3♠ 5♥] ($620)
   Carol: [2♦ 2♠] ($620)
   Dave: [A♥ 9♣] ($620)
   Eve: [K♠ 3♣] ($620)
   Frank: [7♥ J♣] ($620)
   Grace: [2♣ T♠] ($2,231)
   Hank: [K♥ 9♦] ($2,429)
   Ivan: [J♠ 3♦] ($620)

┌─ COMMAND: PostBlind (small)
│  Dave: $5
└─ EVENT: BlindPosted

┌─ COMMAND: PostBlind (big)
│  Eve: $10
└─ EVENT: BlindPosted

--- PREFLOP ---

┌─ COMMAND: PlayerAction
│  Frank: RAISE $54
└─ EVENT: ActionTaken

┌─ COMMAND: PlayerAction
│  Grace: CALL $54
└─ EVENT: ActionTaken

┌─ COMMAND: PlayerAction
│  Hank: CALL $54
└─ EVENT: ActionTaken

┌─ COMMAND: PlayerAction
│  Ivan: CALL $54
└─ EVENT: ActionTaken

┌─ COMMAND: PlayerAction
│  Alice: CALL $54
└─ EVENT: ActionTaken

┌─ COMMAND: PlayerAction
│  Bob: CALL $54
└─ EVENT: ActionTaken

┌─ COMMAND: PlayerAction
│  Carol: CALL $54
└─ EVENT: ActionTaken

┌─ COMMAND: PlayerAction
│  Dave: CALL $49
└─ EVENT: ActionTaken

┌─ COMMAND: PlayerAction
│  Eve: CALL $44
└─ EVENT: ActionTaken

┌─ COMMAND: DealCommunityCards (FLOP)
└─ EVENT: CommunityCardsDealt
   Board: [4♠ K♦ 7♣]

--- FLOP ---

┌─ COMMAND: PlayerAction
│  Dave: BET $45
└─ EVENT: ActionTaken

┌─ COMMAND: PlayerAction
│  Eve: CALL $45
└─ EVENT: ActionTaken

┌─ COMMAND: PlayerAction
│  Frank: CALL $45
└─ EVENT: ActionTaken

┌─ COMMAND: PlayerAction
│  Grace: CALL $45
└─ EVENT: ActionTaken

┌─ COMMAND: PlayerAction
│  Hank: CALL $45
└─ EVENT: ActionTaken

┌─ COMMAND: PlayerAction
│  Ivan: CALL $45
└─ EVENT: ActionTaken

┌─ COMMAND: PlayerAction
│  Alice: CALL $45
└─ EVENT: ActionTaken

┌─ COMMAND: PlayerAction
│  Bob: CALL $45
└─ EVENT: ActionTaken

┌─ COMMAND: PlayerAction
│  Carol: CALL $45
└─ EVENT: ActionTaken

┌─ COMMAND: DealCommunityCards (TURN)
└─ EVENT: CommunityCardsDealt
   Board: [4♠ K♦ 7♣ J♥]

--- TURN ---

┌─ COMMAND: PlayerAction
│  Dave: BET $50
└─ EVENT: ActionTaken

┌─ COMMAND: PlayerAction
│  Eve: CALL $50
└─ EVENT: ActionTaken

┌─ COMMAND: PlayerAction
│  Frank: CALL $50
└─ EVENT: ActionTaken

┌─ COMMAND: PlayerAction
│  Grace: CALL $50
└─ EVENT: ActionTaken

┌─ COMMAND: PlayerAction
│  Hank: CALL $50
└─ EVENT: ActionTaken

┌─ COMMAND: PlayerAction
│  Ivan: CALL $50
└─ EVENT: ActionTaken

┌─ COMMAND: PlayerAction
│  Alice: CALL $50
└─ EVENT: ActionTaken

┌─ COMMAND: PlayerAction
│  Bob: CALL $50
└─ EVENT: ActionTaken

┌─ COMMAND: PlayerAction
│  Carol: CALL $50
└─ EVENT: ActionTaken

┌─ COMMAND: DealCommunityCards (RIVER)
└─ EVENT: CommunityCardsDealt
   Board: [4♠ K♦ 7♣ J♥ T♥]

--- RIVER ---

┌─ COMMAND: PlayerAction
│  Dave: CHECK
└─ EVENT: ActionTaken

┌─ COMMAND: PlayerAction
│  Eve: BET $55
└─ EVENT: ActionTaken

┌─ COMMAND: PlayerAction
│  Frank: CALL $55
└─ EVENT: ActionTaken

┌─ COMMAND: PlayerAction
│  Grace: CALL $55
└─ EVENT: ActionTaken

┌─ COMMAND: PlayerAction
│  Hank: CALL $55
└─ EVENT: ActionTaken

┌─ COMMAND: PlayerAction
│  Ivan: CALL $55
└─ EVENT: ActionTaken

┌─ COMMAND: PlayerAction
│  Alice: CALL $55
└─ EVENT: ActionTaken

┌─ COMMAND: PlayerAction
│  Bob: CALL $55
└─ EVENT: ActionTaken

┌─ COMMAND: PlayerAction
│  Carol: CALL $55
└─ EVENT: ActionTaken

┌─ COMMAND: PlayerAction
│  Dave: CALL $55
└─ EVENT: ActionTaken

   Hank wins $1,836

┌─ COMMAND: AwardPot
│  Hank: $1,836
└─ EVENT: PotAwarded

============================================================
HAND #4 - Dealer: Dave
============================================================

┌─ COMMAND: DealCards
│  hand: #4, dealer: seat 3
└─ EVENT: CardsDealt
   Alice: [6♥ T♠] ($416)
   Bob: [4♥ T♣] ($416)
   Carol: [A♠ 6♣] ($416)
   Dave: [A♦ 5♠] ($416)
   Eve: [2♥ 6♠] ($416)
   Frank: [9♠ J♣] ($416)
   Grace: [6♦ T♦] ($2,027)
   Hank: [K♠ 9♦] ($4,061)
   Ivan: [2♣ 8♣] ($416)

┌─ COMMAND: PostBlind (small)
│  Eve: $5
└─ EVENT: BlindPosted

┌─ COMMAND: PostBlind (big)
│  Frank: $10
└─ EVENT: BlindPosted

--- PREFLOP ---

┌─ COMMAND: PlayerAction
│  Grace: RAISE $46
└─ EVENT: ActionTaken

┌─ COMMAND: PlayerAction
│  Hank: CALL $46
└─ EVENT: ActionTaken

┌─ COMMAND: PlayerAction
│  Ivan: CALL $46
└─ EVENT: ActionTaken

┌─ COMMAND: PlayerAction
│  Alice: CALL $46
└─ EVENT: ActionTaken

┌─ COMMAND: PlayerAction
│  Bob: CALL $46
└─ EVENT: ActionTaken

┌─ COMMAND: PlayerAction
│  Carol: CALL $46
└─ EVENT: ActionTaken

┌─ COMMAND: PlayerAction
│  Dave: CALL $46
└─ EVENT: ActionTaken

┌─ COMMAND: PlayerAction
│  Eve: CALL $41
└─ EVENT: ActionTaken

┌─ COMMAND: PlayerAction
│  Frank: CALL $36
└─ EVENT: ActionTaken

┌─ COMMAND: DealCommunityCards (FLOP)
└─ EVENT: CommunityCardsDealt
   Board: [A♥ 7♦ J♠]

--- FLOP ---

┌─ COMMAND: PlayerAction
│  Eve: CHECK
└─ EVENT: ActionTaken

┌─ COMMAND: PlayerAction
│  Frank: BET $51
└─ EVENT: ActionTaken

┌─ COMMAND: PlayerAction
│  Grace: CALL $51
└─ EVENT: ActionTaken

┌─ COMMAND: PlayerAction
│  Hank: CALL $51
└─ EVENT: ActionTaken

┌─ COMMAND: PlayerAction
│  Ivan: CALL $51
└─ EVENT: ActionTaken

┌─ COMMAND: PlayerAction
│  Alice: CALL $51
└─ EVENT: ActionTaken

┌─ COMMAND: PlayerAction
│  Bob: CALL $51
└─ EVENT: ActionTaken

┌─ COMMAND: PlayerAction
│  Carol: CALL $51
└─ EVENT: ActionTaken

┌─ COMMAND: PlayerAction
│  Dave: CALL $51
└─ EVENT: ActionTaken

┌─ COMMAND: PlayerAction
│  Eve: CALL $51
└─ EVENT: ActionTaken

┌─ COMMAND: DealCommunityCards (TURN)
└─ EVENT: CommunityCardsDealt
   Board: [A♥ 7♦ J♠ T♥]

--- TURN ---

┌─ COMMAND: PlayerAction
│  Eve: CHECK
└─ EVENT: ActionTaken

┌─ COMMAND: PlayerAction
│  Frank: BET $47
└─ EVENT: ActionTaken

┌─ COMMAND: PlayerAction
│  Grace: CALL $47
└─ EVENT: ActionTaken

┌─ COMMAND: PlayerAction
│  Hank: CALL $47
└─ EVENT: ActionTaken

┌─ COMMAND: PlayerAction
│  Ivan: CALL $47
└─ EVENT: ActionTaken

┌─ COMMAND: PlayerAction
│  Alice: CALL $47
└─ EVENT: ActionTaken

┌─ COMMAND: PlayerAction
│  Bob: CALL $47
└─ EVENT: ActionTaken

┌─ COMMAND: PlayerAction
│  Carol: CALL $47
└─ EVENT: ActionTaken

┌─ COMMAND: PlayerAction
│  Dave: CALL $47
└─ EVENT: ActionTaken

┌─ COMMAND: PlayerAction
│  Eve: CALL $47
└─ EVENT: ActionTaken

┌─ COMMAND: DealCommunityCards (RIVER)
└─ EVENT: CommunityCardsDealt
   Board: [A♥ 7♦ J♠ T♥ 5♥]

--- RIVER ---

┌─ COMMAND: PlayerAction
│  Eve: CHECK
└─ EVENT: ActionTaken

┌─ COMMAND: PlayerAction
│  Frank: BET $51
└─ EVENT: ActionTaken

┌─ COMMAND: PlayerAction
│  Grace: CALL $51
└─ EVENT: ActionTaken

┌─ COMMAND: PlayerAction
│  Hank: CALL $51
└─ EVENT: ActionTaken

┌─ COMMAND: PlayerAction
│  Ivan: CALL $51
└─ EVENT: ActionTaken

┌─ COMMAND: PlayerAction
│  Alice: CALL $51
└─ EVENT: ActionTaken

┌─ COMMAND: PlayerAction
│  Bob: CALL $51
└─ EVENT: ActionTaken

┌─ COMMAND: PlayerAction
│  Carol: CALL $51
└─ EVENT: ActionTaken

┌─ COMMAND: PlayerAction
│  Dave: CALL $51
└─ EVENT: ActionTaken

┌─ COMMAND: PlayerAction
│  Eve: CALL $51
└─ EVENT: ActionTaken

   Bob wins $1,755

┌─ COMMAND: AwardPot
│  Bob: $1,755
└─ EVENT: PotAwarded

============================================================
HAND #5 - Dealer: Eve
============================================================

┌─ COMMAND: DealCards
│  hand: #5, dealer: seat 4
└─ EVENT: CardsDealt
   Alice: [4♦ 9♥] ($221)
   Bob: [8♠ 9♦] ($1,976)
   Carol: [J♦ 6♣] ($221)
   Dave: [2♦ 5♦] ($221)
   Eve: [7♥ 4♣] ($221)
   Frank: [8♦ Q♠] ($221)
   Grace: [7♦ 3♥] ($1,832)
   Hank: [4♠ 8♣] ($3,866)
   Ivan: [9♣ K♥] ($221)

┌─ COMMAND: PostBlind (small)
│  Frank: $5
└─ EVENT: BlindPosted

┌─ COMMAND: PostBlind (big)
│  Grace: $10
└─ EVENT: BlindPosted

--- PREFLOP ---

┌─ COMMAND: PlayerAction
│  Hank: RAISE $61
└─ EVENT: ActionTaken

┌─ COMMAND: PlayerAction
│  Ivan: CALL $61
└─ EVENT: ActionTaken

┌─ COMMAND: PlayerAction
│  Alice: CALL $61
└─ EVENT: ActionTaken

┌─ COMMAND: PlayerAction
│  Bob: CALL $61
└─ EVENT: ActionTaken

┌─ COMMAND: PlayerAction
│  Carol: CALL $61
└─ EVENT: ActionTaken

┌─ COMMAND: PlayerAction
│  Dave: CALL $61
└─ EVENT: ActionTaken

┌─ COMMAND: PlayerAction
│  Eve: CALL $61
└─ EVENT: ActionTaken

┌─ COMMAND: PlayerAction
│  Frank: CALL $56
└─ EVENT: ActionTaken

┌─ COMMAND: PlayerAction
│  Grace: CALL $51
└─ EVENT: ActionTaken

┌─ COMMAND: DealCommunityCards (FLOP)
└─ EVENT: CommunityCardsDealt
   Board: [T♣ 2♣ Q♣]

--- FLOP ---

┌─ COMMAND: PlayerAction
│  Frank: BET $50
└─ EVENT: ActionTaken

┌─ COMMAND: PlayerAction
│  Grace: CALL $50
└─ EVENT: ActionTaken

┌─ COMMAND: PlayerAction
│  Hank: CALL $50
└─ EVENT: ActionTaken

┌─ COMMAND: PlayerAction
│  Ivan: CALL $50
└─ EVENT: ActionTaken

┌─ COMMAND: PlayerAction
│  Alice: CALL $50
└─ EVENT: ActionTaken

┌─ COMMAND: PlayerAction
│  Bob: CALL $50
└─ EVENT: ActionTaken

┌─ COMMAND: PlayerAction
│  Carol: CALL $50
└─ EVENT: ActionTaken

┌─ COMMAND: PlayerAction
│  Dave: CALL $50
└─ EVENT: ActionTaken

┌─ COMMAND: PlayerAction
│  Eve: CALL $50
└─ EVENT: ActionTaken

┌─ COMMAND: DealCommunityCards (TURN)
└─ EVENT: CommunityCardsDealt
   Board: [T♣ 2♣ Q♣ K♣]

--- TURN ---

┌─ COMMAND: PlayerAction
│  Frank: CHECK
└─ EVENT: ActionTaken

┌─ COMMAND: PlayerAction
│  Grace: BET $48
└─ EVENT: ActionTaken

┌─ COMMAND: PlayerAction
│  Hank: CALL $48
└─ EVENT: ActionTaken

┌─ COMMAND: PlayerAction
│  Ivan: CALL $48
└─ EVENT: ActionTaken

┌─ COMMAND: PlayerAction
│  Alice: CALL $48
└─ EVENT: ActionTaken

┌─ COMMAND: PlayerAction
│  Bob: CALL $48
└─ EVENT: ActionTaken

┌─ COMMAND: PlayerAction
│  Carol: CALL $48
└─ EVENT: ActionTaken

┌─ COMMAND: PlayerAction
│  Dave: CALL $48
└─ EVENT: ActionTaken

┌─ COMMAND: PlayerAction
│  Eve: CALL $48
└─ EVENT: ActionTaken

┌─ COMMAND: PlayerAction
│  Frank: CALL $48
└─ EVENT: ActionTaken

┌─ COMMAND: DealCommunityCards (RIVER)
└─ EVENT: CommunityCardsDealt
   Board: [T♣ 2♣ Q♣ K♣ 6♦]

--- RIVER ---

┌─ COMMAND: PlayerAction
│  Frank: CHECK
└─ EVENT: ActionTaken

┌─ COMMAND: PlayerAction
│  Grace: BET $45
└─ EVENT: ActionTaken

┌─ COMMAND: PlayerAction
│  Hank: CALL $45
└─ EVENT: ActionTaken

┌─ COMMAND: PlayerAction
│  Ivan: CALL $45
└─ EVENT: ActionTaken

┌─ COMMAND: PlayerAction
│  Alice: CALL $45
└─ EVENT: ActionTaken

┌─ COMMAND: PlayerAction
│  Bob: CALL $45
└─ EVENT: ActionTaken

┌─ COMMAND: PlayerAction
│  Carol: CALL $45
└─ EVENT: ActionTaken

┌─ COMMAND: PlayerAction
│  Dave: CALL $45
└─ EVENT: ActionTaken

┌─ COMMAND: PlayerAction
│  Eve: CALL $45
└─ EVENT: ActionTaken

┌─ COMMAND: PlayerAction
│  Frank: CALL $45
└─ EVENT: ActionTaken

   Hank wins $1,836

┌─ COMMAND: AwardPot
│  Hank: $1,836
└─ EVENT: PotAwarded

============================================================
HAND #6 - Dealer: Frank
============================================================

┌─ COMMAND: DealCards
│  hand: #6, dealer: seat 5
└─ EVENT: CardsDealt
   Alice: [J♥ 7♣] ($17)
   Bob: [T♦ 4♣] ($1,772)
   Carol: [Q♦ 3♣] ($17)
   Dave: [Q♠ J♠] ($17)
   Eve: [K♣ 2♣] ($17)
   Frank: [2♥ 6♥] ($17)
   Grace: [6♣ Q♥] ($1,628)
   Hank: [3♠ 7♦] ($5,498)
   Ivan: [5♣ 5♠] ($17)

┌─ COMMAND: PostBlind (small)
│  Grace: $5
└─ EVENT: BlindPosted

┌─ COMMAND: PostBlind (big)
│  Hank: $10
└─ EVENT: BlindPosted

--- PREFLOP ---

┌─ COMMAND: PlayerAction
│  Ivan: CALL $10
└─ EVENT: ActionTaken

┌─ COMMAND: PlayerAction
│  Alice: CALL $10
└─ EVENT: ActionTaken

┌─ COMMAND: PlayerAction
│  Bob: CALL $10
└─ EVENT: ActionTaken

┌─ COMMAND: PlayerAction
│  Carol: CALL $10
└─ EVENT: ActionTaken

┌─ COMMAND: PlayerAction
│  Dave: CALL $10
└─ EVENT: ActionTaken

┌─ COMMAND: PlayerAction
│  Eve: CALL $10
└─ EVENT: ActionTaken

┌─ COMMAND: PlayerAction
│  Frank: CALL $10
└─ EVENT: ActionTaken

┌─ COMMAND: PlayerAction
│  Grace: CALL $5
└─ EVENT: ActionTaken

┌─ COMMAND: PlayerAction
│  Hank: RAISE $57
└─ EVENT: ActionTaken

┌─ COMMAND: PlayerAction
│  Bob: CALL $47
└─ EVENT: ActionTaken

┌─ COMMAND: PlayerAction
│  Grace: CALL $47
└─ EVENT: ActionTaken

┌─ COMMAND: DealCommunityCards (FLOP)
└─ EVENT: CommunityCardsDealt
   Board: [9♣ K♥ A♦]

--- FLOP ---

┌─ COMMAND: PlayerAction
│  Grace: CHECK
└─ EVENT: ActionTaken

┌─ COMMAND: PlayerAction
│  Hank: CHECK
└─ EVENT: ActionTaken

┌─ COMMAND: PlayerAction
│  Bob: CHECK
└─ EVENT: ActionTaken

┌─ COMMAND: DealCommunityCards (TURN)
└─ EVENT: CommunityCardsDealt
   Board: [9♣ K♥ A♦ 8♣]

--- TURN ---

┌─ COMMAND: PlayerAction
│  Grace: CHECK
└─ EVENT: ActionTaken

┌─ COMMAND: PlayerAction
│  Hank: BET $60
└─ EVENT: ActionTaken

┌─ COMMAND: PlayerAction
│  Bob: CALL $60
└─ EVENT: ActionTaken

┌─ COMMAND: PlayerAction
│  Grace: CALL $60
└─ EVENT: ActionTaken

┌─ COMMAND: DealCommunityCards (RIVER)
└─ EVENT: CommunityCardsDealt
   Board: [9♣ K♥ A♦ 8♣ K♠]

--- RIVER ---

┌─ COMMAND: PlayerAction
│  Grace: BET $46
└─ EVENT: ActionTaken

┌─ COMMAND: PlayerAction
│  Hank: CALL $46
└─ EVENT: ActionTaken

┌─ COMMAND: PlayerAction
│  Bob: CALL $46
└─ EVENT: ActionTaken

   Dave wins $549

┌─ COMMAND: AwardPot
│  Dave: $549
└─ EVENT: PotAwarded

============================================================
HAND #7 - Dealer: Grace
============================================================

┌─ COMMAND: DealCards
│  hand: #7, dealer: seat 6
└─ EVENT: CardsDealt
   Alice: [A♣ 3♦] ($7)
   Bob: [2♣ 2♠] ($1,609)
   Carol: [K♦ J♥] ($7)
   Dave: [Q♠ 7♠] ($556)
   Eve: [3♥ 7♣] ($7)
   Frank: [8♥ 8♠] ($7)
   Grace: [3♠ 9♥] ($1,465)
   Hank: [7♦ 9♣] ($5,335)
   Ivan: [4♦ 8♦] ($7)

┌─ COMMAND: PostBlind (small)
│  Hank: $5
└─ EVENT: BlindPosted

┌─ COMMAND: PostBlind (big)
│  Ivan: $7
└─ EVENT: BlindPosted

--- PREFLOP ---

┌─ COMMAND: PlayerAction
│  Alice: CALL $7
└─ EVENT: ActionTaken

┌─ COMMAND: PlayerAction
│  Bob: CALL $7
└─ EVENT: ActionTaken

┌─ COMMAND: PlayerAction
│  Carol: CALL $7
└─ EVENT: ActionTaken

┌─ COMMAND: PlayerAction
│  Dave: CALL $7
└─ EVENT: ActionTaken

┌─ COMMAND: PlayerAction
│  Eve: CALL $7
└─ EVENT: ActionTaken

┌─ COMMAND: PlayerAction
│  Frank: CALL $7
└─ EVENT: ActionTaken

┌─ COMMAND: PlayerAction
│  Grace: CALL $7
└─ EVENT: ActionTaken

┌─ COMMAND: PlayerAction
│  Hank: CALL $2
└─ EVENT: ActionTaken

┌─ COMMAND: PlayerAction
│  Ivan: CHECK
└─ EVENT: ActionTaken

┌─ COMMAND: DealCommunityCards (FLOP)
└─ EVENT: CommunityCardsDealt
   Board: [Q♦ 6♣ A♠]

--- FLOP ---

┌─ COMMAND: PlayerAction
│  Hank: BET $57
└─ EVENT: ActionTaken

┌─ COMMAND: PlayerAction
│  Ivan: CALL
└─ EVENT: ActionTaken

┌─ COMMAND: PlayerAction
│  Bob: CALL $57
└─ EVENT: ActionTaken

┌─ COMMAND: PlayerAction
│  Dave: CALL $57
└─ EVENT: ActionTaken

┌─ COMMAND: PlayerAction
│  Grace: CALL $57
└─ EVENT: ActionTaken

┌─ COMMAND: DealCommunityCards (TURN)
└─ EVENT: CommunityCardsDealt
   Board: [Q♦ 6♣ A♠ 3♣]

--- TURN ---

┌─ COMMAND: PlayerAction
│  Hank: CHECK
└─ EVENT: ActionTaken

┌─ COMMAND: PlayerAction
│  Bob: CHECK
└─ EVENT: ActionTaken

┌─ COMMAND: PlayerAction
│  Dave: BET $44
└─ EVENT: ActionTaken

┌─ COMMAND: PlayerAction
│  Grace: CALL $44
└─ EVENT: ActionTaken

┌─ COMMAND: PlayerAction
│  Hank: CALL $44
└─ EVENT: ActionTaken

┌─ COMMAND: PlayerAction
│  Bob: CALL $44
└─ EVENT: ActionTaken

┌─ COMMAND: DealCommunityCards (RIVER)
└─ EVENT: CommunityCardsDealt
   Board: [Q♦ 6♣ A♠ 3♣ 2♦]

--- RIVER ---

┌─ COMMAND: PlayerAction
│  Hank: CHECK
└─ EVENT: ActionTaken

┌─ COMMAND: PlayerAction
│  Bob: CHECK
└─ EVENT: ActionTaken

┌─ COMMAND: PlayerAction
│  Dave: CHECK
└─ EVENT: ActionTaken

┌─ COMMAND: PlayerAction
│  Grace: BET $47
└─ EVENT: ActionTaken

┌─ COMMAND: PlayerAction
│  Hank: CALL $47
└─ EVENT: ActionTaken

┌─ COMMAND: PlayerAction
│  Bob: CALL $47
└─ EVENT: ActionTaken

┌─ COMMAND: PlayerAction
│  Dave: CALL $47
└─ EVENT: ActionTaken

   Bob wins $655

┌─ COMMAND: AwardPot
│  Bob: $655
└─ EVENT: PotAwarded

   [Alice eliminated - no chips]

   [Carol eliminated - no chips]

   [Eve eliminated - no chips]

   [Frank eliminated - no chips]

   [Ivan eliminated - no chips]

============================================================
HAND #8 - Dealer: Hank
============================================================

┌─ COMMAND: DealCards
│  hand: #8, dealer: seat 7
└─ EVENT: CardsDealt
   Bob: [8♥ K♣] ($2,109)
   Dave: [7♥ 9♦] ($401)
   Grace: [J♥ T♦] ($1,310)
   Hank: [A♣ A♠] ($5,180)

┌─ COMMAND: PostBlind (small)
│  Bob: $5
└─ EVENT: BlindPosted

┌─ COMMAND: PostBlind (big)
│  Dave: $10
└─ EVENT: BlindPosted

--- PREFLOP ---

┌─ COMMAND: PlayerAction
│  Grace: CALL $10
└─ EVENT: ActionTaken

┌─ COMMAND: PlayerAction
│  Hank: CALL $10
└─ EVENT: ActionTaken

┌─ COMMAND: PlayerAction
│  Bob: CALL $5
└─ EVENT: ActionTaken

┌─ COMMAND: PlayerAction
│  Dave: CHECK
└─ EVENT: ActionTaken

┌─ COMMAND: DealCommunityCards (FLOP)
└─ EVENT: CommunityCardsDealt
   Board: [8♣ Q♥ 6♦]

--- FLOP ---

┌─ COMMAND: PlayerAction
│  Bob: BET $44
└─ EVENT: ActionTaken

┌─ COMMAND: PlayerAction
│  Dave: CALL $44
└─ EVENT: ActionTaken

┌─ COMMAND: PlayerAction
│  Grace: CALL $44
└─ EVENT: ActionTaken

┌─ COMMAND: PlayerAction
│  Hank: CALL $44
└─ EVENT: ActionTaken

┌─ COMMAND: DealCommunityCards (TURN)
└─ EVENT: CommunityCardsDealt
   Board: [8♣ Q♥ 6♦ T♣]

--- TURN ---

┌─ COMMAND: PlayerAction
│  Bob: BET $43
└─ EVENT: ActionTaken

┌─ COMMAND: PlayerAction
│  Dave: CALL $43
└─ EVENT: ActionTaken

┌─ COMMAND: PlayerAction
│  Grace: CALL $43
└─ EVENT: ActionTaken

┌─ COMMAND: PlayerAction
│  Hank: CALL $43
└─ EVENT: ActionTaken

┌─ COMMAND: DealCommunityCards (RIVER)
└─ EVENT: CommunityCardsDealt
   Board: [8♣ Q♥ 6♦ T♣ 3♠]

--- RIVER ---

┌─ COMMAND: PlayerAction
│  Bob: BET $42
└─ EVENT: ActionTaken

┌─ COMMAND: PlayerAction
│  Dave: CALL $42
└─ EVENT: ActionTaken

┌─ COMMAND: PlayerAction
│  Grace: CALL $42
└─ EVENT: ActionTaken

┌─ COMMAND: PlayerAction
│  Hank: CALL $42
└─ EVENT: ActionTaken

   Hank wins $556

┌─ COMMAND: AwardPot
│  Hank: $556
└─ EVENT: PotAwarded

============================================================
HAND #9 - Dealer: Bob
============================================================

┌─ COMMAND: DealCards
│  hand: #9, dealer: seat 1
└─ EVENT: CardsDealt
   Bob: [6♣ Q♠] ($1,970)
   Dave: [T♠ 7♦] ($262)
   Grace: [K♣ 2♣] ($1,171)
   Hank: [J♥ T♦] ($5,597)

┌─ COMMAND: PostBlind (small)
│  Dave: $5
└─ EVENT: BlindPosted

┌─ COMMAND: PostBlind (big)
│  Grace: $10
└─ EVENT: BlindPosted

--- PREFLOP ---

┌─ COMMAND: PlayerAction
│  Hank: CALL $10
└─ EVENT: ActionTaken

┌─ COMMAND: PlayerAction
│  Bob: CALL $10
└─ EVENT: ActionTaken

┌─ COMMAND: PlayerAction
│  Dave: RAISE $51
└─ EVENT: ActionTaken

┌─ COMMAND: PlayerAction
│  Grace: CALL $41
└─ EVENT: ActionTaken

┌─ COMMAND: PlayerAction
│  Hank: CALL $41
└─ EVENT: ActionTaken

┌─ COMMAND: PlayerAction
│  Bob: CALL $41
└─ EVENT: ActionTaken

┌─ COMMAND: DealCommunityCards (FLOP)
└─ EVENT: CommunityCardsDealt
   Board: [6♠ J♦ 5♣]

--- FLOP ---

┌─ COMMAND: PlayerAction
│  Dave: CHECK
└─ EVENT: ActionTaken

┌─ COMMAND: PlayerAction
│  Grace: CHECK
└─ EVENT: ActionTaken

┌─ COMMAND: PlayerAction
│  Hank: CHECK
└─ EVENT: ActionTaken

┌─ COMMAND: PlayerAction
│  Bob: CHECK
└─ EVENT: ActionTaken

┌─ COMMAND: DealCommunityCards (TURN)
└─ EVENT: CommunityCardsDealt
   Board: [6♠ J♦ 5♣ 4♠]

--- TURN ---

┌─ COMMAND: PlayerAction
│  Dave: CHECK
└─ EVENT: ActionTaken

┌─ COMMAND: PlayerAction
│  Grace: BET $47
└─ EVENT: ActionTaken

┌─ COMMAND: PlayerAction
│  Hank: CALL $47
└─ EVENT: ActionTaken

┌─ COMMAND: PlayerAction
│  Bob: CALL $47
└─ EVENT: ActionTaken

┌─ COMMAND: PlayerAction
│  Dave: CALL $47
└─ EVENT: ActionTaken

┌─ COMMAND: DealCommunityCards (RIVER)
└─ EVENT: CommunityCardsDealt
   Board: [6♠ J♦ 5♣ 4♠ 9♠]

--- RIVER ---

┌─ COMMAND: PlayerAction
│  Dave: BET $45
└─ EVENT: ActionTaken

┌─ COMMAND: PlayerAction
│  Grace: CALL $45
└─ EVENT: ActionTaken

┌─ COMMAND: PlayerAction
│  Hank: CALL $45
└─ EVENT: ActionTaken

┌─ COMMAND: PlayerAction
│  Bob: CALL $45
└─ EVENT: ActionTaken

   Hank wins $572

┌─ COMMAND: AwardPot
│  Hank: $572
└─ EVENT: PotAwarded

============================================================
HAND #10 - Dealer: Dave
============================================================

┌─ COMMAND: DealCards
│  hand: #10, dealer: seat 3
└─ EVENT: CardsDealt
   Bob: [T♠ A♦] ($1,827)
   Dave: [Q♦ K♠] ($119)
   Grace: [J♥ J♠] ($1,028)
   Hank: [A♠ 5♥] ($6,026)

┌─ COMMAND: PostBlind (small)
│  Grace: $5
└─ EVENT: BlindPosted

┌─ COMMAND: PostBlind (big)
│  Hank: $10
└─ EVENT: BlindPosted

--- PREFLOP ---

┌─ COMMAND: PlayerAction
│  Bob: CALL $10
└─ EVENT: ActionTaken

┌─ COMMAND: PlayerAction
│  Dave: CALL $10
└─ EVENT: ActionTaken

┌─ COMMAND: PlayerAction
│  Grace: CALL $5
└─ EVENT: ActionTaken

┌─ COMMAND: PlayerAction
│  Hank: CHECK
└─ EVENT: ActionTaken

┌─ COMMAND: DealCommunityCards (FLOP)
└─ EVENT: CommunityCardsDealt
   Board: [4♥ T♣ 9♦]

--- FLOP ---

┌─ COMMAND: PlayerAction
│  Grace: CHECK
└─ EVENT: ActionTaken

┌─ COMMAND: PlayerAction
│  Hank: BET $54
└─ EVENT: ActionTaken

┌─ COMMAND: PlayerAction
│  Bob: CALL $54
└─ EVENT: ActionTaken

┌─ COMMAND: PlayerAction
│  Dave: CALL $54
└─ EVENT: ActionTaken

┌─ COMMAND: PlayerAction
│  Grace: CALL $54
└─ EVENT: ActionTaken

┌─ COMMAND: DealCommunityCards (TURN)
└─ EVENT: CommunityCardsDealt
   Board: [4♥ T♣ 9♦ T♥]

--- TURN ---

┌─ COMMAND: PlayerAction
│  Grace: CHECK
└─ EVENT: ActionTaken

┌─ COMMAND: PlayerAction
│  Hank: CHECK
└─ EVENT: ActionTaken

┌─ COMMAND: PlayerAction
│  Bob: CHECK
└─ EVENT: ActionTaken

┌─ COMMAND: PlayerAction
│  Dave: BET $46
└─ EVENT: ActionTaken

┌─ COMMAND: PlayerAction
│  Grace: CALL $46
└─ EVENT: ActionTaken

┌─ COMMAND: PlayerAction
│  Hank: CALL $46
└─ EVENT: ActionTaken

┌─ COMMAND: PlayerAction
│  Bob: CALL $46
└─ EVENT: ActionTaken

┌─ COMMAND: DealCommunityCards (RIVER)
└─ EVENT: CommunityCardsDealt
   Board: [4♥ T♣ 9♦ T♥ 9♥]

--- RIVER ---

┌─ COMMAND: PlayerAction
│  Grace: CHECK
└─ EVENT: ActionTaken

┌─ COMMAND: PlayerAction
│  Hank: CHECK
└─ EVENT: ActionTaken

┌─ COMMAND: PlayerAction
│  Bob: CHECK
└─ EVENT: ActionTaken

   Hank wins $440

┌─ COMMAND: AwardPot
│  Hank: $440
└─ EVENT: PotAwarded

============================================================
HAND #11 - Dealer: Grace
============================================================

┌─ COMMAND: DealCards
│  hand: #11, dealer: seat 6
└─ EVENT: CardsDealt
   Bob: [A♠ 8♠] ($1,717)
   Dave: [4♣ Q♣] ($9)
   Grace: [K♣ 5♦] ($918)
   Hank: [A♥ A♣] ($6,356)

┌─ COMMAND: PostBlind (small)
│  Hank: $5
└─ EVENT: BlindPosted

┌─ COMMAND: PostBlind (big)
│  Bob: $10
└─ EVENT: BlindPosted

--- PREFLOP ---

┌─ COMMAND: PlayerAction
│  Dave: CALL $9
└─ EVENT: ActionTaken

┌─ COMMAND: PlayerAction
│  Grace: RAISE $47
└─ EVENT: ActionTaken

┌─ COMMAND: PlayerAction
│  Hank: CALL $42
└─ EVENT: ActionTaken

┌─ COMMAND: PlayerAction
│  Bob: CALL $37
└─ EVENT: ActionTaken

┌─ COMMAND: DealCommunityCards (FLOP)
└─ EVENT: CommunityCardsDealt
   Board: [9♥ J♦ Q♠]

--- FLOP ---

┌─ COMMAND: PlayerAction
│  Hank: BET $56
└─ EVENT: ActionTaken

┌─ COMMAND: PlayerAction
│  Bob: CALL $56
└─ EVENT: ActionTaken

┌─ COMMAND: PlayerAction
│  Grace: CALL $56
└─ EVENT: ActionTaken

┌─ COMMAND: DealCommunityCards (TURN)
└─ EVENT: CommunityCardsDealt
   Board: [9♥ J♦ Q♠ J♣]

--- TURN ---

┌─ COMMAND: PlayerAction
│  Hank: CHECK
└─ EVENT: ActionTaken

┌─ COMMAND: PlayerAction
│  Bob: BET $46
└─ EVENT: ActionTaken

┌─ COMMAND: PlayerAction
│  Grace: CALL $46
└─ EVENT: ActionTaken

┌─ COMMAND: PlayerAction
│  Hank: CALL $46
└─ EVENT: ActionTaken

┌─ COMMAND: DealCommunityCards (RIVER)
└─ EVENT: CommunityCardsDealt
   Board: [9♥ J♦ Q♠ J♣ 8♦]

--- RIVER ---

┌─ COMMAND: PlayerAction
│  Hank: CHECK
└─ EVENT: ActionTaken

┌─ COMMAND: PlayerAction
│  Bob: BET $47
└─ EVENT: ActionTaken

┌─ COMMAND: PlayerAction
│  Grace: CALL $47
└─ EVENT: ActionTaken

┌─ COMMAND: PlayerAction
│  Hank: CALL $47
└─ EVENT: ActionTaken

   Bob wins $597

┌─ COMMAND: AwardPot
│  Bob: $597
└─ EVENT: PotAwarded

   [Dave eliminated - no chips]

============================================================
HAND #12 - Dealer: Hank
============================================================

┌─ COMMAND: DealCards
│  hand: #12, dealer: seat 7
└─ EVENT: CardsDealt
   Bob: [5♣ 4♠] ($2,118)
   Grace: [5♥ Q♦] ($722)
   Hank: [3♣ 8♦] ($6,160)

┌─ COMMAND: PostBlind (small)
│  Bob: $5
└─ EVENT: BlindPosted

┌─ COMMAND: PostBlind (big)
│  Grace: $10
└─ EVENT: BlindPosted

--- PREFLOP ---

┌─ COMMAND: PlayerAction
│  Hank: RAISE $56
└─ EVENT: ActionTaken

┌─ COMMAND: PlayerAction
│  Bob: CALL $51
└─ EVENT: ActionTaken

┌─ COMMAND: PlayerAction
│  Grace: CALL $46
└─ EVENT: ActionTaken

┌─ COMMAND: DealCommunityCards (FLOP)
└─ EVENT: CommunityCardsDealt
   Board: [6♥ 9♦ J♦]

--- FLOP ---

┌─ COMMAND: PlayerAction
│  Bob: CHECK
└─ EVENT: ActionTaken

┌─ COMMAND: PlayerAction
│  Grace: CHECK
└─ EVENT: ActionTaken

┌─ COMMAND: PlayerAction
│  Hank: BET $55
└─ EVENT: ActionTaken

┌─ COMMAND: PlayerAction
│  Bob: CALL $55
└─ EVENT: ActionTaken

┌─ COMMAND: PlayerAction
│  Grace: CALL $55
└─ EVENT: ActionTaken

┌─ COMMAND: DealCommunityCards (TURN)
└─ EVENT: CommunityCardsDealt
   Board: [6♥ 9♦ J♦ 3♠]

--- TURN ---

┌─ COMMAND: PlayerAction
│  Bob: BET $45
└─ EVENT: ActionTaken

┌─ COMMAND: PlayerAction
│  Grace: CALL $45
└─ EVENT: ActionTaken

┌─ COMMAND: PlayerAction
│  Hank: CALL $45
└─ EVENT: ActionTaken

┌─ COMMAND: DealCommunityCards (RIVER)
└─ EVENT: CommunityCardsDealt
   Board: [6♥ 9♦ J♦ 3♠ 6♠]

--- RIVER ---

┌─ COMMAND: PlayerAction
│  Bob: CHECK
└─ EVENT: ActionTaken

┌─ COMMAND: PlayerAction
│  Grace: CHECK
└─ EVENT: ActionTaken

┌─ COMMAND: PlayerAction
│  Hank: BET $55
└─ EVENT: ActionTaken

┌─ COMMAND: PlayerAction
│  Bob: CALL $55
└─ EVENT: ActionTaken

┌─ COMMAND: PlayerAction
│  Grace: CALL $55
└─ EVENT: ActionTaken

   Bob wins $633

┌─ COMMAND: AwardPot
│  Bob: $633
└─ EVENT: PotAwarded

============================================================
HAND #13 - Dealer: Bob
============================================================

┌─ COMMAND: DealCards
│  hand: #13, dealer: seat 1
└─ EVENT: CardsDealt
   Bob: [J♣ J♥] ($2,540)
   Grace: [7♦ T♦] ($511)
   Hank: [5♠ 8♣] ($5,949)

┌─ COMMAND: PostBlind (small)
│  Grace: $5
└─ EVENT: BlindPosted

┌─ COMMAND: PostBlind (big)
│  Hank: $10
└─ EVENT: BlindPosted

--- PREFLOP ---

┌─ COMMAND: PlayerAction
│  Bob: CALL $10
└─ EVENT: ActionTaken

┌─ COMMAND: PlayerAction
│  Grace: CALL $5
└─ EVENT: ActionTaken

┌─ COMMAND: PlayerAction
│  Hank: RAISE $56
└─ EVENT: ActionTaken

┌─ COMMAND: PlayerAction
│  Bob: CALL $46
└─ EVENT: ActionTaken

┌─ COMMAND: PlayerAction
│  Grace: CALL $46
└─ EVENT: ActionTaken

┌─ COMMAND: DealCommunityCards (FLOP)
└─ EVENT: CommunityCardsDealt
   Board: [Q♣ 2♠ A♦]

--- FLOP ---

┌─ COMMAND: PlayerAction
│  Grace: CHECK
└─ EVENT: ActionTaken

┌─ COMMAND: PlayerAction
│  Hank: CHECK
└─ EVENT: ActionTaken

┌─ COMMAND: PlayerAction
│  Bob: CHECK
└─ EVENT: ActionTaken

┌─ COMMAND: DealCommunityCards (TURN)
└─ EVENT: CommunityCardsDealt
   Board: [Q♣ 2♠ A♦ 3♦]

--- TURN ---

┌─ COMMAND: PlayerAction
│  Grace: CHECK
└─ EVENT: ActionTaken

┌─ COMMAND: PlayerAction
│  Hank: CHECK
└─ EVENT: ActionTaken

┌─ COMMAND: PlayerAction
│  Bob: BET $48
└─ EVENT: ActionTaken

┌─ COMMAND: PlayerAction
│  Grace: CALL $48
└─ EVENT: ActionTaken

┌─ COMMAND: PlayerAction
│  Hank: CALL $48
└─ EVENT: ActionTaken

┌─ COMMAND: DealCommunityCards (RIVER)
└─ EVENT: CommunityCardsDealt
   Board: [Q♣ 2♠ A♦ 3♦ 4♥]

--- RIVER ---

┌─ COMMAND: PlayerAction
│  Grace: BET $45
└─ EVENT: ActionTaken

┌─ COMMAND: PlayerAction
│  Hank: CALL $45
└─ EVENT: ActionTaken

┌─ COMMAND: PlayerAction
│  Bob: CALL $45
└─ EVENT: ActionTaken

   Grace wins $447

┌─ COMMAND: AwardPot
│  Grace: $447
└─ EVENT: PotAwarded

============================================================
HAND #14 - Dealer: Grace
============================================================

┌─ COMMAND: DealCards
│  hand: #14, dealer: seat 6
└─ EVENT: CardsDealt
   Bob: [2♥ 3♦] ($2,391)
   Grace: [3♥ A♠] ($809)
   Hank: [K♥ 4♦] ($5,800)

┌─ COMMAND: PostBlind (small)
│  Hank: $5
└─ EVENT: BlindPosted

┌─ COMMAND: PostBlind (big)
│  Bob: $10
└─ EVENT: BlindPosted

--- PREFLOP ---

┌─ COMMAND: PlayerAction
│  Grace: CALL $10
└─ EVENT: ActionTaken

┌─ COMMAND: PlayerAction
│  Hank: RAISE $58
└─ EVENT: ActionTaken

┌─ COMMAND: PlayerAction
│  Bob: CALL $48
└─ EVENT: ActionTaken

┌─ COMMAND: PlayerAction
│  Grace: CALL $48
└─ EVENT: ActionTaken

┌─ COMMAND: DealCommunityCards (FLOP)
└─ EVENT: CommunityCardsDealt
   Board: [5♦ A♦ J♣]

--- FLOP ---

┌─ COMMAND: PlayerAction
│  Hank: BET $57
└─ EVENT: ActionTaken

┌─ COMMAND: PlayerAction
│  Bob: CALL $57
└─ EVENT: ActionTaken

┌─ COMMAND: PlayerAction
│  Grace: CALL $57
└─ EVENT: ActionTaken

┌─ COMMAND: DealCommunityCards (TURN)
└─ EVENT: CommunityCardsDealt
   Board: [5♦ A♦ J♣ J♦]

--- TURN ---

┌─ COMMAND: PlayerAction
│  Hank: CHECK
└─ EVENT: ActionTaken

┌─ COMMAND: PlayerAction
│  Bob: BET $47
└─ EVENT: ActionTaken

┌─ COMMAND: PlayerAction
│  Grace: CALL $47
└─ EVENT: ActionTaken

┌─ COMMAND: PlayerAction
│  Hank: CALL $47
└─ EVENT: ActionTaken

┌─ COMMAND: DealCommunityCards (RIVER)
└─ EVENT: CommunityCardsDealt
   Board: [5♦ A♦ J♣ J♦ 3♠]

--- RIVER ---

┌─ COMMAND: PlayerAction
│  Hank: BET $58
└─ EVENT: ActionTaken

┌─ COMMAND: PlayerAction
│  Bob: CALL $58
└─ EVENT: ActionTaken

┌─ COMMAND: PlayerAction
│  Grace: CALL $58
└─ EVENT: ActionTaken

   Bob wins $660

┌─ COMMAND: AwardPot
│  Bob: $660
└─ EVENT: PotAwarded

============================================================
HAND #15 - Dealer: Hank
============================================================

┌─ COMMAND: DealCards
│  hand: #15, dealer: seat 7
└─ EVENT: CardsDealt
   Bob: [2♠ Q♦] ($2,831)
   Grace: [K♣ 3♦] ($589)
   Hank: [T♥ 5♦] ($5,580)

┌─ COMMAND: PostBlind (small)
│  Bob: $5
└─ EVENT: BlindPosted

┌─ COMMAND: PostBlind (big)
│  Grace: $10
└─ EVENT: BlindPosted

--- PREFLOP ---

┌─ COMMAND: PlayerAction
│  Hank: RAISE $58
└─ EVENT: ActionTaken

┌─ COMMAND: PlayerAction
│  Bob: CALL $53
└─ EVENT: ActionTaken

┌─ COMMAND: PlayerAction
│  Grace: CALL $48
└─ EVENT: ActionTaken

┌─ COMMAND: DealCommunityCards (FLOP)
└─ EVENT: CommunityCardsDealt
   Board: [6♠ A♠ 4♦]

--- FLOP ---

┌─ COMMAND: PlayerAction
│  Bob: CHECK
└─ EVENT: ActionTaken

┌─ COMMAND: PlayerAction
│  Grace: CHECK
└─ EVENT: ActionTaken

┌─ COMMAND: PlayerAction
│  Hank: BET $59
└─ EVENT: ActionTaken

┌─ COMMAND: PlayerAction
│  Bob: CALL $59
└─ EVENT: ActionTaken

┌─ COMMAND: PlayerAction
│  Grace: CALL $59
└─ EVENT: ActionTaken

┌─ COMMAND: DealCommunityCards (TURN)
└─ EVENT: CommunityCardsDealt
   Board: [6♠ A♠ 4♦ J♠]

--- TURN ---

┌─ COMMAND: PlayerAction
│  Bob: CHECK
└─ EVENT: ActionTaken

┌─ COMMAND: PlayerAction
│  Grace: CHECK
└─ EVENT: ActionTaken

┌─ COMMAND: PlayerAction
│  Hank: CHECK
└─ EVENT: ActionTaken

┌─ COMMAND: DealCommunityCards (RIVER)
└─ EVENT: CommunityCardsDealt
   Board: [6♠ A♠ 4♦ J♠ 3♥]

--- RIVER ---

┌─ COMMAND: PlayerAction
│  Bob: CHECK
└─ EVENT: ActionTaken

┌─ COMMAND: PlayerAction
│  Grace: BET $50
└─ EVENT: ActionTaken

┌─ COMMAND: PlayerAction
│  Hank: CALL $50
└─ EVENT: ActionTaken

┌─ COMMAND: PlayerAction
│  Bob: CALL $50
└─ EVENT: ActionTaken

   Bob wins $501

┌─ COMMAND: AwardPot
│  Bob: $501
└─ EVENT: PotAwarded

============================================================
HAND #16 - Dealer: Bob
============================================================

┌─ COMMAND: DealCards
│  hand: #16, dealer: seat 1
└─ EVENT: CardsDealt
   Bob: [J♦ 9♦] ($3,165)
   Grace: [6♣ 8♣] ($422)
   Hank: [K♠ 2♣] ($5,413)

┌─ COMMAND: PostBlind (small)
│  Grace: $5
└─ EVENT: BlindPosted

┌─ COMMAND: PostBlind (big)
│  Hank: $10
└─ EVENT: BlindPosted

--- PREFLOP ---

┌─ COMMAND: PlayerAction
│  Bob: CALL $10
└─ EVENT: ActionTaken

┌─ COMMAND: PlayerAction
│  Grace: RAISE $44
└─ EVENT: ActionTaken

┌─ COMMAND: PlayerAction
│  Hank: CALL $34
└─ EVENT: ActionTaken

┌─ COMMAND: PlayerAction
│  Bob: CALL $34
└─ EVENT: ActionTaken

┌─ COMMAND: DealCommunityCards (FLOP)
└─ EVENT: CommunityCardsDealt
   Board: [6♥ 8♥ K♥]

--- FLOP ---

┌─ COMMAND: PlayerAction
│  Grace: CHECK
└─ EVENT: ActionTaken

┌─ COMMAND: PlayerAction
│  Hank: CHECK
└─ EVENT: ActionTaken

┌─ COMMAND: PlayerAction
│  Bob: CHECK
└─ EVENT: ActionTaken

┌─ COMMAND: DealCommunityCards (TURN)
└─ EVENT: CommunityCardsDealt
   Board: [6♥ 8♥ K♥ K♣]

--- TURN ---

┌─ COMMAND: PlayerAction
│  Grace: CHECK
└─ EVENT: ActionTaken

┌─ COMMAND: PlayerAction
│  Hank: CHECK
└─ EVENT: ActionTaken

┌─ COMMAND: PlayerAction
│  Bob: CHECK
└─ EVENT: ActionTaken

┌─ COMMAND: DealCommunityCards (RIVER)
└─ EVENT: CommunityCardsDealt
   Board: [6♥ 8♥ K♥ K♣ 4♦]

--- RIVER ---

┌─ COMMAND: PlayerAction
│  Grace: CHECK
└─ EVENT: ActionTaken

┌─ COMMAND: PlayerAction
│  Hank: CHECK
└─ EVENT: ActionTaken

┌─ COMMAND: PlayerActionTraceback (most recent call last):
  File "/home/babbitt/workspace/angzarr/client-python/main/angzarr_client/client.py", line 182, in handle_command
    return self._stub.HandleCommand(request)
           ~~~~~~~~~~~~~~~~~~~~~~~~^^^^^^^^^
  File "/tmp/whatif_venv/lib/python3.13/site-packages/grpc/_channel.py", line 1159, in __call__
    return _end_unary_response_blocking(state, call, False, None)
  File "/tmp/whatif_venv/lib/python3.13/site-packages/grpc/_channel.py", line 990, in _end_unary_response_blocking
    raise _InactiveRpcError(state)  # pytype: disable=not-instantiable
    ^^^^^^^^^^^^^^^^^^^^^^^^^^^^^^
grpc._channel._InactiveRpcError: <_InactiveRpcError of RPC that terminated with:
	status = StatusCode.FAILED_PRECONDITION
	details = "Bet exceeds stack"
	debug_error_string = "UNKNOWN:Error received from peer  {grpc_status:9, grpc_message:"Bet exceeds stack"}"
>

The above exception was the direct cause of the following exception:

Traceback (most recent call last):
  File "<frozen runpy>", line 198, in _run_module_as_main
  File "<frozen runpy>", line 88, in _run_code
  File "/home/babbitt/workspace/angzarr/examples-python/main/ai_player/training/self_play.py", line 764, in <module>
    main()
    ~~~~^^
  File "/home/babbitt/workspace/angzarr/examples-python/main/ai_player/training/self_play.py", line 755, in main
    best = trainer.run()
  File "/home/babbitt/workspace/angzarr/examples-python/main/ai_player/training/self_play.py", line 648, in run
    results = self.run_tournament()
  File "/home/babbitt/workspace/angzarr/examples-python/main/ai_player/training/self_play.py", line 453, in run_tournament
    game.play_hand()
    ~~~~~~~~~~~~~~^^
  File "/home/babbitt/workspace/angzarr/examples-python/main/ai_player/training/self_play.py", line 86, in play_hand
    return self._base_game.play_hand()
           ~~~~~~~~~~~~~~~~~~~~~~~~~^^
  File "/home/babbitt/workspace/angzarr/examples-python/main/run_game.py", line 907, in play_hand
    self.betting_round(first_postflop)
    ~~~~~~~~~~~~~~~~~~^^^^^^^^^^^^^^^^
  File "/home/babbitt/workspace/angzarr/examples-python/main/run_game.py", line 755, in betting_round
    resp = self.client.execute(
        "hand", self.hand_root, cmd, sequence=self.hand_sequence
    )
  File "/home/babbitt/workspace/angzarr/examples-python/main/client.py", line 164, in execute
    response = client.execute_with_mode(cmd_book, sync_mode)
  File "/home/babbitt/workspace/angzarr/client-python/main/angzarr_client/client.py", line 329, in execute_with_mode
    return self.command_handler.handle_command(request)
           ~~~~~~~~~~~~~~~~~~~~~~~~~~~~~~~~~~~^^^^^^^^^
  File "/home/babbitt/workspace/angzarr/client-python/main/angzarr_client/client.py", line 184, in handle_command
    raise GRPCError(e) from e
angzarr_client.errors.GRPCError: grpc error: <_InactiveRpcError of RPC that terminated with:
	status = StatusCode.FAILED_PRECONDITION
	details = "Bet exceeds stack"
	debug_error_string = "UNKNOWN:Error received from peer  {grpc_status:9, grpc_message:"Bet exceeds stack"}"
>

│  Bob: CHECK
└─ EVENT: ActionTaken

   Hank wins $132

┌─ COMMAND: AwardPot
│  Hank: $132
└─ EVENT: PotAwarded

============================================================
HAND #17 - Dealer: Grace
============================================================

┌─ COMMAND: DealCards
│  hand: #17, dealer: seat 6
└─ EVENT: CardsDealt
   Bob: [9♥ T♥] ($3,121)
   Grace: [9♦ 6♦] ($378)
   Hank: [J♠ T♦] ($5,501)

┌─ COMMAND: PostBlind (small)
│  Hank: $5
└─ EVENT: BlindPosted

┌─ COMMAND: PostBlind (big)
│  Bob: $10
└─ EVENT: BlindPosted

--- PREFLOP ---

┌─ COMMAND: PlayerAction
│  Grace: CALL $10
└─ EVENT: ActionTaken

┌─ COMMAND: PlayerAction
│  Hank: RAISE $60
└─ EVENT: ActionTaken

┌─ COMMAND: PlayerAction
│  Bob: CALL $50
└─ EVENT: ActionTaken

┌─ COMMAND: PlayerAction
│  Grace: CALL $50
└─ EVENT: ActionTaken

┌─ COMMAND: DealCommunityCards (FLOP)
└─ EVENT: CommunityCardsDealt
   Board: [Q♦ Q♠ 9♠]

--- FLOP ---

┌─ COMMAND: PlayerAction
│  Hank: BET $55
└─ EVENT: ActionTaken

┌─ COMMAND: PlayerAction
│  Bob: CALL $55
└─ EVENT: ActionTaken

┌─ COMMAND: PlayerAction
│  Grace: CALL $55
└─ EVENT: ActionTaken

┌─ COMMAND: DealCommunityCards (TURN)
└─ EVENT: CommunityCardsDealt
   Board: [Q♦ Q♠ 9♠ 6♣]

--- TURN ---

┌─ COMMAND: PlayerAction
│  Hank: CHECK
└─ EVENT: ActionTaken

┌─ COMMAND: PlayerAction
│  Bob: BET $46
└─ EVENT: ActionTaken

┌─ COMMAND: PlayerAction
│  Grace: CALL $46
└─ EVENT: ActionTaken

┌─ COMMAND: PlayerAction
│  Hank: CALL $46
└─ EVENT: ActionTaken

┌─ COMMAND: DealCommunityCards (RIVER)
└─ EVENT: CommunityCardsDealt
   Board: [Q♦ Q♠ 9♠ 6♣ 2♠]

--- RIVER ---

┌─ COMMAND: PlayerAction
│  Hank: BET $54
└─ EVENT: ActionTaken

┌─ COMMAND: PlayerAction
│  Bob: CALL $54
└─ EVENT: ActionTaken

┌─ COMMAND: PlayerAction
│  Grace: CALL $54
└─ EVENT: ActionTaken

   Hank wins $645

┌─ COMMAND: AwardPot
│  Hank: $645
└─ EVENT: PotAwarded

============================================================
HAND #18 - Dealer: Hank
============================================================

┌─ COMMAND: DealCards
│  hand: #18, dealer: seat 7
└─ EVENT: CardsDealt
   Bob: [6♥ K♣] ($2,906)
   Grace: [5♥ 5♦] ($163)
   Hank: [7♥ T♦] ($5,931)

┌─ COMMAND: PostBlind (small)
│  Bob: $5
└─ EVENT: BlindPosted

┌─ COMMAND: PostBlind (big)
│  Grace: $10
└─ EVENT: BlindPosted

--- PREFLOP ---

┌─ COMMAND: PlayerAction
│  Hank: CALL $10
└─ EVENT: ActionTaken

┌─ COMMAND: PlayerAction
│  Bob: RAISE $51
└─ EVENT: ActionTaken

┌─ COMMAND: PlayerAction
│  Grace: CALL $41
└─ EVENT: ActionTaken

┌─ COMMAND: PlayerAction
│  Hank: CALL $41
└─ EVENT: ActionTaken

┌─ COMMAND: DealCommunityCards (FLOP)
└─ EVENT: CommunityCardsDealt
   Board: [4♠ J♦ 5♣]

--- FLOP ---

┌─ COMMAND: PlayerAction
│  Bob: CHECK
└─ EVENT: ActionTaken

┌─ COMMAND: PlayerAction
│  Grace: CHECK
└─ EVENT: ActionTaken

┌─ COMMAND: PlayerAction
│  Hank: BET $59
└─ EVENT: ActionTaken

┌─ COMMAND: PlayerAction
│  Bob: CALL $59
└─ EVENT: ActionTaken

┌─ COMMAND: PlayerAction
│  Grace: CALL $59
└─ EVENT: ActionTaken

┌─ COMMAND: DealCommunityCards (TURN)
└─ EVENT: CommunityCardsDealt
   Board: [4♠ J♦ 5♣ A♦]

--- TURN ---

┌─ COMMAND: PlayerAction
│  Bob: CHECK
└─ EVENT: ActionTaken

┌─ COMMAND: PlayerAction
│  Grace: CHECK
└─ EVENT: ActionTaken

┌─ COMMAND: PlayerAction
│  Hank: CHECK
└─ EVENT: ActionTaken

┌─ COMMAND: DealCommunityCards (RIVER)
└─ EVENT: CommunityCardsDealt
   Board: [4♠ J♦ 5♣ A♦ 9♥]

--- RIVER ---

┌─ COMMAND: PlayerAction
│  Bob: CHECK
└─ EVENT: ActionTaken

┌─ COMMAND: PlayerAction
│  Grace: BET $50
