2026-03-24 19:57:35 [debug    ] model_registered               model_id=agent_alice
2026-03-24 19:57:35 [debug    ] model_registered               model_id=agent_bob
2026-03-24 19:57:35 [debug    ] model_registered               model_id=agent_carol
2026-03-24 19:57:35 [debug    ] model_registered               model_id=agent_dave
2026-03-24 19:57:35 [debug    ] model_registered               model_id=agent_eve
2026-03-24 19:57:35 [debug    ] model_registered               model_id=agent_frank
2026-03-24 19:57:35 [debug    ] model_registered               model_id=agent_grace
2026-03-24 19:57:35 [debug    ] model_registered               model_id=agent_hank
2026-03-24 19:57:35 [debug    ] model_registered               model_id=agent_ivan
2026-03-24 19:57:35 [info     ] agents_initialized             count=9
2026-03-24 19:57:35 [info     ] selfplay_starting              max_iterations=30 num_players=9 tournaments_per_iter=5
2026-03-24 19:57:35 [info     ] iteration_starting             iteration=1
2026-03-24 19:57:35 [debug    ] tournament_starting            tournament_id=selfplay-3a1e0720
/home/babbitt/workspace/angzarr/examples-python/main/ai_player/models/poker_net.py:123: UserWarning: To copy construct from a tensor, it is recommended to use sourceTensor.detach().clone() or sourceTensor.detach().clone().requires_grad_(True), rather than torch.tensor(sourceTensor).
  x = torch.tensor(state, dtype=torch.float32, device=self._device)
2026-03-24 19:57:51 [debug    ] tournament_complete            hands=100 tournament_id=selfplay-3a1e0720 winner=Eve
2026-03-24 19:57:51 [debug    ] tournament_starting            tournament_id=selfplay-2bbfc21a
2026-03-24 19:58:06 [debug    ] tournament_complete            hands=100 tournament_id=selfplay-2bbfc21a winner=Hank
2026-03-24 19:58:06 [debug    ] tournament_starting            tournament_id=selfplay-16b46140
2026-03-24 19:58:08 [debug    ] tournament_complete            hands=4 tournament_id=selfplay-16b46140 winner=Alice
2026-03-24 19:58:08 [debug    ] tournament_starting            tournament_id=selfplay-73888aef
2026-03-24 19:58:23 [debug    ] tournament_complete            hands=100 tournament_id=selfplay-73888aef winner=Dave
2026-03-24 19:58:23 [debug    ] tournament_starting            tournament_id=selfplay-20055394
2026-03-24 19:58:38 [debug    ] tournament_complete            hands=100 tournament_id=selfplay-20055394 winner=Frank
2026-03-24 19:58:38 [info     ] training_phase                 iteration=1
/tmp/whatif_venv/lib/python3.13/site-packages/torch/autograd/graph.py:869: UserWarning: CUDA initialization: The NVIDIA driver on your system is too old (found version 12040). Please update your GPU driver by downloading and installing a new version from the URL: http://www.nvidia.com/Download/index.aspx Alternatively, go to: https://pytorch.org to install a PyTorch version that has been compiled with your version of the CUDA driver. (Triggered internally at /pytorch/c10/cuda/CUDAFunctions.cpp:119.)
  return Variable._execution_engine.run_backward(  # Calls into the C++ engine to run the backward pass
2026-03-24 19:58:39 [info     ] epoch_complete                 avg_loss=1704.4896 epoch=1 num_batches=55 policy_loss=1.1449 value_loss=3406.7113
2026-03-24 19:58:39 [info     ] epoch_complete                 avg_loss=1340.516 epoch=2 num_batches=55 policy_loss=1.1404 value_loss=2678.7732
2026-03-24 19:58:39 [info     ] epoch_complete                 avg_loss=1342.4642 epoch=3 num_batches=55 policy_loss=1.1419 value_loss=2682.6664
2026-03-24 19:58:39 [debug    ] agent_trained                  agent=Alice avg_loss=1462.49 epochs=3
2026-03-24 19:58:39 [info     ] epoch_complete                 avg_loss=1354.8701 epoch=1 num_batches=55 policy_loss=1.2664 value_loss=2707.2289
2026-03-24 19:58:40 [info     ] epoch_complete                 avg_loss=1340.6136 epoch=2 num_batches=55 policy_loss=1.2644 value_loss=2678.7201
2026-03-24 19:58:40 [info     ] epoch_complete                 avg_loss=1341.2453 epoch=3 num_batches=55 policy_loss=1.2639 value_loss=2679.9844
2026-03-24 19:58:40 [debug    ] agent_trained                  agent=Bob avg_loss=1345.5763 epochs=3
2026-03-24 19:58:40 [info     ] epoch_complete                 avg_loss=1340.3392 epoch=1 num_batches=55 policy_loss=0.9959 value_loss=2678.7085
2026-03-24 19:58:40 [info     ] epoch_complete                 avg_loss=1340.6526 epoch=2 num_batches=55 policy_loss=0.9957 value_loss=2679.3355
2026-03-24 19:58:41 [info     ] epoch_complete                 avg_loss=1340.5045 epoch=3 num_batches=55 policy_loss=0.9942 value_loss=2679.0422
2026-03-24 19:58:41 [debug    ] agent_trained                  agent=Carol avg_loss=1340.4988 epochs=3
2026-03-24 19:58:41 [info     ] epoch_complete                 avg_loss=1340.8869 epoch=1 num_batches=55 policy_loss=1.2907 value_loss=2679.2139
2026-03-24 19:58:41 [info     ] epoch_complete                 avg_loss=1341.0522 epoch=2 num_batches=55 policy_loss=1.2894 value_loss=2679.547
2026-03-24 19:58:41 [info     ] epoch_complete                 avg_loss=1340.7263 epoch=3 num_batches=55 policy_loss=1.2891 value_loss=2678.896
2026-03-24 19:58:41 [debug    ] agent_trained                  agent=Dave avg_loss=1340.8885 epochs=3
2026-03-24 19:58:42 [info     ] epoch_complete                 avg_loss=1341.3972 epoch=1 num_batches=55 policy_loss=1.176 value_loss=2680.4642
2026-03-24 19:58:42 [info     ] epoch_complete                 avg_loss=1340.7 epoch=2 num_batches=55 policy_loss=1.1739 value_loss=2679.0738
2026-03-24 19:58:42 [info     ] epoch_complete                 avg_loss=1340.5329 epoch=3 num_batches=55 policy_loss=1.174 value_loss=2678.7396
2026-03-24 19:58:42 [debug    ] agent_trained                  agent=Eve avg_loss=1340.8767 epochs=3
2026-03-24 19:58:42 [info     ] epoch_complete                 avg_loss=1340.2472 epoch=1 num_batches=55 policy_loss=1.0792 value_loss=2678.3575
2026-03-24 19:58:42 [info     ] epoch_complete                 avg_loss=1354.3798 epoch=2 num_batches=55 policy_loss=1.0798 value_loss=2706.6216
2026-03-24 19:58:43 [info     ] epoch_complete                 avg_loss=1340.2763 epoch=3 num_batches=55 policy_loss=1.0765 value_loss=2678.4213
2026-03-24 19:58:43 [debug    ] agent_trained                  agent=Frank avg_loss=1344.9677 epochs=3
2026-03-24 19:58:43 [info     ] epoch_complete                 avg_loss=1341.3102 epoch=1 num_batches=55 policy_loss=1.075 value_loss=2680.4923
2026-03-24 19:58:43 [info     ] epoch_complete                 avg_loss=1340.5754 epoch=2 num_batches=55 policy_loss=1.0768 value_loss=2679.019
2026-03-24 19:58:43 [info     ] epoch_complete                 avg_loss=1354.7512 epoch=3 num_batches=55 policy_loss=1.0799 value_loss=2707.3644
2026-03-24 19:58:43 [debug    ] agent_trained                  agent=Grace avg_loss=1345.5456 epochs=3
2026-03-24 19:58:43 [info     ] epoch_complete                 avg_loss=1340.7314 epoch=1 num_batches=55 policy_loss=1.4188 value_loss=2678.6465
2026-03-24 19:58:44 [info     ] epoch_complete                 avg_loss=1340.8158 epoch=2 num_batches=55 policy_loss=1.4177 value_loss=2678.8176
2026-03-24 19:58:44 [info     ] epoch_complete                 avg_loss=1341.4589 epoch=3 num_batches=55 policy_loss=1.4164 value_loss=2680.1065
2026-03-24 19:58:44 [debug    ] agent_trained                  agent=Hank avg_loss=1341.002 epochs=3
2026-03-24 19:58:44 [info     ] epoch_complete                 avg_loss=1340.6042 epoch=1 num_batches=55 policy_loss=1.1043 value_loss=2679.0214
2026-03-24 19:58:44 [info     ] epoch_complete                 avg_loss=1340.4323 epoch=2 num_batches=55 policy_loss=1.1066 value_loss=2678.6731
2026-03-24 19:58:44 [info     ] epoch_complete                 avg_loss=1340.3977 epoch=3 num_batches=55 policy_loss=1.1023 value_loss=2678.6124
2026-03-24 19:58:44 [debug    ] agent_trained                  agent=Ivan avg_loss=1340.4781 epochs=3
2026-03-24 19:58:44 [info     ] winner_weights_shared          alpha=0.5 learners=8 winner=agent_eve
2026-03-24 19:58:44 [info     ] winner_teaches                 winner=Eve wins_this_iteration=1
2026-03-24 19:58:44 [info     ] iteration_complete             best_agent=Eve best_bb_per_100=139.31 iteration=1

=== Agent Leaderboard ===
Rank  Agent      BB/100     Win Rate   Tournaments  Hands     
------------------------------------------------------------
1     Eve          139.31    20.0%          5        404
2     Alice         99.01    20.0%          5        404
3     Dave          69.95    20.0%          5        404
4     Frank         47.28    20.0%          5        404
5     Hank          47.23    20.0%          5        404
6     Ivan         -42.97     0.0%          5        404
7     Bob         -112.28     0.0%          5        404
8     Carol       -123.76     0.0%          5        404
9     Grace       -123.76     0.0%          5        404

2026-03-24 19:58:44 [info     ] iteration_starting             iteration=2
2026-03-24 19:58:44 [debug    ] tournament_starting            tournament_id=selfplay-623845c6
/home/babbitt/workspace/angzarr/examples-python/main/ai_player/models/poker_net.py:123: UserWarning: To copy construct from a tensor, it is recommended to use sourceTensor.detach().clone() or sourceTensor.detach().clone().requires_grad_(True), rather than torch.tensor(sourceTensor).
  x = torch.tensor(state, dtype=torch.float32, device=self._device)
2026-03-24 19:58:46 [debug    ] tournament_complete            hands=8 tournament_id=selfplay-623845c6 winner=Hank
2026-03-24 19:58:46 [debug    ] tournament_starting            tournament_id=selfplay-4fa7bb83
2026-03-24 19:58:47 [debug    ] tournament_complete            hands=3 tournament_id=selfplay-4fa7bb83 winner=Grace
2026-03-24 19:58:47 [debug    ] tournament_starting            tournament_id=selfplay-1a422159
2026-03-24 19:59:01 [debug    ] tournament_complete            hands=100 tournament_id=selfplay-1a422159 winner=Ivan
2026-03-24 19:59:01 [debug    ] tournament_starting            tournament_id=selfplay-5d6295cd
2026-03-24 19:59:02 [debug    ] tournament_complete            hands=6 tournament_id=selfplay-5d6295cd winner=Alice
2026-03-24 19:59:02 [debug    ] tournament_starting            tournament_id=selfplay-7c08148c
2026-03-24 19:59:02 [debug    ] tournament_complete            hands=4 tournament_id=selfplay-7c08148c winner=Grace
2026-03-24 19:59:02 [info     ] training_phase                 iteration=2
2026-03-24 19:59:03 [info     ] epoch_complete                 avg_loss=2184.7432 epoch=1 num_batches=71 policy_loss=1.1274 value_loss=4367.2535
2026-03-24 19:59:03 [info     ] epoch_complete                 avg_loss=2172.6704 epoch=2 num_batches=71 policy_loss=1.1275 value_loss=4343.1076
2026-03-24 19:59:03 [info     ] epoch_complete                 avg_loss=2172.9096 epoch=3 num_batches=71 policy_loss=1.1273 value_loss=4343.5863
2026-03-24 19:59:03 [debug    ] agent_trained                  agent=Alice avg_loss=2176.7744 epochs=3
2026-03-24 19:59:03 [info     ] epoch_complete                 avg_loss=2183.7119 epoch=1 num_batches=71 policy_loss=1.1651 value_loss=4365.1156
2026-03-24 19:59:04 [info     ] epoch_complete                 avg_loss=2175.5656 epoch=2 num_batches=71 policy_loss=1.1662 value_loss=4348.8206
2026-03-24 19:59:04 [info     ] epoch_complete                 avg_loss=2173.1637 epoch=3 num_batches=71 policy_loss=1.1651 value_loss=4344.019
2026-03-24 19:59:04 [debug    ] agent_trained                  agent=Bob avg_loss=2177.4804 epochs=3
2026-03-24 19:59:04 [info     ] epoch_complete                 avg_loss=2173.258 epoch=1 num_batches=71 policy_loss=1.0835 value_loss=4344.3707
2026-03-24 19:59:04 [info     ] epoch_complete                 avg_loss=2172.0975 epoch=2 num_batches=71 policy_loss=1.0836 value_loss=4342.0497
2026-03-24 19:59:05 [info     ] epoch_complete                 avg_loss=2171.6334 epoch=3 num_batches=71 policy_loss=1.0832 value_loss=4341.1222
2026-03-24 19:59:05 [debug    ] agent_trained                  agent=Carol avg_loss=2172.3296 epochs=3
2026-03-24 19:59:05 [info     ] epoch_complete                 avg_loss=2172.846 epoch=1 num_batches=71 policy_loss=1.1583 value_loss=4343.3971
2026-03-24 19:59:05 [info     ] epoch_complete                 avg_loss=2172.4905 epoch=2 num_batches=71 policy_loss=1.158 value_loss=4342.687
2026-03-24 19:59:06 [info     ] epoch_complete                 avg_loss=2173.6944 epoch=3 num_batches=71 policy_loss=1.1572 value_loss=4345.0962
2026-03-24 19:59:06 [debug    ] agent_trained                  agent=Dave avg_loss=2173.0103 epochs=3
2026-03-24 19:59:06 [info     ] epoch_complete                 avg_loss=2172.671 epoch=1 num_batches=71 policy_loss=1.1753 value_loss=4343.0131
2026-03-24 19:59:07 [info     ] epoch_complete                 avg_loss=2230.9456 epoch=2 num_batches=71 policy_loss=1.1735 value_loss=4459.5659
2026-03-24 19:59:07 [info     ] epoch_complete                 avg_loss=2185.3596 epoch=3 num_batches=71 policy_loss=1.1744 value_loss=4368.3919
2026-03-24 19:59:07 [debug    ] agent_trained                  agent=Eve avg_loss=2196.3254 epochs=3
2026-03-24 19:59:07 [info     ] epoch_complete                 avg_loss=2235.5635 epoch=1 num_batches=71 policy_loss=1.171 value_loss=4468.8068
2026-03-24 19:59:07 [info     ] epoch_complete                 avg_loss=2173.1197 epoch=2 num_batches=71 policy_loss=1.1706 value_loss=4343.92
2026-03-24 19:59:08 [info     ] epoch_complete                 avg_loss=2211.5863 epoch=3 num_batches=71 policy_loss=1.17 value_loss=4420.8544
2026-03-24 19:59:08 [debug    ] agent_trained                  agent=Frank avg_loss=2206.7565 epochs=3
2026-03-24 19:59:08 [info     ] epoch_complete                 avg_loss=2185.7781 epoch=1 num_batches=71 policy_loss=1.0454 value_loss=4369.4874
2026-03-24 19:59:08 [info     ] epoch_complete                 avg_loss=2171.7459 epoch=2 num_batches=71 policy_loss=1.0448 value_loss=4341.4239
2026-03-24 19:59:09 [info     ] epoch_complete                 avg_loss=2173.7465 epoch=3 num_batches=71 policy_loss=1.0445 value_loss=4345.4259
2026-03-24 19:59:09 [debug    ] agent_trained                  agent=Grace avg_loss=2177.0902 epochs=3
2026-03-24 19:59:09 [info     ] epoch_complete                 avg_loss=2257.8906 epoch=1 num_batches=71 policy_loss=1.1865 value_loss=4513.43
2026-03-24 19:59:10 [info     ] epoch_complete                 avg_loss=2172.5765 epoch=2 num_batches=71 policy_loss=1.1872 value_loss=4342.8005
2026-03-24 19:59:10 [info     ] epoch_complete                 avg_loss=2172.4516 epoch=3 num_batches=71 policy_loss=1.1876 value_loss=4342.5498
2026-03-24 19:59:10 [debug    ] agent_trained                  agent=Hank avg_loss=2200.9729 epochs=3
2026-03-24 19:59:10 [info     ] epoch_complete                 avg_loss=2172.7656 epoch=1 num_batches=71 policy_loss=1.1312 value_loss=4343.2905
2026-03-24 19:59:11 [info     ] epoch_complete                 avg_loss=2173.0823 epoch=2 num_batches=71 policy_loss=1.1318 value_loss=4343.9228
2026-03-24 19:59:11 [info     ] epoch_complete                 avg_loss=2213.9141 epoch=3 num_batches=71 policy_loss=1.1314 value_loss=4425.5872
2026-03-24 19:59:11 [debug    ] agent_trained                  agent=Ivan avg_loss=2186.5873 epochs=3
2026-03-24 19:59:11 [info     ] winner_weights_shared          alpha=0.5 learners=8 winner=agent_grace
2026-03-24 19:59:11 [info     ] winner_teaches                 winner=Grace wins_this_iteration=2
2026-03-24 19:59:11 [info     ] iteration_complete             best_agent=Alice best_bb_per_100=152.38 iteration=2

=== Agent Leaderboard ===
Rank  Agent      BB/100     Win Rate   Tournaments  Hands     
------------------------------------------------------------
1     Alice        152.38    20.0%         10        525
2     Grace        152.38    20.0%         10        525
3     Hank         112.53    20.0%         10        525
4     Ivan          26.61    10.0%         10        525
5     Eve           11.96    10.0%         10        525
6     Dave         -41.41    10.0%         10        525
7     Frank        -58.86    10.0%         10        525
8     Bob         -165.12     0.0%         10        525
9     Carol       -190.48     0.0%         10        525

2026-03-24 19:59:11 [info     ] iteration_starting             iteration=3
2026-03-24 19:59:11 [debug    ] tournament_starting            tournament_id=selfplay-24683c04
2026-03-24 19:59:12 [debug    ] tournament_complete            hands=3 tournament_id=selfplay-24683c04 winner=Eve
2026-03-24 19:59:12 [debug    ] tournament_starting            tournament_id=selfplay-76de0369
2026-03-24 19:59:14 [debug    ] tournament_complete            hands=7 tournament_id=selfplay-76de0369 winner=Eve
2026-03-24 19:59:14 [debug    ] tournament_starting            tournament_id=selfplay-122d2dae
2026-03-24 19:59:14 [debug    ] tournament_complete            hands=2 tournament_id=selfplay-122d2dae winner=Ivan
2026-03-24 19:59:14 [debug    ] tournament_starting            tournament_id=selfplay-136b286f
2026-03-24 19:59:15 [debug    ] tournament_complete            hands=5 tournament_id=selfplay-136b286f winner=Eve
2026-03-24 19:59:15 [debug    ] tournament_starting            tournament_id=selfplay-1cf91c82
2026-03-24 19:59:16 [debug    ] tournament_complete            hands=4 tournament_id=selfplay-1cf91c82 winner=Carol
2026-03-24 19:59:16 [info     ] training_phase                 iteration=3
2026-03-24 19:59:16 [info     ] epoch_complete                 avg_loss=3304.8569 epoch=1 num_batches=75 policy_loss=1.0842 value_loss=6607.5672
2026-03-24 19:59:16 [info     ] epoch_complete                 avg_loss=3305.6515 epoch=2 num_batches=75 policy_loss=1.0849 value_loss=6609.1551
2026-03-24 19:59:17 [info     ] epoch_complete                 avg_loss=3337.8064 epoch=3 num_batches=75 policy_loss=1.0845 value_loss=6673.4656
2026-03-24 19:59:17 [debug    ] agent_trained                  agent=Alice avg_loss=3316.1049 epochs=3
2026-03-24 19:59:17 [info     ] epoch_complete                 avg_loss=3304.0447 epoch=1 num_batches=75 policy_loss=1.0915 value_loss=6605.9283
2026-03-24 19:59:17 [info     ] epoch_complete                 avg_loss=3342.757 epoch=2 num_batches=75 policy_loss=1.0914 value_loss=6683.3531
2026-03-24 19:59:17 [info     ] epoch_complete                 avg_loss=3303.5183 epoch=3 num_batches=75 policy_loss=1.0915 value_loss=6604.8755
2026-03-24 19:59:17 [debug    ] agent_trained                  agent=Bob avg_loss=3316.7734 epochs=3
2026-03-24 19:59:18 [info     ] epoch_complete                 avg_loss=3305.6466 epoch=1 num_batches=75 policy_loss=1.0567 value_loss=6609.2016
2026-03-24 19:59:18 [info     ] epoch_complete                 avg_loss=3304.5518 epoch=2 num_batches=75 policy_loss=1.0566 value_loss=6607.0123
2026-03-24 19:59:18 [info     ] epoch_complete                 avg_loss=3303.9237 epoch=3 num_batches=75 policy_loss=1.0564 value_loss=6605.7563
2026-03-24 19:59:18 [debug    ] agent_trained                  agent=Carol avg_loss=3304.7073 epochs=3
2026-03-24 19:59:19 [info     ] epoch_complete                 avg_loss=3339.7374 epoch=1 num_batches=75 policy_loss=1.1008 value_loss=6677.2952
2026-03-24 19:59:19 [info     ] epoch_complete                 avg_loss=3303.3455 epoch=2 num_batches=75 policy_loss=1.1002 value_loss=6604.5125
2026-03-24 19:59:19 [info     ] epoch_complete                 avg_loss=3328.1675 epoch=3 num_batches=75 policy_loss=1.0997 value_loss=6654.1574
2026-03-24 19:59:19 [debug    ] agent_trained                  agent=Dave avg_loss=3323.7502 epochs=3
2026-03-24 19:59:19 [info     ] epoch_complete                 avg_loss=3336.0962 epoch=1 num_batches=75 policy_loss=1.0716 value_loss=6670.0709
2026-03-24 19:59:20 [info     ] epoch_complete                 avg_loss=3309.9123 epoch=2 num_batches=75 policy_loss=1.0726 value_loss=6617.7011
2026-03-24 19:59:20 [info     ] epoch_complete                 avg_loss=3346.4704 epoch=3 num_batches=75 policy_loss=1.0724 value_loss=6690.8178
2026-03-24 19:59:20 [debug    ] agent_trained                  agent=Eve avg_loss=3330.8263 epochs=3
2026-03-24 19:59:20 [info     ] epoch_complete                 avg_loss=3351.4597 epoch=1 num_batches=75 policy_loss=1.104 value_loss=6700.733
2026-03-24 19:59:21 [info     ] epoch_complete                 avg_loss=3305.0222 epoch=2 num_batches=75 policy_loss=1.1042 value_loss=6607.8578
2026-03-24 19:59:21 [info     ] epoch_complete                 avg_loss=3305.068 epoch=3 num_batches=75 policy_loss=1.104 value_loss=6607.9498
2026-03-24 19:59:21 [debug    ] agent_trained                  agent=Frank avg_loss=3320.5166 epochs=3
2026-03-24 19:59:22 [info     ] epoch_complete                 avg_loss=3312.9326 epoch=1 num_batches=75 policy_loss=1.0453 value_loss=6623.7964
2026-03-24 19:59:22 [info     ] epoch_complete                 avg_loss=3302.6058 epoch=2 num_batches=75 policy_loss=1.0461 value_loss=6603.1414
2026-03-24 19:59:22 [info     ] epoch_complete                 avg_loss=3343.4143 epoch=3 num_batches=75 policy_loss=1.0462 value_loss=6684.7578
2026-03-24 19:59:22 [debug    ] agent_trained                  agent=Grace avg_loss=3319.6509 epochs=3
2026-03-24 19:59:23 [info     ] epoch_complete                 avg_loss=3306.3775 epoch=1 num_batches=75 policy_loss=1.0916 value_loss=6610.5937
2026-03-24 19:59:23 [info     ] epoch_complete                 avg_loss=3304.9128 epoch=2 num_batches=75 policy_loss=1.092 value_loss=6607.6634
2026-03-24 19:59:23 [info     ] epoch_complete                 avg_loss=3312.2329 epoch=3 num_batches=75 policy_loss=1.0923 value_loss=6622.3029
2026-03-24 19:59:23 [debug    ] agent_trained                  agent=Hank avg_loss=3307.8411 epochs=3
2026-03-24 19:59:23 [info     ] epoch_complete                 avg_loss=3362.5153 epoch=1 num_batches=75 policy_loss=1.0645 value_loss=6722.9233
2026-03-24 19:59:24 [info     ] epoch_complete                 avg_loss=3327.6914 epoch=2 num_batches=75 policy_loss=1.0642 value_loss=6653.276
2026-03-24 19:59:24 [info     ] epoch_complete                 avg_loss=3304.2378 epoch=3 num_batches=75 policy_loss=1.0643 value_loss=6606.3687
2026-03-24 19:59:24 [debug    ] agent_trained                  agent=Ivan avg_loss=3331.4815 epochs=3
2026-03-24 19:59:24 [info     ] winner_weights_shared          alpha=0.5 learners=8 winner=agent_eve
2026-03-24 19:59:24 [info     ] winner_teaches                 winner=Eve wins_this_iteration=3
2026-03-24 19:59:24 [info     ] iteration_complete             best_agent=Eve best_bb_per_100=414.43 iteration=3

=== Agent Leaderboard ===
Rank  Agent      BB/100     Win Rate   Tournaments  Hands     
------------------------------------------------------------
1     Eve          414.43    26.7%         15        546
2     Ivan          98.85    13.3%         15        546
3     Alice         54.95    13.3%         15        546
4     Grace         54.95    13.3%         15        546
5     Hank          16.63    13.3%         15        546
6     Carol       -109.89     6.7%         15        546
7     Dave        -131.39     6.7%         15        546
8     Frank       -148.17     6.7%         15        546
9     Bob         -250.35     0.0%         15        546

2026-03-24 19:59:24 [info     ] iteration_starting             iteration=4
2026-03-24 19:59:24 [debug    ] tournament_starting            tournament_id=selfplay-b8c5b21e
2026-03-24 19:59:25 [debug    ] tournament_complete            hands=5 tournament_id=selfplay-b8c5b21e winner=Hank
2026-03-24 19:59:25 [debug    ] tournament_starting            tournament_id=selfplay-8f637daa
2026-03-24 19:59:26 [debug    ] tournament_complete            hands=6 tournament_id=selfplay-8f637daa winner=Carol
2026-03-24 19:59:26 [debug    ] tournament_starting            tournament_id=selfplay-c19af3ed
2026-03-24 19:59:28 [debug    ] tournament_complete            hands=9 tournament_id=selfplay-c19af3ed winner=Dave
2026-03-24 19:59:28 [debug    ] tournament_starting            tournament_id=selfplay-bd31efda
2026-03-24 19:59:29 [debug    ] tournament_complete            hands=3 tournament_id=selfplay-bd31efda winner=Ivan
2026-03-24 19:59:29 [debug    ] tournament_starting            tournament_id=selfplay-02cb25a6
2026-03-24 19:59:30 [debug    ] tournament_complete            hands=6 tournament_id=selfplay-02cb25a6 winner=Bob
2026-03-24 19:59:30 [info     ] training_phase                 iteration=4
2026-03-24 19:59:30 [info     ] epoch_complete                 avg_loss=4819.2122 epoch=1 num_batches=81 policy_loss=1.0733 value_loss=9636.2996
2026-03-24 19:59:31 [info     ] epoch_complete                 avg_loss=4829.5856 epoch=2 num_batches=81 policy_loss=1.0732 value_loss=9657.0466
2026-03-24 19:59:31 [info     ] epoch_complete                 avg_loss=4830.539 epoch=3 num_batches=81 policy_loss=1.0729 value_loss=9658.9538
2026-03-24 19:59:31 [debug    ] agent_trained                  agent=Alice avg_loss=4826.4456 epochs=3
2026-03-24 19:59:31 [info     ] epoch_complete                 avg_loss=4814.4679 epoch=1 num_batches=81 policy_loss=1.0859 value_loss=9626.7858
2026-03-24 19:59:32 [info     ] epoch_complete                 avg_loss=4825.1906 epoch=2 num_batches=81 policy_loss=1.0851 value_loss=9648.2327
2026-03-24 19:59:32 [info     ] epoch_complete                 avg_loss=4813.5093 epoch=3 num_batches=81 policy_loss=1.0855 value_loss=9624.8693
2026-03-24 19:59:32 [debug    ] agent_trained                  agent=Bob avg_loss=4817.7226 epochs=3
2026-03-24 19:59:32 [info     ] epoch_complete                 avg_loss=4842.0085 epoch=1 num_batches=81 policy_loss=1.0617 value_loss=9681.9152
2026-03-24 19:59:33 [info     ] epoch_complete                 avg_loss=4832.6046 epoch=2 num_batches=81 policy_loss=1.0616 value_loss=9663.1076
2026-03-24 19:59:33 [info     ] epoch_complete                 avg_loss=4833.0225 epoch=3 num_batches=81 policy_loss=1.061 value_loss=9663.9449
2026-03-24 19:59:33 [debug    ] agent_trained                  agent=Carol avg_loss=4835.8785 epochs=3
2026-03-24 19:59:33 [info     ] epoch_complete                 avg_loss=4814.7685 epoch=1 num_batches=81 policy_loss=1.0854 value_loss=9627.3878
2026-03-24 19:59:34 [info     ] epoch_complete                 avg_loss=4851.8442 epoch=2 num_batches=81 policy_loss=1.0857 value_loss=9701.5388
2026-03-24 19:59:34 [info     ] epoch_complete                 avg_loss=4813.2786 epoch=3 num_batches=81 policy_loss=1.086 value_loss=9624.4068
2026-03-24 19:59:34 [debug    ] agent_trained                  agent=Dave avg_loss=4826.6304 epochs=3
2026-03-24 19:59:35 [info     ] epoch_complete                 avg_loss=4813.2031 epoch=1 num_batches=81 policy_loss=1.0748 value_loss=9624.2783
2026-03-24 19:59:35 [info     ] epoch_complete                 avg_loss=4816.4481 epoch=2 num_batches=81 policy_loss=1.0732 value_loss=9630.7716
2026-03-24 19:59:35 [info     ] epoch_complete                 avg_loss=4814.3955 epoch=3 num_batches=81 policy_loss=1.0749 value_loss=9626.6628
2026-03-24 19:59:35 [debug    ] agent_trained                  agent=Eve avg_loss=4814.6822 epochs=3
2026-03-24 19:59:36 [info     ] epoch_complete                 avg_loss=4833.2269 epoch=1 num_batches=81 policy_loss=1.0875 value_loss=9664.3004
2026-03-24 19:59:36 [info     ] epoch_complete                 avg_loss=4835.7066 epoch=2 num_batches=81 policy_loss=1.0882 value_loss=9669.2585
2026-03-24 19:59:37 [info     ] epoch_complete                 avg_loss=4845.3346 epoch=3 num_batches=81 policy_loss=1.0873 value_loss=9688.5164
2026-03-24 19:59:37 [debug    ] agent_trained                  agent=Frank avg_loss=4838.0894 epochs=3
2026-03-24 19:59:37 [info     ] epoch_complete                 avg_loss=4814.4316 epoch=1 num_batches=81 policy_loss=1.0522 value_loss=9626.7807
2026-03-24 19:59:38 [info     ] epoch_complete                 avg_loss=4814.4308 epoch=2 num_batches=81 policy_loss=1.0524 value_loss=9626.7785
2026-03-24 19:59:38 [info     ] epoch_complete                 avg_loss=4815.7665 epoch=3 num_batches=81 policy_loss=1.0524 value_loss=9629.45
2026-03-24 19:59:38 [debug    ] agent_trained                  agent=Grace avg_loss=4814.8763 epochs=3
2026-03-24 19:59:39 [info     ] epoch_complete                 avg_loss=4816.8059 epoch=1 num_batches=81 policy_loss=1.0804 value_loss=9631.4726
2026-03-24 19:59:39 [info     ] epoch_complete                 avg_loss=4815.2818 epoch=2 num_batches=81 policy_loss=1.0799 value_loss=9628.4256
2026-03-24 19:59:40 [info     ] epoch_complete                 avg_loss=4846.7625 epoch=3 num_batches=81 policy_loss=1.0802 value_loss=9691.3862
2026-03-24 19:59:40 [debug    ] agent_trained                  agent=Hank avg_loss=4826.2834 epochs=3
2026-03-24 19:59:40 [info     ] epoch_complete                 avg_loss=4844.2644 epoch=1 num_batches=81 policy_loss=1.0626 value_loss=9686.4254
2026-03-24 19:59:40 [info     ] epoch_complete                 avg_loss=4813.7917 epoch=2 num_batches=81 policy_loss=1.0629 value_loss=9625.4791
2026-03-24 19:59:40 [info     ] epoch_complete                 avg_loss=4837.5405 epoch=3 num_batches=81 policy_loss=1.062 value_loss=9672.9788
2026-03-24 19:59:40 [debug    ] agent_trained                  agent=Ivan avg_loss=4831.8655 epochs=3
2026-03-24 19:59:40 [info     ] winner_weights_shared          alpha=0.5 learners=8 winner=agent_hank
2026-03-24 19:59:40 [info     ] winner_teaches                 winner=Hank wins_this_iteration=1
2026-03-24 19:59:40 [info     ] iteration_complete             best_agent=Eve best_bb_per_100=306.57 iteration=4

=== Agent Leaderboard ===
Rank  Agent      BB/100     Win Rate   Tournaments  Hands     
------------------------------------------------------------
1     Eve          306.57    20.0%         20        575
2     Ivan         163.43    15.0%         20        575
3     Hank          85.36    15.0%         20        575
4     Alice        -34.78    10.0%         20        575
5     Carol        -34.78    10.0%         20        575
6     Grace        -34.78    10.0%         20        575
7     Dave         -55.20    10.0%         20        575
8     Bob         -168.16     5.0%         20        575
9     Frank       -227.65     5.0%         20        575

2026-03-24 19:59:40 [info     ] iteration_starting             iteration=5
2026-03-24 19:59:40 [debug    ] tournament_starting            tournament_id=selfplay-374714e4
2026-03-24 19:59:42 [debug    ] tournament_complete            hands=7 tournament_id=selfplay-374714e4 winner=Bob
2026-03-24 19:59:42 [debug    ] tournament_starting            tournament_id=selfplay-ccb710f7
2026-03-24 19:59:43 [debug    ] tournament_complete            hands=3 tournament_id=selfplay-ccb710f7 winner=Grace
2026-03-24 19:59:43 [debug    ] tournament_starting            tournament_id=selfplay-eeffc6d0
2026-03-24 19:59:43 [debug    ] tournament_complete            hands=3 tournament_id=selfplay-eeffc6d0 winner=Carol
2026-03-24 19:59:43 [debug    ] tournament_starting            tournament_id=selfplay-57a69915
2026-03-24 19:59:44 [debug    ] tournament_complete            hands=5 tournament_id=selfplay-57a69915 winner=Bob
2026-03-24 19:59:44 [debug    ] tournament_starting            tournament_id=selfplay-182e9778
2026-03-24 19:59:44 [debug    ] tournament_complete            hands=4 tournament_id=selfplay-182e9778 winner=Grace
2026-03-24 19:59:44 [info     ] training_phase                 iteration=5
2026-03-24 19:59:45 [info     ] epoch_complete                 avg_loss=5817.2508 epoch=1 num_batches=85 policy_loss=1.0774 value_loss=11632.3686
2026-03-24 19:59:45 [info     ] epoch_complete                 avg_loss=5429.1078 epoch=2 num_batches=85 policy_loss=1.0775 value_loss=10856.0822
2026-03-24 19:59:45 [info     ] epoch_complete                 avg_loss=5421.9677 epoch=3 num_batches=85 policy_loss=1.0776 value_loss=10841.8018
2026-03-24 19:59:45 [debug    ] agent_trained                  agent=Alice avg_loss=5556.1088 epochs=3
2026-03-24 19:59:46 [info     ] epoch_complete                 avg_loss=5432.9832 epoch=1 num_batches=85 policy_loss=1.0842 value_loss=10863.8197
2026-03-24 19:59:46 [info     ] epoch_complete                 avg_loss=5421.9763 epoch=2 num_batches=85 policy_loss=1.084 value_loss=10841.8064
2026-03-24 19:59:46 [info     ] epoch_complete                 avg_loss=5439.9681 epoch=3 num_batches=85 policy_loss=1.0838 value_loss=10877.7902
2026-03-24 19:59:46 [debug    ] agent_trained                  agent=Bob avg_loss=5431.6425 epochs=3
2026-03-24 19:59:47 [info     ] epoch_complete                 avg_loss=5423.7633 epoch=1 num_batches=85 policy_loss=1.0723 value_loss=10845.4038
2026-03-24 19:59:47 [info     ] epoch_complete                 avg_loss=5429.6805 epoch=2 num_batches=85 policy_loss=1.0729 value_loss=10857.237
2026-03-24 19:59:47 [info     ] epoch_complete                 avg_loss=5430.6546 epoch=3 num_batches=85 policy_loss=1.072 value_loss=10859.187
2026-03-24 19:59:47 [debug    ] agent_trained                  agent=Carol avg_loss=5428.0328 epochs=3
2026-03-24 19:59:48 [info     ] epoch_complete                 avg_loss=5422.1732 epoch=1 num_batches=85 policy_loss=1.0837 value_loss=10842.2008
2026-03-24 19:59:48 [info     ] epoch_complete                 avg_loss=5467.1024 epoch=2 num_batches=85 policy_loss=1.0848 value_loss=10932.057
2026-03-24 19:59:48 [info     ] epoch_complete                 avg_loss=6048.2769 epoch=3 num_batches=85 policy_loss=1.0834 value_loss=12094.4087
2026-03-24 19:59:48 [debug    ] agent_trained                  agent=Dave avg_loss=5645.8508 epochs=3
2026-03-24 19:59:48 [info     ] epoch_complete                 avg_loss=6101.849 epoch=1 num_batches=85 policy_loss=1.078 value_loss=12201.5638
2026-03-24 19:59:49 [info     ] epoch_complete                 avg_loss=5429.1389 epoch=2 num_batches=85 policy_loss=1.0774 value_loss=10856.1448
2026-03-24 19:59:49 [info     ] epoch_complete                 avg_loss=5801.6635 epoch=3 num_batches=85 policy_loss=1.0775 value_loss=11601.1938
2026-03-24 19:59:49 [debug    ] agent_trained                  agent=Eve avg_loss=5777.5505 epochs=3
2026-03-24 19:59:49 [info     ] epoch_complete                 avg_loss=5422.023 epoch=1 num_batches=85 policy_loss=1.0826 value_loss=10841.9026
2026-03-24 19:59:50 [info     ] epoch_complete                 avg_loss=5423.2596 epoch=2 num_batches=85 policy_loss=1.0846 value_loss=10844.3717
2026-03-24 19:59:50 [info     ] epoch_complete                 avg_loss=5439.7409 epoch=3 num_batches=85 policy_loss=1.0842 value_loss=10877.335
2026-03-24 19:59:50 [debug    ] agent_trained                  agent=Frank avg_loss=5428.3412 epochs=3
2026-03-24 19:59:50 [info     ] epoch_complete                 avg_loss=5432.9523 epoch=1 num_batches=85 policy_loss=1.0665 value_loss=10863.7934
2026-03-24 19:59:51 [info     ] epoch_complete                 avg_loss=5432.9762 epoch=2 num_batches=85 policy_loss=1.0659 value_loss=10863.8423
2026-03-24 19:59:51 [info     ] epoch_complete                 avg_loss=5474.0864 epoch=3 num_batches=85 policy_loss=1.0665 value_loss=10946.0614
2026-03-24 19:59:51 [debug    ] agent_trained                  agent=Grace avg_loss=5446.6716 epochs=3
2026-03-24 19:59:51 [info     ] epoch_complete                 avg_loss=5439.5765 epoch=1 num_batches=85 policy_loss=1.0806 value_loss=10877.0134
2026-03-24 19:59:52 [info     ] epoch_complete                 avg_loss=5432.9091 epoch=2 num_batches=85 policy_loss=1.0809 value_loss=10863.6782
2026-03-24 19:59:52 [info     ] epoch_complete                 avg_loss=5421.9328 epoch=3 num_batches=85 policy_loss=1.0809 value_loss=10841.7255
2026-03-24 19:59:52 [debug    ] agent_trained                  agent=Hank avg_loss=5431.4728 epochs=3
2026-03-24 19:59:53 [info     ] epoch_complete                 avg_loss=5876.3421 epoch=1 num_batches=85 policy_loss=1.0695 value_loss=11750.567
2026-03-24 19:59:53 [info     ] epoch_complete                 avg_loss=5439.6307 epoch=2 num_batches=85 policy_loss=1.0701 value_loss=10877.1429
2026-03-24 19:59:53 [info     ] epoch_complete                 avg_loss=5429.1481 epoch=3 num_batches=85 policy_loss=1.0703 value_loss=10856.1774
2026-03-24 19:59:53 [debug    ] agent_trained                  agent=Ivan avg_loss=5581.707 epochs=3
2026-03-24 19:59:53 [info     ] winner_weights_shared          alpha=0.5 learners=8 winner=agent_bob
2026-03-24 19:59:53 [info     ] winner_teaches                 winner=Bob wins_this_iteration=2
2026-03-24 19:59:53 [info     ] iteration_complete             best_agent=Eve best_bb_per_100=211.52 iteration=5

=== Agent Leaderboard ===
Rank  Agent      BB/100     Win Rate   Tournaments  Hands     
------------------------------------------------------------
1     Eve          211.52    16.0%         25        597
2     Grace        184.25    16.0%         25        597
3     Ivan          73.65    12.0%         25        597
4     Bob           55.80    12.0%         25        597
5     Carol         33.50    12.0%         25        597
6     Hank          -1.54    12.0%         25        597
7     Alice       -117.25     8.0%         25        597
8     Dave        -136.92     8.0%         25        597
9     Frank       -303.02     4.0%         25        597

2026-03-24 19:59:53 [info     ] models_saved                   best_agent=Eve best_bb_per_100=211.52 suffix=iter5
2026-03-24 19:59:53 [info     ] iteration_starting             iteration=6
2026-03-24 19:59:53 [debug    ] tournament_starting            tournament_id=selfplay-41584d44
2026-03-24 19:59:54 [debug    ] tournament_complete            hands=3 tournament_id=selfplay-41584d44 winner=Bob
2026-03-24 19:59:54 [debug    ] tournament_starting            tournament_id=selfplay-a9c5cda7
2026-03-24 19:59:54 [debug    ] tournament_complete            hands=2 tournament_id=selfplay-a9c5cda7 winner=Hank
2026-03-24 19:59:54 [debug    ] tournament_starting            tournament_id=selfplay-c99d5230
2026-03-24 19:59:55 [debug    ] tournament_complete            hands=6 tournament_id=selfplay-c99d5230 winner=Alice
2026-03-24 19:59:55 [debug    ] tournament_starting            tournament_id=selfplay-bef01537
2026-03-24 19:59:56 [debug    ] tournament_complete            hands=3 tournament_id=selfplay-bef01537 winner=Grace
2026-03-24 19:59:56 [debug    ] tournament_starting            tournament_id=selfplay-b5f7688e
2026-03-24 19:59:56 [debug    ] tournament_complete            hands=3 tournament_id=selfplay-b5f7688e winner=Hank
2026-03-24 19:59:56 [info     ] training_phase                 iteration=6
2026-03-24 19:59:57 [info     ] epoch_complete                 avg_loss=5987.2972 epoch=1 num_batches=87 policy_loss=1.0807 value_loss=11972.4547
2026-03-24 19:59:57 [info     ] epoch_complete                 avg_loss=5991.4126 epoch=2 num_batches=87 policy_loss=1.0806 value_loss=11980.6857
2026-03-24 19:59:58 [info     ] epoch_complete                 avg_loss=5996.1201 epoch=3 num_batches=87 policy_loss=1.0807 value_loss=11990.1005
2026-03-24 19:59:58 [debug    ] agent_trained                  agent=Alice avg_loss=5991.6099 epochs=3
2026-03-24 19:59:58 [info     ] epoch_complete                 avg_loss=5986.4151 epoch=1 num_batches=87 policy_loss=1.0844 value_loss=11970.6832
2026-03-24 19:59:59 [info     ] epoch_complete                 avg_loss=6112.8493 epoch=2 num_batches=87 policy_loss=1.0846 value_loss=12223.5509
2026-03-24 19:59:59 [info     ] epoch_complete                 avg_loss=5995.0196 epoch=3 num_batches=87 policy_loss=1.084 value_loss=11987.8931
2026-03-24 19:59:59 [debug    ] agent_trained                  agent=Bob avg_loss=6031.428 epochs=3
2026-03-24 20:00:00 [info     ] epoch_complete                 avg_loss=6036.8118 epoch=1 num_batches=87 policy_loss=1.0782 value_loss=12071.4888
2026-03-24 20:00:00 [info     ] epoch_complete                 avg_loss=5998.4371 epoch=2 num_batches=87 policy_loss=1.0775 value_loss=11994.7409
2026-03-24 20:00:01 [info     ] epoch_complete                 avg_loss=6049.3489 epoch=3 num_batches=87 policy_loss=1.0785 value_loss=12096.5626
2026-03-24 20:00:01 [debug    ] agent_trained                  agent=Carol avg_loss=6028.1993 epochs=3
2026-03-24 20:00:01 [info     ] epoch_complete                 avg_loss=5987.9243 epoch=1 num_batches=87 policy_loss=1.0838 value_loss=11973.7028
2026-03-24 20:00:02 [info     ] epoch_complete                 avg_loss=5990.5264 epoch=2 num_batches=87 policy_loss=1.0838 value_loss=11978.9067
2026-03-24 20:00:02 [info     ] epoch_complete                 avg_loss=6011.291 epoch=3 num_batches=87 policy_loss=1.0836 value_loss=12020.4364
2026-03-24 20:00:02 [debug    ] agent_trained                  agent=Dave avg_loss=5996.5805 epochs=3
2026-03-24 20:00:03 [info     ] epoch_complete                 avg_loss=5995.227 epoch=1 num_batches=87 policy_loss=1.0819 value_loss=11988.3116
2026-03-24 20:00:03 [info     ] epoch_complete                 avg_loss=5988.0282 epoch=2 num_batches=87 policy_loss=1.0811 value_loss=11973.9158
2026-03-24 20:00:04 [info     ] epoch_complete                 avg_loss=6083.8011 epoch=3 num_batches=87 policy_loss=1.0808 value_loss=12165.4623
2026-03-24 20:00:04 [debug    ] agent_trained                  agent=Eve avg_loss=6022.3521 epochs=3
2026-03-24 20:00:04 [info     ] epoch_complete                 avg_loss=5989.4045 epoch=1 num_batches=87 policy_loss=1.0834 value_loss=11976.6638
2026-03-24 20:00:04 [info     ] epoch_complete                 avg_loss=5997.7208 epoch=2 num_batches=87 policy_loss=1.0834 value_loss=11993.2967
2026-03-24 20:00:05 [info     ] epoch_complete                 avg_loss=5996.9724 epoch=3 num_batches=87 policy_loss=1.0834 value_loss=11991.7998
2026-03-24 20:00:05 [debug    ] agent_trained                  agent=Frank avg_loss=5994.6993 epochs=3
2026-03-24 20:00:05 [info     ] epoch_complete                 avg_loss=5998.7413 epoch=1 num_batches=87 policy_loss=1.075 value_loss=11995.3544
2026-03-24 20:00:05 [info     ] epoch_complete                 avg_loss=6050.8962 epoch=2 num_batches=87 policy_loss=1.0749 value_loss=12099.6644
2026-03-24 20:00:06 [info     ] epoch_complete                 avg_loss=5996.5115 epoch=3 num_batches=87 policy_loss=1.0751 value_loss=11990.8947
2026-03-24 20:00:06 [debug    ] agent_trained                  agent=Grace avg_loss=6015.383 epochs=3
2026-03-24 20:00:06 [info     ] epoch_complete                 avg_loss=6000.3929 epoch=1 num_batches=87 policy_loss=1.0824 value_loss=11998.6426
2026-03-24 20:00:07 [info     ] epoch_complete                 avg_loss=6082.6096 epoch=2 num_batches=87 policy_loss=1.0836 value_loss=12163.0738
2026-03-24 20:00:07 [info     ] epoch_complete                 avg_loss=5990.1388 epoch=3 num_batches=87 policy_loss=1.0826 value_loss=11978.1339
2026-03-24 20:00:07 [debug    ] agent_trained                  agent=Hank avg_loss=6024.3804 epochs=3
2026-03-24 20:00:07 [info     ] epoch_complete                 avg_loss=5999.9308 epoch=1 num_batches=87 policy_loss=1.0763 value_loss=11997.7307
2026-03-24 20:00:08 [info     ] epoch_complete                 avg_loss=6085.2119 epoch=2 num_batches=87 policy_loss=1.0765 value_loss=12168.2925
2026-03-24 20:00:08 [info     ] epoch_complete                 avg_loss=6133.5597 epoch=3 num_batches=87 policy_loss=1.0768 value_loss=12264.9876
2026-03-24 20:00:08 [debug    ] agent_trained                  agent=Ivan avg_loss=6072.9008 epochs=3
2026-03-24 20:00:08 [info     ] winner_weights_shared          alpha=0.5 learners=8 winner=agent_hank
2026-03-24 20:00:08 [info     ] winner_teaches                 winner=Hank wins_this_iteration=2
2026-03-24 20:00:08 [info     ] iteration_complete             best_agent=Grace best_bb_per_100=244.3 iteration=6

=== Agent Leaderboard ===
Rank  Agent      BB/100     Win Rate   Tournaments  Hands     
------------------------------------------------------------
1     Grace        244.30    16.7%         30        614
2     Hank         210.23    16.7%         30        614
3     Eve          124.23    13.3%         30        614
4     Bob          119.40    13.3%         30        614
5     Ivan          -9.82    10.0%         30        614
6     Alice        -48.86    10.0%         30        614
7     Carol        -48.86    10.0%         30        614
8     Dave        -214.56     6.7%         30        614
9     Frank       -376.06     3.3%         30        614

2026-03-24 20:00:08 [info     ] iteration_starting             iteration=7
2026-03-24 20:00:08 [debug    ] tournament_starting            tournament_id=selfplay-ccec512a
2026-03-24 20:00:09 [debug    ] tournament_complete            hands=4 tournament_id=selfplay-ccec512a winner=Grace
2026-03-24 20:00:09 [debug    ] tournament_starting            tournament_id=selfplay-313a413f
2026-03-24 20:00:09 [debug    ] tournament_complete            hands=2 tournament_id=selfplay-313a413f winner=Alice
2026-03-24 20:00:09 [debug    ] tournament_starting            tournament_id=selfplay-203ade88
2026-03-24 20:00:10 [debug    ] tournament_complete            hands=3 tournament_id=selfplay-203ade88 winner=Grace
2026-03-24 20:00:10 [debug    ] tournament_starting            tournament_id=selfplay-d998e2bd
2026-03-24 20:00:10 [debug    ] tournament_complete            hands=3 tournament_id=selfplay-d998e2bd winner=Alice
2026-03-24 20:00:10 [debug    ] tournament_starting            tournament_id=selfplay-89f3ac65
2026-03-24 20:00:11 [debug    ] tournament_complete            hands=5 tournament_id=selfplay-89f3ac65 winner=Alice
2026-03-24 20:00:11 [info     ] training_phase                 iteration=7
2026-03-24 20:00:12 [info     ] epoch_complete                 avg_loss=6354.5915 epoch=1 num_batches=89 policy_loss=1.082 value_loss=12707.0407
2026-03-24 20:00:12 [info     ] epoch_complete                 avg_loss=6359.468 epoch=2 num_batches=89 policy_loss=1.082 value_loss=12716.7937
2026-03-24 20:00:13 [info     ] epoch_complete                 avg_loss=6355.3421 epoch=3 num_batches=89 policy_loss=1.0818 value_loss=12708.5424
2026-03-24 20:00:13 [debug    ] agent_trained                  agent=Alice avg_loss=6356.4672 epochs=3
2026-03-24 20:00:13 [info     ] epoch_complete                 avg_loss=6368.2018 epoch=1 num_batches=89 policy_loss=1.0842 value_loss=12734.2568
2026-03-24 20:00:13 [info     ] epoch_complete                 avg_loss=6361.0075 epoch=2 num_batches=89 policy_loss=1.0835 value_loss=12719.8697
2026-03-24 20:00:14 [info     ] epoch_complete                 avg_loss=6355.9926 epoch=3 num_batches=89 policy_loss=1.0836 value_loss=12709.8398
2026-03-24 20:00:14 [debug    ] agent_trained                  agent=Bob avg_loss=6361.734 epochs=3
2026-03-24 20:00:14 [info     ] epoch_complete                 avg_loss=6365.3385 epoch=1 num_batches=89 policy_loss=1.0809 value_loss=12728.5367
2026-03-24 20:00:14 [info     ] epoch_complete                 avg_loss=6356.1555 epoch=2 num_batches=89 policy_loss=1.0806 value_loss=12710.1717
2026-03-24 20:00:15 [info     ] epoch_complete                 avg_loss=6364.7601 epoch=3 num_batches=89 policy_loss=1.0808 value_loss=12727.3803
2026-03-24 20:00:15 [debug    ] agent_trained                  agent=Carol avg_loss=6362.0847 epochs=3
2026-03-24 20:00:15 [info     ] epoch_complete                 avg_loss=6357.337 epoch=1 num_batches=89 policy_loss=1.0834 value_loss=12712.5288
2026-03-24 20:00:16 [info     ] epoch_complete                 avg_loss=6356.3941 epoch=2 num_batches=89 policy_loss=1.0839 value_loss=12710.6421
2026-03-24 20:00:16 [info     ] epoch_complete                 avg_loss=6355.3755 epoch=3 num_batches=89 policy_loss=1.0836 value_loss=12708.6054
2026-03-24 20:00:16 [debug    ] agent_trained                  agent=Dave avg_loss=6356.3689 epochs=3
2026-03-24 20:00:16 [info     ] epoch_complete                 avg_loss=6362.0537 epoch=1 num_batches=89 policy_loss=1.0826 value_loss=12721.9639
2026-03-24 20:00:17 [info     ] epoch_complete                 avg_loss=6357.7337 epoch=2 num_batches=89 policy_loss=1.0823 value_loss=12713.3244
2026-03-24 20:00:17 [info     ] epoch_complete                 avg_loss=6364.9072 epoch=3 num_batches=89 policy_loss=1.0822 value_loss=12727.6715
2026-03-24 20:00:17 [debug    ] agent_trained                  agent=Eve avg_loss=6361.5649 epochs=3
2026-03-24 20:00:18 [info     ] epoch_complete                 avg_loss=6361.8785 epoch=1 num_batches=89 policy_loss=1.084 value_loss=12721.6106
2026-03-24 20:00:18 [info     ] epoch_complete                 avg_loss=6356.733 epoch=2 num_batches=89 policy_loss=1.0831 value_loss=12711.3217
2026-03-24 20:00:19 [info     ] epoch_complete                 avg_loss=6365.5006 epoch=3 num_batches=89 policy_loss=1.0845 value_loss=12728.8539
2026-03-24 20:00:19 [debug    ] agent_trained                  agent=Frank avg_loss=6361.3707 epochs=3
2026-03-24 20:00:20 [info     ] epoch_complete                 avg_loss=6363.3816 epoch=1 num_batches=89 policy_loss=1.0789 value_loss=12724.6271
2026-03-24 20:00:20 [info     ] epoch_complete                 avg_loss=6356.0 epoch=2 num_batches=89 policy_loss=1.0799 value_loss=12709.8619
2026-03-24 20:00:20 [info     ] epoch_complete                 avg_loss=6372.2791 epoch=3 num_batches=89 policy_loss=1.0796 value_loss=12742.4205
2026-03-24 20:00:20 [debug    ] agent_trained                  agent=Grace avg_loss=6363.8869 epochs=3
2026-03-24 20:00:21 [info     ] epoch_complete                 avg_loss=6357.712 epoch=1 num_batches=89 policy_loss=1.0827 value_loss=12713.2802
2026-03-24 20:00:22 [info     ] epoch_complete                 avg_loss=6355.2132 epoch=2 num_batches=89 policy_loss=1.0823 value_loss=12708.2836
2026-03-24 20:00:22 [info     ] epoch_complete                 avg_loss=6373.3471 epoch=3 num_batches=89 policy_loss=1.0832 value_loss=12744.5494
2026-03-24 20:00:22 [debug    ] agent_trained                  agent=Hank avg_loss=6362.0908 epochs=3
2026-03-24 20:00:22 [info     ] epoch_complete                 avg_loss=6382.2355 epoch=1 num_batches=89 policy_loss=1.0802 value_loss=12762.3323
2026-03-24 20:00:23 [info     ] epoch_complete                 avg_loss=6362.8072 epoch=2 num_batches=89 policy_loss=1.0796 value_loss=12723.4768
2026-03-24 20:00:23 [info     ] epoch_complete                 avg_loss=6357.8539 epoch=3 num_batches=89 policy_loss=1.0797 value_loss=12713.5702
2026-03-24 20:00:23 [debug    ] agent_trained                  agent=Ivan avg_loss=6367.6322 epochs=3
2026-03-24 20:00:23 [info     ] winner_weights_shared          alpha=0.5 learners=8 winner=agent_alice
2026-03-24 20:00:23 [info     ] winner_teaches                 winner=Alice wins_this_iteration=3
2026-03-24 20:00:23 [info     ] iteration_complete             best_agent=Grace best_bb_per_100=443.74 iteration=7

=== Agent Leaderboard ===
Rank  Agent      BB/100     Win Rate   Tournaments  Hands     
------------------------------------------------------------
1     Grace        443.74    20.0%         35        631
2     Alice        301.11    17.1%         35        631
3     Hank         125.32    14.3%         35        631
4     Eve           41.65    11.4%         35        631
5     Bob           36.94    11.4%         35        631
6     Ivan         -88.80     8.6%         35        631
7     Carol       -126.78     8.6%         35        631
8     Dave        -288.02     5.7%         35        631
9     Frank       -445.17     2.9%         35        631

2026-03-24 20:00:23 [info     ] iteration_starting             iteration=8
2026-03-24 20:00:23 [debug    ] tournament_starting            tournament_id=selfplay-476f7507
2026-03-24 20:00:24 [debug    ] tournament_complete            hands=2 tournament_id=selfplay-476f7507 winner=Alice
2026-03-24 20:00:24 [debug    ] tournament_starting            tournament_id=selfplay-45006a16
2026-03-24 20:00:24 [debug    ] tournament_complete            hands=2 tournament_id=selfplay-45006a16 winner=Bob
2026-03-24 20:00:24 [debug    ] tournament_starting            tournament_id=selfplay-4427e6d5
2026-03-24 20:00:25 [debug    ] tournament_complete            hands=3 tournament_id=selfplay-4427e6d5 winner=Eve
2026-03-24 20:00:25 [debug    ] tournament_starting            tournament_id=selfplay-9af29fef
2026-03-24 20:00:25 [debug    ] tournament_complete            hands=3 tournament_id=selfplay-9af29fef winner=Hank
2026-03-24 20:00:25 [debug    ] tournament_starting            tournament_id=selfplay-d755252c
2026-03-24 20:00:26 [debug    ] tournament_complete            hands=6 tournament_id=selfplay-d755252c winner=Hank
2026-03-24 20:00:26 [info     ] training_phase                 iteration=8
2026-03-24 20:00:27 [info     ] epoch_complete                 avg_loss=6781.1409 epoch=1 num_batches=92 policy_loss=1.0811 value_loss=13560.1413
2026-03-24 20:00:27 [info     ] epoch_complete                 avg_loss=6778.003 epoch=2 num_batches=92 policy_loss=1.0819 value_loss=13553.8639
2026-03-24 20:00:28 [info     ] epoch_complete                 avg_loss=6775.6656 epoch=3 num_batches=92 policy_loss=1.0824 value_loss=13549.1883
2026-03-24 20:00:28 [debug    ] agent_trained                  agent=Alice avg_loss=6778.2699 epochs=3
2026-03-24 20:00:28 [info     ] epoch_complete                 avg_loss=6778.2168 epoch=1 num_batches=92 policy_loss=1.0821 value_loss=13554.2912
2026-03-24 20:00:29 [info     ] epoch_complete                 avg_loss=6771.0348 epoch=2 num_batches=92 policy_loss=1.0832 value_loss=13539.9249
2026-03-24 20:00:29 [info     ] epoch_complete                 avg_loss=6774.5082 epoch=3 num_batches=92 policy_loss=1.0829 value_loss=13546.8722
2026-03-24 20:00:29 [debug    ] agent_trained                  agent=Bob avg_loss=6774.5866 epochs=3
2026-03-24 20:00:29 [info     ] epoch_complete                 avg_loss=6983.4314 epoch=1 num_batches=92 policy_loss=1.0818 value_loss=13964.7208
2026-03-24 20:00:30 [info     ] epoch_complete                 avg_loss=6779.5733 epoch=2 num_batches=92 policy_loss=1.0812 value_loss=13557.006
2026-03-24 20:00:30 [info     ] epoch_complete                 avg_loss=6775.6989 epoch=3 num_batches=92 policy_loss=1.0813 value_loss=13549.2568
2026-03-24 20:00:30 [debug    ] agent_trained                  agent=Carol avg_loss=6846.2345 epochs=3
2026-03-24 20:00:30 [info     ] epoch_complete                 avg_loss=6779.5985 epoch=1 num_batches=92 policy_loss=1.0827 value_loss=13557.0533
2026-03-24 20:00:31 [info     ] epoch_complete                 avg_loss=6779.2295 epoch=2 num_batches=92 policy_loss=1.0831 value_loss=13556.3145
2026-03-24 20:00:31 [info     ] epoch_complete                 avg_loss=6994.7334 epoch=3 num_batches=92 policy_loss=1.0829 value_loss=13987.3227
2026-03-24 20:00:31 [debug    ] agent_trained                  agent=Dave avg_loss=6851.1871 epochs=3
2026-03-24 20:00:31 [info     ] epoch_complete                 avg_loss=6774.7085 epoch=1 num_batches=92 policy_loss=1.0821 value_loss=13547.2747
2026-03-24 20:00:32 [info     ] epoch_complete                 avg_loss=6769.1458 epoch=2 num_batches=92 policy_loss=1.0826 value_loss=13536.148
2026-03-24 20:00:32 [info     ] epoch_complete                 avg_loss=6770.8321 epoch=3 num_batches=92 policy_loss=1.0822 value_loss=13539.5215
2026-03-24 20:00:32 [debug    ] agent_trained                  agent=Eve avg_loss=6771.5622 epochs=3
2026-03-24 20:00:32 [info     ] epoch_complete                 avg_loss=7043.2224 epoch=1 num_batches=92 policy_loss=1.0827 value_loss=14084.3012
2026-03-24 20:00:33 [info     ] epoch_complete                 avg_loss=6779.1607 epoch=2 num_batches=92 policy_loss=1.0829 value_loss=13556.1774
2026-03-24 20:00:33 [info     ] epoch_complete                 avg_loss=6781.4307 epoch=3 num_batches=92 policy_loss=1.083 value_loss=13560.7172
2026-03-24 20:00:33 [debug    ] agent_trained                  agent=Frank avg_loss=6867.9379 epochs=3
2026-03-24 20:00:34 [info     ] epoch_complete                 avg_loss=6772.9925 epoch=1 num_batches=92 policy_loss=1.0811 value_loss=13543.8445
2026-03-24 20:00:34 [info     ] epoch_complete                 avg_loss=6786.6191 epoch=2 num_batches=92 policy_loss=1.0799 value_loss=13571.1
2026-03-24 20:00:34 [info     ] epoch_complete                 avg_loss=7107.9852 epoch=3 num_batches=92 policy_loss=1.0812 value_loss=14213.8298
2026-03-24 20:00:34 [debug    ] agent_trained                  agent=Grace avg_loss=6889.1989 epochs=3
2026-03-24 20:00:35 [info     ] epoch_complete                 avg_loss=6784.5874 epoch=1 num_batches=92 policy_loss=1.0825 value_loss=13567.0317
2026-03-24 20:00:35 [info     ] epoch_complete                 avg_loss=6774.5859 epoch=2 num_batches=92 policy_loss=1.0827 value_loss=13547.0279
2026-03-24 20:00:35 [info     ] epoch_complete                 avg_loss=7098.8792 epoch=3 num_batches=92 policy_loss=1.0828 value_loss=14195.6144
2026-03-24 20:00:35 [debug    ] agent_trained                  agent=Hank avg_loss=6886.0175 epochs=3
2026-03-24 20:00:36 [info     ] epoch_complete                 avg_loss=6769.6844 epoch=1 num_batches=92 policy_loss=1.081 value_loss=13537.2285
2026-03-24 20:00:36 [info     ] epoch_complete                 avg_loss=6774.5146 epoch=2 num_batches=92 policy_loss=1.0808 value_loss=13546.8894
2026-03-24 20:00:36 [info     ] epoch_complete                 avg_loss=6985.8818 epoch=3 num_batches=92 policy_loss=1.0813 value_loss=13969.6226
2026-03-24 20:00:36 [debug    ] agent_trained                  agent=Ivan avg_loss=6843.3602 epochs=3
2026-03-24 20:00:36 [info     ] winner_weights_shared          alpha=0.5 learners=8 winner=agent_hank
2026-03-24 20:00:36 [info     ] winner_teaches                 winner=Hank wins_this_iteration=2
2026-03-24 20:00:36 [info     ] iteration_complete             best_agent=Alice best_bb_per_100=355.49 iteration=8

=== Agent Leaderboard ===
Rank  Agent      BB/100     Win Rate   Tournaments  Hands     
------------------------------------------------------------
1     Alice        355.49    17.5%         40        647
2     Grace        355.49    17.5%         40        647
3     Hank         323.15    17.5%         40        647
4     Eve          102.44    12.5%         40        647
5     Bob           97.85    12.5%         40        647
6     Ivan        -163.88     7.5%         40        647
7     Carol       -200.93     7.5%         40        647
8     Dave        -358.18     5.0%         40        647
9     Frank       -511.44     2.5%         40        647

2026-03-24 20:00:36 [info     ] iteration_starting             iteration=9
2026-03-24 20:00:36 [debug    ] tournament_starting            tournament_id=selfplay-56ed6aaa
2026-03-24 20:00:37 [debug    ] tournament_complete            hands=3 tournament_id=selfplay-56ed6aaa winner=Hank
2026-03-24 20:00:37 [debug    ] tournament_starting            tournament_id=selfplay-fee3411e
2026-03-24 20:00:38 [debug    ] tournament_complete            hands=4 tournament_id=selfplay-fee3411e winner=Eve
2026-03-24 20:00:38 [debug    ] tournament_starting            tournament_id=selfplay-45bbcdf8
2026-03-24 20:00:39 [debug    ] tournament_complete            hands=5 tournament_id=selfplay-45bbcdf8 winner=Ivan
2026-03-24 20:00:39 [debug    ] tournament_starting            tournament_id=selfplay-0c13d3ba
2026-03-24 20:00:40 [debug    ] tournament_complete            hands=4 tournament_id=selfplay-0c13d3ba winner=Alice
2026-03-24 20:00:40 [debug    ] tournament_starting            tournament_id=selfplay-8b980b15
2026-03-24 20:00:41 [debug    ] tournament_complete            hands=4 tournament_id=selfplay-8b980b15 winner=Eve
2026-03-24 20:00:41 [info     ] training_phase                 iteration=9
2026-03-24 20:00:41 [info     ] epoch_complete                 avg_loss=7660.2139 epoch=1 num_batches=95 policy_loss=1.0826 value_loss=15318.2844
2026-03-24 20:00:42 [info     ] epoch_complete                 avg_loss=7687.4928 epoch=2 num_batches=95 policy_loss=1.0832 value_loss=15372.8407
2026-03-24 20:00:42 [info     ] epoch_complete                 avg_loss=7629.3381 epoch=3 num_batches=95 policy_loss=1.0837 value_loss=15256.5305
2026-03-24 20:00:42 [debug    ] agent_trained                  agent=Alice avg_loss=7659.0149 epochs=3
2026-03-24 20:00:43 [info     ] epoch_complete                 avg_loss=7673.5445 epoch=1 num_batches=95 policy_loss=1.0832 value_loss=15344.9443
2026-03-24 20:00:43 [info     ] epoch_complete                 avg_loss=7649.376 epoch=2 num_batches=95 policy_loss=1.0828 value_loss=15296.6078
2026-03-24 20:00:43 [info     ] epoch_complete                 avg_loss=7675.9598 epoch=3 num_batches=95 policy_loss=1.0834 value_loss=15349.7745
2026-03-24 20:00:43 [debug    ] agent_trained                  agent=Bob avg_loss=7666.2934 epochs=3
2026-03-24 20:00:44 [info     ] epoch_complete                 avg_loss=7630.8734 epoch=1 num_batches=95 policy_loss=1.0825 value_loss=15259.6036
2026-03-24 20:00:44 [info     ] epoch_complete                 avg_loss=7676.1994 epoch=2 num_batches=95 policy_loss=1.0824 value_loss=15350.2557
2026-03-24 20:00:44 [info     ] epoch_complete                 avg_loss=7630.3482 epoch=3 num_batches=95 policy_loss=1.0834 value_loss=15258.5514
2026-03-24 20:00:44 [debug    ] agent_trained                  agent=Carol avg_loss=7645.807 epochs=3
2026-03-24 20:00:45 [info     ] epoch_complete                 avg_loss=7655.4067 epoch=1 num_batches=95 policy_loss=1.0831 value_loss=15308.6688
2026-03-24 20:00:45 [info     ] epoch_complete                 avg_loss=7650.1123 epoch=2 num_batches=95 policy_loss=1.0833 value_loss=15298.0797
2026-03-24 20:00:46 [info     ] epoch_complete                 avg_loss=7657.6676 epoch=3 num_batches=95 policy_loss=1.0836 value_loss=15313.1898
2026-03-24 20:00:46 [debug    ] agent_trained                  agent=Dave avg_loss=7654.3955 epochs=3
2026-03-24 20:00:46 [info     ] epoch_complete                 avg_loss=7626.4254 epoch=1 num_batches=95 policy_loss=1.0828 value_loss=15250.707
2026-03-24 20:00:46 [info     ] epoch_complete                 avg_loss=7662.4775 epoch=2 num_batches=95 policy_loss=1.0832 value_loss=15322.8105
2026-03-24 20:00:47 [info     ] epoch_complete                 avg_loss=7651.3133 epoch=3 num_batches=95 policy_loss=1.0834 value_loss=15300.4815
2026-03-24 20:00:47 [debug    ] agent_trained                  agent=Eve avg_loss=7646.7387 epochs=3
2026-03-24 20:00:47 [info     ] epoch_complete                 avg_loss=7629.0804 epoch=1 num_batches=95 policy_loss=1.0835 value_loss=15256.0155
2026-03-24 20:00:48 [info     ] epoch_complete                 avg_loss=7626.8088 epoch=2 num_batches=95 policy_loss=1.0831 value_loss=15251.4729
2026-03-24 20:00:48 [info     ] epoch_complete                 avg_loss=7668.2235 epoch=3 num_batches=95 policy_loss=1.0831 value_loss=15334.3025
2026-03-24 20:00:48 [debug    ] agent_trained                  agent=Frank avg_loss=7641.3709 epochs=3
2026-03-24 20:00:49 [info     ] epoch_complete                 avg_loss=7686.0367 epoch=1 num_batches=95 policy_loss=1.0828 value_loss=15369.9294
2026-03-24 20:00:49 [info     ] epoch_complete                 avg_loss=7632.3497 epoch=2 num_batches=95 policy_loss=1.082 value_loss=15262.5569
2026-03-24 20:00:50 [info     ] epoch_complete                 avg_loss=7631.3955 epoch=3 num_batches=95 policy_loss=1.0829 value_loss=15260.6468
2026-03-24 20:00:50 [debug    ] agent_trained                  agent=Grace avg_loss=7649.9273 epochs=3
2026-03-24 20:00:50 [info     ] epoch_complete                 avg_loss=7636.9889 epoch=1 num_batches=95 policy_loss=1.0831 value_loss=15271.8332
2026-03-24 20:00:51 [info     ] epoch_complete                 avg_loss=7632.7585 epoch=2 num_batches=95 policy_loss=1.083 value_loss=15263.3727
2026-03-24 20:00:51 [info     ] epoch_complete                 avg_loss=7703.5059 epoch=3 num_batches=95 policy_loss=1.0833 value_loss=15404.8669
2026-03-24 20:00:51 [debug    ] agent_trained                  agent=Hank avg_loss=7657.7511 epochs=3
2026-03-24 20:00:51 [info     ] epoch_complete                 avg_loss=7625.5775 epoch=1 num_batches=95 policy_loss=1.0825 value_loss=15249.0117
2026-03-24 20:00:52 [info     ] epoch_complete                 avg_loss=7658.3651 epoch=2 num_batches=95 policy_loss=1.0828 value_loss=15314.5863
2026-03-24 20:00:52 [info     ] epoch_complete                 avg_loss=7626.9917 epoch=3 num_batches=95 policy_loss=1.0825 value_loss=15251.8402
2026-03-24 20:00:52 [debug    ] agent_trained                  agent=Ivan avg_loss=7636.9781 epochs=3
2026-03-24 20:00:52 [info     ] winner_weights_shared          alpha=0.5 learners=8 winner=agent_eve
2026-03-24 20:00:52 [info     ] winner_teaches                 winner=Eve wins_this_iteration=2
2026-03-24 20:00:52 [info     ] iteration_complete             best_agent=Alice best_bb_per_100=404.8 iteration=9

=== Agent Leaderboard ===
Rank  Agent      BB/100     Win Rate   Tournaments  Hands     
------------------------------------------------------------
1     Alice        404.80    17.8%         45        667
2     Hank         373.43    17.8%         45        667
3     Eve          294.27    15.6%         45        667
4     Grace        269.87    15.6%         45        667
5     Bob           19.96    11.1%         45        667
6     Ivan         -99.00     8.9%         45        667
7     Carol       -269.87     6.7%         45        667
8     Dave        -422.40     4.4%         45        667
9     Frank       -571.06     2.2%         45        667

2026-03-24 20:00:52 [info     ] iteration_starting             iteration=10
2026-03-24 20:00:52 [debug    ] tournament_starting            tournament_id=selfplay-121ee142
2026-03-24 20:00:53 [debug    ] tournament_complete            hands=3 tournament_id=selfplay-121ee142 winner=Grace
2026-03-24 20:00:53 [debug    ] tournament_starting            tournament_id=selfplay-ff0beffa
2026-03-24 20:00:53 [debug    ] tournament_complete            hands=2 tournament_id=selfplay-ff0beffa winner=Alice
2026-03-24 20:00:53 [debug    ] tournament_starting            tournament_id=selfplay-8b61006c
2026-03-24 20:00:54 [debug    ] tournament_complete            hands=3 tournament_id=selfplay-8b61006c winner=Frank
2026-03-24 20:00:54 [debug    ] tournament_starting            tournament_id=selfplay-f82d2417
2026-03-24 20:00:54 [debug    ] tournament_complete            hands=3 tournament_id=selfplay-f82d2417 winner=Frank
2026-03-24 20:00:54 [debug    ] tournament_starting            tournament_id=selfplay-1b263f36
2026-03-24 20:00:55 [debug    ] tournament_complete            hands=6 tournament_id=selfplay-1b263f36 winner=Frank
2026-03-24 20:00:55 [info     ] training_phase                 iteration=10
2026-03-24 20:00:56 [info     ] epoch_complete                 avg_loss=8069.2383 epoch=1 num_batches=97 policy_loss=1.0838 value_loss=16136.3306
2026-03-24 20:00:56 [info     ] epoch_complete                 avg_loss=8072.0082 epoch=2 num_batches=97 policy_loss=1.083 value_loss=16141.8721
2026-03-24 20:00:56 [info     ] epoch_complete                 avg_loss=8067.1689 epoch=3 num_batches=97 policy_loss=1.083 value_loss=16132.1936
2026-03-24 20:00:56 [debug    ] agent_trained                  agent=Alice avg_loss=8069.4718 epochs=3
2026-03-24 20:00:57 [info     ] epoch_complete                 avg_loss=8070.2686 epoch=1 num_batches=97 policy_loss=1.0838 value_loss=16138.3915
2026-03-24 20:00:57 [info     ] epoch_complete                 avg_loss=8066.2916 epoch=2 num_batches=97 policy_loss=1.084 value_loss=16130.437
2026-03-24 20:00:58 [info     ] epoch_complete                 avg_loss=8080.1737 epoch=3 num_batches=97 policy_loss=1.0832 value_loss=16158.2027
2026-03-24 20:00:58 [debug    ] agent_trained                  agent=Bob avg_loss=8072.2446 epochs=3
2026-03-24 20:00:58 [info     ] epoch_complete                 avg_loss=8074.7933 epoch=1 num_batches=97 policy_loss=1.0831 value_loss=16147.4422
2026-03-24 20:00:58 [info     ] epoch_complete                 avg_loss=8074.5345 epoch=2 num_batches=97 policy_loss=1.083 value_loss=16146.9247
2026-03-24 20:00:59 [info     ] epoch_complete                 avg_loss=8072.5812 epoch=3 num_batches=97 policy_loss=1.0828 value_loss=16143.0184
2026-03-24 20:00:59 [debug    ] agent_trained                  agent=Carol avg_loss=8073.9696 epochs=3
2026-03-24 20:00:59 [info     ] epoch_complete                 avg_loss=8067.2855 epoch=1 num_batches=97 policy_loss=1.0828 value_loss=16132.4272
2026-03-24 20:00:59 [info     ] epoch_complete                 avg_loss=8072.4526 epoch=2 num_batches=97 policy_loss=1.0836 value_loss=16142.7598
2026-03-24 20:01:00 [info     ] epoch_complete                 avg_loss=8073.1483 epoch=3 num_batches=97 policy_loss=1.0829 value_loss=16144.1525
2026-03-24 20:01:00 [debug    ] agent_trained                  agent=Dave avg_loss=8070.9621 epochs=3
2026-03-24 20:01:00 [info     ] epoch_complete                 avg_loss=8065.6317 epoch=1 num_batches=97 policy_loss=1.083 value_loss=16129.1193
2026-03-24 20:01:00 [info     ] epoch_complete                 avg_loss=8068.3122 epoch=2 num_batches=97 policy_loss=1.0833 value_loss=16134.4795
2026-03-24 20:01:01 [info     ] epoch_complete                 avg_loss=8065.7425 epoch=3 num_batches=97 policy_loss=1.0831 value_loss=16129.3405
2026-03-24 20:01:01 [debug    ] agent_trained                  agent=Eve avg_loss=8066.5621 epochs=3
2026-03-24 20:01:01 [info     ] epoch_complete                 avg_loss=8073.5612 epoch=1 num_batches=97 policy_loss=1.0836 value_loss=16144.9769
2026-03-24 20:01:02 [info     ] epoch_complete                 avg_loss=8069.59 epoch=2 num_batches=97 policy_loss=1.0833 value_loss=16137.035
2026-03-24 20:01:02 [info     ] epoch_complete                 avg_loss=8068.9899 epoch=3 num_batches=97 policy_loss=1.0832 value_loss=16135.8351
2026-03-24 20:01:02 [debug    ] agent_trained                  agent=Frank avg_loss=8070.7137 epochs=3
2026-03-24 20:01:03 [info     ] epoch_complete                 avg_loss=8070.3011 epoch=1 num_batches=97 policy_loss=1.0828 value_loss=16138.4584
2026-03-24 20:01:03 [info     ] epoch_complete                 avg_loss=8073.5542 epoch=2 num_batches=97 policy_loss=1.0825 value_loss=16144.965
2026-03-24 20:01:03 [info     ] epoch_complete                 avg_loss=8074.7606 epoch=3 num_batches=97 policy_loss=1.0832 value_loss=16147.3763
2026-03-24 20:01:03 [debug    ] agent_trained                  agent=Grace avg_loss=8072.872 epochs=3
2026-03-24 20:01:04 [info     ] epoch_complete                 avg_loss=8074.2339 epoch=1 num_batches=97 policy_loss=1.0828 value_loss=16146.3238
2026-03-24 20:01:04 [info     ] epoch_complete                 avg_loss=8069.4446 epoch=2 num_batches=97 policy_loss=1.0831 value_loss=16136.7449
2026-03-24 20:01:04 [info     ] epoch_complete                 avg_loss=8073.7192 epoch=3 num_batches=97 policy_loss=1.0833 value_loss=16145.2935
2026-03-24 20:01:04 [debug    ] agent_trained                  agent=Hank avg_loss=8072.4659 epochs=3
2026-03-24 20:01:05 [info     ] epoch_complete                 avg_loss=8065.495 epoch=1 num_batches=97 policy_loss=1.083 value_loss=16128.8456
2026-03-24 20:01:06 [info     ] epoch_complete                 avg_loss=8069.8935 epoch=2 num_batches=97 policy_loss=1.0829 value_loss=16137.6428
2026-03-24 20:01:06 [info     ] epoch_complete                 avg_loss=8069.8217 epoch=3 num_batches=97 policy_loss=1.0831 value_loss=16137.4989
2026-03-24 20:01:06 [debug    ] agent_trained                  agent=Ivan avg_loss=8068.4034 epochs=3
2026-03-24 20:01:06 [info     ] winner_weights_shared          alpha=0.5 learners=8 winner=agent_frank
2026-03-24 20:01:06 [info     ] winner_teaches                 winner=Frank wins_this_iteration=3
2026-03-24 20:01:06 [info     ] iteration_complete             best_agent=Alice best_bb_per_100=453.22 iteration=10

=== Agent Leaderboard ===
Rank  Agent      BB/100     Win Rate   Tournaments  Hands     
------------------------------------------------------------
1     Alice        453.22    18.0%         50        684
2     Grace        321.64    16.0%         50        684
3     Hank         291.05    16.0%         50        684
4     Eve          213.86    14.0%         50        684
5     Bob          -53.64    10.0%         50        684
6     Ivan        -169.63     8.0%         50        684
7     Frank       -235.23     8.0%         50        684
8     Carol       -336.26     6.0%         50        684
9     Dave        -485.00     4.0%         50        684

2026-03-24 20:01:06 [info     ] models_saved                   best_agent=Alice best_bb_per_100=453.22 suffix=iter10
2026-03-24 20:01:06 [info     ] iteration_starting             iteration=11
2026-03-24 20:01:06 [debug    ] tournament_starting            tournament_id=selfplay-1eae9701
2026-03-24 20:01:07 [debug    ] tournament_complete            hands=4 tournament_id=selfplay-1eae9701 winner=Frank
2026-03-24 20:01:07 [debug    ] tournament_starting            tournament_id=selfplay-edb25b72
2026-03-24 20:01:07 [debug    ] tournament_complete            hands=3 tournament_id=selfplay-edb25b72 winner=Hank
2026-03-24 20:01:07 [debug    ] tournament_starting            tournament_id=selfplay-81f82a43
2026-03-24 20:01:09 [debug    ] tournament_complete            hands=11 tournament_id=selfplay-81f82a43 winner=Alice
2026-03-24 20:01:09 [debug    ] tournament_starting            tournament_id=selfplay-c78d6787
2026-03-24 20:01:10 [debug    ] tournament_complete            hands=4 tournament_id=selfplay-c78d6787 winner=Bob
2026-03-24 20:01:10 [debug    ] tournament_starting            tournament_id=selfplay-84b89019
2026-03-24 20:01:11 [debug    ] tournament_complete            hands=6 tournament_id=selfplay-84b89019 winner=Bob
2026-03-24 20:01:11 [info     ] training_phase                 iteration=11
2026-03-24 20:01:12 [info     ] epoch_complete                 avg_loss=8586.8058 epoch=1 num_batches=102 policy_loss=1.0841 value_loss=17171.4651
2026-03-24 20:01:12 [info     ] epoch_complete                 avg_loss=8233.754 epoch=2 num_batches=102 policy_loss=1.0841 value_loss=16465.3614
2026-03-24 20:01:13 [info     ] epoch_complete                 avg_loss=8240.9621 epoch=3 num_batches=102 policy_loss=1.084 value_loss=16479.778
2026-03-24 20:01:13 [debug    ] agent_trained                  agent=Alice avg_loss=8353.8407 epochs=3
2026-03-24 20:01:14 [info     ] epoch_complete                 avg_loss=8269.4981 epoch=1 num_batches=102 policy_loss=1.084 value_loss=16536.8501
2026-03-24 20:01:14 [info     ] epoch_complete                 avg_loss=8245.0782 epoch=2 num_batches=102 policy_loss=1.084 value_loss=16488.0101
2026-03-24 20:01:14 [info     ] epoch_complete                 avg_loss=8465.3274 epoch=3 num_batches=102 policy_loss=1.0843 value_loss=16928.5081
2026-03-24 20:01:14 [debug    ] agent_trained                  agent=Bob avg_loss=8326.6346 epochs=3
2026-03-24 20:01:15 [info     ] epoch_complete                 avg_loss=8580.2429 epoch=1 num_batches=102 policy_loss=1.0842 value_loss=17158.3392
2026-03-24 20:01:15 [info     ] epoch_complete                 avg_loss=8234.7461 epoch=2 num_batches=102 policy_loss=1.0841 value_loss=16467.3457
2026-03-24 20:01:16 [info     ] epoch_complete                 avg_loss=8281.7232 epoch=3 num_batches=102 policy_loss=1.0839 value_loss=16561.3003
2026-03-24 20:01:16 [debug    ] agent_trained                  agent=Carol avg_loss=8365.5707 epochs=3
2026-03-24 20:01:17 [info     ] epoch_complete                 avg_loss=8243.4539 epoch=1 num_batches=102 policy_loss=1.0841 value_loss=16484.7614
2026-03-24 20:01:17 [info     ] epoch_complete                 avg_loss=8308.7669 epoch=2 num_batches=102 policy_loss=1.0832 value_loss=16615.3891
2026-03-24 20:01:17 [info     ] epoch_complete                 avg_loss=8264.4944 epoch=3 num_batches=102 policy_loss=1.0844 value_loss=16526.8416
2026-03-24 20:01:17 [debug    ] agent_trained                  agent=Dave avg_loss=8272.2384 epochs=3
2026-03-24 20:01:18 [info     ] epoch_complete                 avg_loss=8274.7084 epoch=1 num_batches=102 policy_loss=1.084 value_loss=16547.2704
2026-03-24 20:01:19 [info     ] epoch_complete                 avg_loss=8233.4573 epoch=2 num_batches=102 policy_loss=1.0838 value_loss=16464.7686
2026-03-24 20:01:19 [info     ] epoch_complete                 avg_loss=8263.4001 epoch=3 num_batches=102 policy_loss=1.0838 value_loss=16524.6543
2026-03-24 20:01:19 [debug    ] agent_trained                  agent=Eve avg_loss=8257.1886 epochs=3
2026-03-24 20:01:20 [info     ] epoch_complete                 avg_loss=8450.979 epoch=1 num_batches=102 policy_loss=1.0848 value_loss=16899.8101
2026-03-24 20:01:20 [info     ] epoch_complete                 avg_loss=8233.5174 epoch=2 num_batches=102 policy_loss=1.0845 value_loss=16464.8875
2026-03-24 20:01:21 [info     ] epoch_complete                 avg_loss=8244.9143 epoch=3 num_batches=102 policy_loss=1.0847 value_loss=16487.6807
2026-03-24 20:01:21 [debug    ] agent_trained                  agent=Frank avg_loss=8309.8036 epochs=3
2026-03-24 20:01:21 [info     ] epoch_complete                 avg_loss=8284.8793 epoch=1 num_batches=102 policy_loss=1.0838 value_loss=16567.6129
2026-03-24 20:01:22 [info     ] epoch_complete                 avg_loss=8467.2943 epoch=2 num_batches=102 policy_loss=1.0841 value_loss=16932.4421
2026-03-24 20:01:22 [info     ] epoch_complete                 avg_loss=8247.2327 epoch=3 num_batches=102 policy_loss=1.0844 value_loss=16492.3184
2026-03-24 20:01:22 [debug    ] agent_trained                  agent=Grace avg_loss=8333.1354 epochs=3
2026-03-24 20:01:23 [info     ] epoch_complete                 avg_loss=8237.4952 epoch=1 num_batches=102 policy_loss=1.0833 value_loss=16472.8456
2026-03-24 20:01:23 [info     ] epoch_complete                 avg_loss=8255.6645 epoch=2 num_batches=102 policy_loss=1.0851 value_loss=16509.1807
2026-03-24 20:01:24 [info     ] epoch_complete                 avg_loss=8578.9187 epoch=3 num_batches=102 policy_loss=1.083 value_loss=17155.6931
2026-03-24 20:01:24 [debug    ] agent_trained                  agent=Hank avg_loss=8357.3595 epochs=3
2026-03-24 20:01:25 [info     ] epoch_complete                 avg_loss=8242.9518 epoch=1 num_batches=102 policy_loss=1.0841 value_loss=16483.7571
2026-03-24 20:01:25 [info     ] epoch_complete                 avg_loss=8241.8619 epoch=2 num_batches=102 policy_loss=1.0837 value_loss=16481.5783
2026-03-24 20:01:26 [info     ] epoch_complete                 avg_loss=8233.4636 epoch=3 num_batches=102 policy_loss=1.0841 value_loss=16464.7808
2026-03-24 20:01:26 [debug    ] agent_trained                  agent=Ivan avg_loss=8239.4258 epochs=3
2026-03-24 20:01:26 [info     ] winner_weights_shared          alpha=0.5 learners=8 winner=agent_bob
2026-03-24 20:01:26 [info     ] winner_teaches                 winner=Bob wins_this_iteration=2
2026-03-24 20:01:26 [info     ] iteration_complete             best_agent=Alice best_bb_per_100=491.57 iteration=11

=== Agent Leaderboard ===
Rank  Agent      BB/100     Win Rate   Tournaments  Hands     
------------------------------------------------------------
1     Alice        491.57    18.2%         55        712
2     Hank         335.79    16.4%         55        712
3     Grace        238.76    14.5%         55        712
4     Eve          135.22    12.7%         55        712
5     Bob          131.05    12.7%         55        712
6     Frank       -169.80     9.1%         55        712
7     Ivan        -233.19     7.3%         55        712
8     Carol       -393.26     5.5%         55        712
9     Dave        -536.15     3.6%         55        712

2026-03-24 20:01:26 [info     ] iteration_starting             iteration=12
2026-03-24 20:01:26 [debug    ] tournament_starting            tournament_id=selfplay-11501d63
2026-03-24 20:01:26 [debug    ] tournament_complete            hands=4 tournament_id=selfplay-11501d63 winner=Dave
2026-03-24 20:01:26 [debug    ] tournament_starting            tournament_id=selfplay-7f3a14ae
2026-03-24 20:01:27 [debug    ] tournament_complete            hands=4 tournament_id=selfplay-7f3a14ae winner=Hank
2026-03-24 20:01:27 [debug    ] tournament_starting            tournament_id=selfplay-55ba71fd
2026-03-24 20:01:29 [debug    ] tournament_complete            hands=7 tournament_id=selfplay-55ba71fd winner=Alice
2026-03-24 20:01:29 [debug    ] tournament_starting            tournament_id=selfplay-2b54460a
2026-03-24 20:01:30 [debug    ] tournament_complete            hands=5 tournament_id=selfplay-2b54460a winner=Alice
2026-03-24 20:01:30 [debug    ] tournament_starting            tournament_id=selfplay-672d3812
2026-03-24 20:01:33 [debug    ] tournament_complete            hands=20 tournament_id=selfplay-672d3812 winner=Frank
2026-03-24 20:01:33 [info     ] training_phase                 iteration=12
2026-03-24 20:01:34 [info     ] epoch_complete                 avg_loss=8958.571 epoch=1 num_batches=109 policy_loss=1.0853 value_loss=17914.9932
2026-03-24 20:01:34 [info     ] epoch_complete                 avg_loss=8967.3485 epoch=2 num_batches=109 policy_loss=1.0859 value_loss=17932.547
2026-03-24 20:01:34 [info     ] epoch_complete                 avg_loss=8996.5865 epoch=3 num_batches=109 policy_loss=1.0844 value_loss=17991.0259
2026-03-24 20:01:34 [debug    ] agent_trained                  agent=Alice avg_loss=8974.1687 epochs=3
2026-03-24 20:01:35 [info     ] epoch_complete                 avg_loss=8962.7985 epoch=1 num_batches=109 policy_loss=1.0851 value_loss=17923.4485
2026-03-24 20:01:35 [info     ] epoch_complete                 avg_loss=8999.881 epoch=2 num_batches=109 policy_loss=1.0844 value_loss=17997.6149
2026-03-24 20:01:36 [info     ] epoch_complete                 avg_loss=8988.575 epoch=3 num_batches=109 policy_loss=1.0858 value_loss=17975.0002
2026-03-24 20:01:36 [debug    ] agent_trained                  agent=Bob avg_loss=8983.7515 epochs=3
2026-03-24 20:01:36 [info     ] epoch_complete                 avg_loss=8957.7544 epoch=1 num_batches=109 policy_loss=1.0848 value_loss=17913.3609
2026-03-24 20:01:36 [info     ] epoch_complete                 avg_loss=9003.3145 epoch=2 num_batches=109 policy_loss=1.0848 value_loss=18004.4812
2026-03-24 20:01:37 [info     ] epoch_complete                 avg_loss=8961.021 epoch=3 num_batches=109 policy_loss=1.0852 value_loss=17919.8933
2026-03-24 20:01:37 [debug    ] agent_trained                  agent=Carol avg_loss=8974.03 epochs=3
2026-03-24 20:01:37 [info     ] epoch_complete                 avg_loss=8960.235 epoch=1 num_batches=109 policy_loss=1.0853 value_loss=17918.3212
2026-03-24 20:01:38 [info     ] epoch_complete                 avg_loss=8987.5568 epoch=2 num_batches=109 policy_loss=1.0853 value_loss=17972.9649
2026-03-24 20:01:38 [info     ] epoch_complete                 avg_loss=8984.7646 epoch=3 num_batches=109 policy_loss=1.0853 value_loss=17967.3803
2026-03-24 20:01:38 [debug    ] agent_trained                  agent=Dave avg_loss=8977.5188 epochs=3
2026-03-24 20:01:39 [info     ] epoch_complete                 avg_loss=8985.8433 epoch=1 num_batches=109 policy_loss=1.0849 value_loss=17969.5386
2026-03-24 20:01:39 [info     ] epoch_complete                 avg_loss=8979.5436 epoch=2 num_batches=109 policy_loss=1.0855 value_loss=17956.938
2026-03-24 20:01:40 [info     ] epoch_complete                 avg_loss=8986.3281 epoch=3 num_batches=109 policy_loss=1.0853 value_loss=17970.5075
2026-03-24 20:01:40 [debug    ] agent_trained                  agent=Eve avg_loss=8983.905 epochs=3
2026-03-24 20:01:40 [info     ] epoch_complete                 avg_loss=8985.3259 epoch=1 num_batches=109 policy_loss=1.0849 value_loss=17968.5038
2026-03-24 20:01:40 [info     ] epoch_complete                 avg_loss=8972.8744 epoch=2 num_batches=109 policy_loss=1.0849 value_loss=17943.6006
2026-03-24 20:01:41 [info     ] epoch_complete                 avg_loss=9013.6309 epoch=3 num_batches=109 policy_loss=1.0847 value_loss=18025.1143
2026-03-24 20:01:41 [debug    ] agent_trained                  agent=Frank avg_loss=8990.6104 epochs=3
2026-03-24 20:01:41 [info     ] epoch_complete                 avg_loss=8957.0266 epoch=1 num_batches=109 policy_loss=1.0848 value_loss=17911.9052
2026-03-24 20:01:42 [info     ] epoch_complete                 avg_loss=8966.3873 epoch=2 num_batches=109 policy_loss=1.085 value_loss=17930.6263
2026-03-24 20:01:42 [info     ] epoch_complete                 avg_loss=9021.7052 epoch=3 num_batches=109 policy_loss=1.0842 value_loss=18041.2637
2026-03-24 20:01:42 [debug    ] agent_trained                  agent=Grace avg_loss=8981.7063 epochs=3
2026-03-24 20:01:43 [info     ] epoch_complete                 avg_loss=9013.5078 epoch=1 num_batches=109 policy_loss=1.0849 value_loss=18024.8676
2026-03-24 20:01:43 [info     ] epoch_complete                 avg_loss=8956.5516 epoch=2 num_batches=109 policy_loss=1.0853 value_loss=17910.9543
2026-03-24 20:01:44 [info     ] epoch_complete                 avg_loss=8990.7272 epoch=3 num_batches=109 policy_loss=1.0855 value_loss=17979.3051
2026-03-24 20:01:44 [debug    ] agent_trained                  agent=Hank avg_loss=8986.9289 epochs=3
2026-03-24 20:01:44 [info     ] epoch_complete                 avg_loss=8959.3587 epoch=1 num_batches=109 policy_loss=1.0849 value_loss=17916.5693
2026-03-24 20:01:44 [info     ] epoch_complete                 avg_loss=8954.3662 epoch=2 num_batches=109 policy_loss=1.0848 value_loss=17906.5844
2026-03-24 20:01:45 [info     ] epoch_complete                 avg_loss=9044.3216 epoch=3 num_batches=109 policy_loss=1.0849 value_loss=18086.4951
2026-03-24 20:01:45 [debug    ] agent_trained                  agent=Ivan avg_loss=8986.0155 epochs=3
2026-03-24 20:01:45 [info     ] winner_weights_shared          alpha=0.5 learners=8 winner=agent_alice
2026-03-24 20:01:45 [info     ] winner_teaches                 winner=Alice wins_this_iteration=2
2026-03-24 20:01:45 [info     ] iteration_complete             best_agent=Alice best_bb_per_100=638.3 iteration=12

=== Agent Leaderboard ===
Rank  Agent      BB/100     Win Rate   Tournaments  Hands     
------------------------------------------------------------
1     Alice        638.30    20.0%         60        752
2     Hank         371.12    16.7%         60        752
3     Grace        159.57    13.3%         60        752
4     Eve           61.54    11.7%         60        752
5     Bob           57.59    11.7%         60        752
6     Frank       -107.58    10.0%         60        752
7     Ivan        -287.27     6.7%         60        752
8     Carol       -438.83     5.0%         60        752
9     Dave        -454.44     5.0%         60        752

2026-03-24 20:01:45 [info     ] iteration_starting             iteration=13
2026-03-24 20:01:45 [debug    ] tournament_starting            tournament_id=selfplay-2f03d856
2026-03-24 20:01:46 [debug    ] tournament_complete            hands=3 tournament_id=selfplay-2f03d856 winner=Bob
2026-03-24 20:01:46 [debug    ] tournament_starting            tournament_id=selfplay-341740af
2026-03-24 20:01:46 [debug    ] tournament_complete            hands=3 tournament_id=selfplay-341740af winner=Hank
2026-03-24 20:01:46 [debug    ] tournament_starting            tournament_id=selfplay-50557898
2026-03-24 20:01:47 [debug    ] tournament_complete            hands=3 tournament_id=selfplay-50557898 winner=Carol
2026-03-24 20:01:47 [debug    ] tournament_starting            tournament_id=selfplay-8c25ab19
2026-03-24 20:01:48 [debug    ] tournament_complete            hands=4 tournament_id=selfplay-8c25ab19 winner=Dave
2026-03-24 20:01:48 [debug    ] tournament_starting            tournament_id=selfplay-1262f5ce
2026-03-24 20:01:48 [debug    ] tournament_complete            hands=4 tournament_id=selfplay-1262f5ce winner=Alice
2026-03-24 20:01:48 [info     ] training_phase                 iteration=13
2026-03-24 20:01:49 [info     ] epoch_complete                 avg_loss=9702.456 epoch=1 num_batches=112 policy_loss=1.0854 value_loss=19402.763
2026-03-24 20:01:49 [info     ] epoch_complete                 avg_loss=9701.7815 epoch=2 num_batches=112 policy_loss=1.0848 value_loss=19401.4152
2026-03-24 20:01:50 [info     ] epoch_complete                 avg_loss=9699.7639 epoch=3 num_batches=112 policy_loss=1.0855 value_loss=19397.3784
2026-03-24 20:01:50 [debug    ] agent_trained                  agent=Alice avg_loss=9701.3338 epochs=3
2026-03-24 20:01:50 [info     ] epoch_complete                 avg_loss=9709.7103 epoch=1 num_batches=112 policy_loss=1.0846 value_loss=19417.2732
2026-03-24 20:01:51 [info     ] epoch_complete                 avg_loss=9703.729 epoch=2 num_batches=112 policy_loss=1.0851 value_loss=19405.3096
2026-03-24 20:01:51 [info     ] epoch_complete                 avg_loss=9704.5637 epoch=3 num_batches=112 policy_loss=1.0852 value_loss=19406.9787
2026-03-24 20:01:51 [debug    ] agent_trained                  agent=Bob avg_loss=9706.001 epochs=3
2026-03-24 20:01:52 [info     ] epoch_complete                 avg_loss=9710.2227 epoch=1 num_batches=112 policy_loss=1.0854 value_loss=19418.2965
2026-03-24 20:01:52 [info     ] epoch_complete                 avg_loss=9704.9505 epoch=2 num_batches=112 policy_loss=1.0854 value_loss=19407.752
2026-03-24 20:01:52 [info     ] epoch_complete                 avg_loss=9703.0474 epoch=3 num_batches=112 policy_loss=1.0847 value_loss=19403.947
2026-03-24 20:01:52 [debug    ] agent_trained                  agent=Carol avg_loss=9706.0735 epochs=3
2026-03-24 20:01:53 [info     ] epoch_complete                 avg_loss=9701.3924 epoch=1 num_batches=112 policy_loss=1.0857 value_loss=19400.6351
2026-03-24 20:01:53 [info     ] epoch_complete                 avg_loss=9698.7028 epoch=2 num_batches=112 policy_loss=1.0851 value_loss=19395.2573
2026-03-24 20:01:53 [info     ] epoch_complete                 avg_loss=9715.6544 epoch=3 num_batches=112 policy_loss=1.0847 value_loss=19429.1613
2026-03-24 20:01:53 [debug    ] agent_trained                  agent=Dave avg_loss=9705.2499 epochs=3
2026-03-24 20:01:54 [info     ] epoch_complete                 avg_loss=9703.8832 epoch=1 num_batches=112 policy_loss=1.0852 value_loss=19405.6177
2026-03-24 20:01:54 [info     ] epoch_complete                 avg_loss=9710.1605 epoch=2 num_batches=112 policy_loss=1.0848 value_loss=19418.1731
2026-03-24 20:01:55 [info     ] epoch_complete                 avg_loss=9700.3176 epoch=3 num_batches=112 policy_loss=1.0852 value_loss=19398.4864
2026-03-24 20:01:55 [debug    ] agent_trained                  agent=Eve avg_loss=9704.7871 epochs=3
2026-03-24 20:01:56 [info     ] epoch_complete                 avg_loss=9697.2353 epoch=1 num_batches=112 policy_loss=1.0857 value_loss=19392.321
2026-03-24 20:01:56 [info     ] epoch_complete                 avg_loss=9700.1748 epoch=2 num_batches=112 policy_loss=1.0853 value_loss=19398.2006
2026-03-24 20:01:56 [info     ] epoch_complete                 avg_loss=9698.8934 epoch=3 num_batches=112 policy_loss=1.0856 value_loss=19395.6373
2026-03-24 20:01:56 [debug    ] agent_trained                  agent=Frank avg_loss=9698.7678 epochs=3
2026-03-24 20:01:57 [info     ] epoch_complete                 avg_loss=9706.7101 epoch=1 num_batches=112 policy_loss=1.085 value_loss=19411.272
2026-03-24 20:01:57 [info     ] epoch_complete                 avg_loss=9701.6741 epoch=2 num_batches=112 policy_loss=1.0854 value_loss=19401.1993
2026-03-24 20:01:57 [info     ] epoch_complete                 avg_loss=9706.5991 epoch=3 num_batches=112 policy_loss=1.0853 value_loss=19411.0493
2026-03-24 20:01:57 [debug    ] agent_trained                  agent=Grace avg_loss=9704.9944 epochs=3
2026-03-24 20:01:58 [info     ] epoch_complete                 avg_loss=9698.9313 epoch=1 num_batches=112 policy_loss=1.0852 value_loss=19395.7141
2026-03-24 20:01:58 [info     ] epoch_complete                 avg_loss=9702.3745 epoch=2 num_batches=112 policy_loss=1.0852 value_loss=19402.6003
2026-03-24 20:01:59 [info     ] epoch_complete                 avg_loss=9698.479 epoch=3 num_batches=112 policy_loss=1.0851 value_loss=19394.8096
2026-03-24 20:01:59 [debug    ] agent_trained                  agent=Hank avg_loss=9699.9283 epochs=3
2026-03-24 20:01:59 [info     ] epoch_complete                 avg_loss=9700.9409 epoch=1 num_batches=112 policy_loss=1.0852 value_loss=19399.7332
2026-03-24 20:02:00 [info     ] epoch_complete                 avg_loss=9708.9579 epoch=2 num_batches=112 policy_loss=1.0851 value_loss=19415.7674
2026-03-24 20:02:00 [info     ] epoch_complete                 avg_loss=9706.8173 epoch=3 num_batches=112 policy_loss=1.0859 value_loss=19411.4846
2026-03-24 20:02:00 [debug    ] agent_trained                  agent=Ivan avg_loss=9705.572 epochs=3
2026-03-24 20:02:00 [info     ] winner_weights_shared          alpha=0.5 learners=8 winner=agent_bob
2026-03-24 20:02:00 [info     ] winner_teaches                 winner=Bob wins_this_iteration=1
2026-03-24 20:02:00 [info     ] iteration_complete             best_agent=Alice best_bb_per_100=676.2 iteration=13

=== Agent Leaderboard ===
Rank  Agent      BB/100     Win Rate   Tournaments  Hands     
------------------------------------------------------------
1     Alice        676.20    20.0%         65        769
2     Hank         414.93    16.9%         65        769
3     Bob          108.34    12.3%         65        769
4     Grace         91.03    12.3%         65        769
5     Eve           -4.84    10.8%         65        769
6     Frank       -170.22     9.2%         65        769
7     Ivan        -345.94     6.2%         65        769
8     Carol       -377.11     6.2%         65        769
9     Dave        -392.38     6.2%         65        769

2026-03-24 20:02:00 [info     ] iteration_starting             iteration=14
2026-03-24 20:02:00 [debug    ] tournament_starting            tournament_id=selfplay-06ca0546
2026-03-24 20:02:02 [debug    ] tournament_complete            hands=13 tournament_id=selfplay-06ca0546 winner=Alice
2026-03-24 20:02:02 [debug    ] tournament_starting            tournament_id=selfplay-329462b7
2026-03-24 20:02:03 [debug    ] tournament_complete            hands=5 tournament_id=selfplay-329462b7 winner=Dave
2026-03-24 20:02:03 [debug    ] tournament_starting            tournament_id=selfplay-bda44854
2026-03-24 20:02:05 [debug    ] tournament_complete            hands=8 tournament_id=selfplay-bda44854 winner=Dave
2026-03-24 20:02:05 [debug    ] tournament_starting            tournament_id=selfplay-69dcc257
2026-03-24 20:02:05 [debug    ] tournament_complete            hands=5 tournament_id=selfplay-69dcc257 winner=Ivan
2026-03-24 20:02:05 [debug    ] tournament_starting            tournament_id=selfplay-4e01f7ad
2026-03-24 20:02:06 [debug    ] tournament_complete            hands=4 tournament_id=selfplay-4e01f7ad winner=Carol
2026-03-24 20:02:06 [info     ] training_phase                 iteration=14
2026-03-24 20:02:07 [info     ] epoch_complete                 avg_loss=10088.2211 epoch=1 num_batches=118 policy_loss=1.0855 value_loss=20174.2929
2026-03-24 20:02:07 [info     ] epoch_complete                 avg_loss=10081.787 epoch=2 num_batches=118 policy_loss=1.0856 value_loss=20161.4248
2026-03-24 20:02:08 [info     ] epoch_complete                 avg_loss=10119.465 epoch=3 num_batches=118 policy_loss=1.0859 value_loss=20236.7801
2026-03-24 20:02:08 [debug    ] agent_trained                  agent=Alice avg_loss=10096.491 epochs=3
2026-03-24 20:02:08 [info     ] epoch_complete                 avg_loss=10107.587 epoch=1 num_batches=118 policy_loss=1.0858 value_loss=20213.0242
2026-03-24 20:02:08 [info     ] epoch_complete                 avg_loss=10092.1487 epoch=2 num_batches=118 policy_loss=1.0856 value_loss=20182.148
2026-03-24 20:02:09 [info     ] epoch_complete                 avg_loss=10109.0619 epoch=3 num_batches=118 policy_loss=1.0852 value_loss=20215.9754
2026-03-24 20:02:09 [debug    ] agent_trained                  agent=Bob avg_loss=10102.9325 epochs=3
2026-03-24 20:02:10 [info     ] epoch_complete                 avg_loss=10116.9681 epoch=1 num_batches=118 policy_loss=1.0859 value_loss=20231.7862
2026-03-24 20:02:10 [info     ] epoch_complete                 avg_loss=10169.2819 epoch=2 num_batches=118 policy_loss=1.0861 value_loss=20336.4135
2026-03-24 20:02:11 [info     ] epoch_complete                 avg_loss=10099.5764 epoch=3 num_batches=118 policy_loss=1.0855 value_loss=20197.0035
2026-03-24 20:02:11 [debug    ] agent_trained                  agent=Carol avg_loss=10128.6088 epochs=3
2026-03-24 20:02:12 [info     ] epoch_complete                 avg_loss=10122.0108 epoch=1 num_batches=118 policy_loss=1.0854 value_loss=20241.8726
2026-03-24 20:02:12 [info     ] epoch_complete                 avg_loss=10079.5322 epoch=2 num_batches=118 policy_loss=1.0855 value_loss=20156.9151
2026-03-24 20:02:12 [info     ] epoch_complete                 avg_loss=10104.8512 epoch=3 num_batches=118 policy_loss=1.0859 value_loss=20207.5525
2026-03-24 20:02:12 [debug    ] agent_trained                  agent=Dave avg_loss=10102.1314 epochs=3
2026-03-24 20:02:13 [info     ] epoch_complete                 avg_loss=10114.3132 epoch=1 num_batches=118 policy_loss=1.0857 value_loss=20226.4769
2026-03-24 20:02:13 [info     ] epoch_complete                 avg_loss=10118.4446 epoch=2 num_batches=118 policy_loss=1.0857 value_loss=20234.7396
2026-03-24 20:02:14 [info     ] epoch_complete                 avg_loss=10123.3386 epoch=3 num_batches=118 policy_loss=1.086 value_loss=20244.5272
2026-03-24 20:02:14 [debug    ] agent_trained                  agent=Eve avg_loss=10118.6988 epochs=3
2026-03-24 20:02:14 [info     ] epoch_complete                 avg_loss=10117.8477 epoch=1 num_batches=118 policy_loss=1.0858 value_loss=20233.5457
2026-03-24 20:02:14 [info     ] epoch_complete                 avg_loss=10148.3551 epoch=2 num_batches=118 policy_loss=1.0858 value_loss=20294.5603
2026-03-24 20:02:15 [info     ] epoch_complete                 avg_loss=10080.4383 epoch=3 num_batches=118 policy_loss=1.0862 value_loss=20158.7262
2026-03-24 20:02:15 [debug    ] agent_trained                  agent=Frank avg_loss=10115.547 epochs=3
2026-03-24 20:02:16 [info     ] epoch_complete                 avg_loss=10110.3774 epoch=1 num_batches=118 policy_loss=1.085 value_loss=20218.6067
2026-03-24 20:02:16 [info     ] epoch_complete                 avg_loss=10109.9299 epoch=2 num_batches=118 policy_loss=1.0859 value_loss=20217.7099
2026-03-24 20:02:17 [info     ] epoch_complete                 avg_loss=10077.8057 epoch=3 num_batches=118 policy_loss=1.0858 value_loss=20153.4615
2026-03-24 20:02:17 [debug    ] agent_trained                  agent=Grace avg_loss=10099.371 epochs=3
2026-03-24 20:02:18 [info     ] epoch_complete                 avg_loss=10152.5172 epoch=1 num_batches=118 policy_loss=1.0858 value_loss=20302.8848
2026-03-24 20:02:18 [info     ] epoch_complete                 avg_loss=10107.1648 epoch=2 num_batches=118 policy_loss=1.0855 value_loss=20212.1803
2026-03-24 20:02:18 [info     ] epoch_complete                 avg_loss=10081.8182 epoch=3 num_batches=118 policy_loss=1.0853 value_loss=20161.4877
2026-03-24 20:02:18 [debug    ] agent_trained                  agent=Hank avg_loss=10113.8334 epochs=3
2026-03-24 20:02:19 [info     ] epoch_complete                 avg_loss=10172.3901 epoch=1 num_batches=118 policy_loss=1.0866 value_loss=20342.6286
2026-03-24 20:02:20 [info     ] epoch_complete                 avg_loss=10110.8432 epoch=2 num_batches=118 policy_loss=1.086 value_loss=20219.5361
2026-03-24 20:02:20 [info     ] epoch_complete                 avg_loss=10087.2496 epoch=3 num_batches=118 policy_loss=1.086 value_loss=20172.349
2026-03-24 20:02:20 [debug    ] agent_trained                  agent=Ivan avg_loss=10123.4943 epochs=3
2026-03-24 20:02:20 [info     ] winner_weights_shared          alpha=0.5 learners=8 winner=agent_dave
2026-03-24 20:02:20 [info     ] winner_teaches                 winner=Dave wins_this_iteration=2
2026-03-24 20:02:20 [info     ] iteration_complete             best_agent=Alice best_bb_per_100=696.52 iteration=14

=== Agent Leaderboard ===
Rank  Agent      BB/100     Win Rate   Tournaments  Hands     
------------------------------------------------------------
1     Alice        696.52    20.0%         70        804
2     Hank         334.68    15.7%         70        804
3     Bob           41.43    11.4%         70        804
4     Grace         24.88    11.4%         70        804
5     Eve          -66.82    10.0%         70        804
6     Dave        -213.61     8.6%         70        804
7     Frank       -225.00     8.6%         70        804
8     Ivan        -281.13     7.1%         70        804
9     Carol       -310.95     7.1%         70        804

2026-03-24 20:02:20 [info     ] iteration_starting             iteration=15
2026-03-24 20:02:20 [debug    ] tournament_starting            tournament_id=selfplay-b946ef2b
2026-03-24 20:02:22 [debug    ] tournament_complete            hands=6 tournament_id=selfplay-b946ef2b winner=Frank
2026-03-24 20:02:22 [debug    ] tournament_starting            tournament_id=selfplay-aa9b9821
2026-03-24 20:02:22 [debug    ] tournament_complete            hands=3 tournament_id=selfplay-aa9b9821 winner=Grace
2026-03-24 20:02:22 [debug    ] tournament_starting            tournament_id=selfplay-2e87719c
2026-03-24 20:02:23 [debug    ] tournament_complete            hands=3 tournament_id=selfplay-2e87719c winner=Alice
2026-03-24 20:02:23 [debug    ] tournament_starting            tournament_id=selfplay-91f5b597
2026-03-24 20:02:24 [debug    ] tournament_complete            hands=3 tournament_id=selfplay-91f5b597 winner=Bob
2026-03-24 20:02:24 [debug    ] tournament_starting            tournament_id=selfplay-03121cb2
2026-03-24 20:02:25 [debug    ] tournament_complete            hands=6 tournament_id=selfplay-03121cb2 winner=Bob
2026-03-24 20:02:25 [info     ] training_phase                 iteration=15
2026-03-24 20:02:26 [info     ] epoch_complete                 avg_loss=10603.4979 epoch=1 num_batches=123 policy_loss=1.0859 value_loss=21204.8458
2026-03-24 20:02:26 [info     ] epoch_complete                 avg_loss=10683.9828 epoch=2 num_batches=123 policy_loss=1.0861 value_loss=21365.8152
2026-03-24 20:02:27 [info     ] epoch_complete                 avg_loss=10660.7244 epoch=3 num_batches=123 policy_loss=1.0861 value_loss=21319.2985
2026-03-24 20:02:27 [debug    ] agent_trained                  agent=Alice avg_loss=10649.4017 epochs=3
2026-03-24 20:02:27 [info     ] epoch_complete                 avg_loss=10615.3335 epoch=1 num_batches=123 policy_loss=1.0863 value_loss=21228.5163
2026-03-24 20:02:28 [info     ] epoch_complete                 avg_loss=10589.8526 epoch=2 num_batches=123 policy_loss=1.086 value_loss=21177.5553
2026-03-24 20:02:28 [info     ] epoch_complete                 avg_loss=10627.8176 epoch=3 num_batches=123 policy_loss=1.0853 value_loss=21253.4864
2026-03-24 20:02:28 [debug    ] agent_trained                  agent=Bob avg_loss=10611.0012 epochs=3
2026-03-24 20:02:28 [info     ] epoch_complete                 avg_loss=10572.5897 epoch=1 num_batches=123 policy_loss=1.0856 value_loss=21143.0301
2026-03-24 20:02:29 [info     ] epoch_complete                 avg_loss=10561.708 epoch=2 num_batches=123 policy_loss=1.086 value_loss=21121.2658
2026-03-24 20:02:29 [info     ] epoch_complete                 avg_loss=10569.9321 epoch=3 num_batches=123 policy_loss=1.0863 value_loss=21137.7133
2026-03-24 20:02:29 [debug    ] agent_trained                  agent=Carol avg_loss=10568.0766 epochs=3
2026-03-24 20:02:30 [info     ] epoch_complete                 avg_loss=10623.0706 epoch=1 num_batches=123 policy_loss=1.0864 value_loss=21243.9903
2026-03-24 20:02:30 [info     ] epoch_complete                 avg_loss=10600.1497 epoch=2 num_batches=123 policy_loss=1.086 value_loss=21198.1494
2026-03-24 20:02:30 [info     ] epoch_complete                 avg_loss=10596.516 epoch=3 num_batches=123 policy_loss=1.0858 value_loss=21190.8823
2026-03-24 20:02:30 [debug    ] agent_trained                  agent=Dave avg_loss=10606.5788 epochs=3
2026-03-24 20:02:31 [info     ] epoch_complete                 avg_loss=10562.336 epoch=1 num_batches=123 policy_loss=1.0861 value_loss=21122.5217
2026-03-24 20:02:32 [info     ] epoch_complete                 avg_loss=10692.0976 epoch=2 num_batches=123 policy_loss=1.0862 value_loss=21382.0449
2026-03-24 20:02:32 [info     ] epoch_complete                 avg_loss=10602.8752 epoch=3 num_batches=123 policy_loss=1.0865 value_loss=21203.5994
2026-03-24 20:02:32 [debug    ] agent_trained                  agent=Eve avg_loss=10619.103 epochs=3
2026-03-24 20:02:33 [info     ] epoch_complete                 avg_loss=10560.9225 epoch=1 num_batches=123 policy_loss=1.0856 value_loss=21119.6955
2026-03-24 20:02:34 [info     ] epoch_complete                 avg_loss=10562.6918 epoch=2 num_batches=123 policy_loss=1.086 value_loss=21123.2335
2026-03-24 20:02:34 [info     ] epoch_complete                 avg_loss=10615.7002 epoch=3 num_batches=123 policy_loss=1.0856 value_loss=21229.2511
2026-03-24 20:02:34 [debug    ] agent_trained                  agent=Frank avg_loss=10579.7715 epochs=3
2026-03-24 20:02:35 [info     ] epoch_complete                 avg_loss=10610.7743 epoch=1 num_batches=123 policy_loss=1.086 value_loss=21219.3986
2026-03-24 20:02:36 [info     ] epoch_complete                 avg_loss=10596.8516 epoch=2 num_batches=123 policy_loss=1.0856 value_loss=21191.5538
2026-03-24 20:02:36 [info     ] epoch_complete                 avg_loss=10585.4163 epoch=3 num_batches=123 policy_loss=1.0861 value_loss=21168.6822
2026-03-24 20:02:36 [debug    ] agent_trained                  agent=Grace avg_loss=10597.6807 epochs=3
2026-03-24 20:02:37 [info     ] epoch_complete                 avg_loss=10592.9294 epoch=1 num_batches=123 policy_loss=1.0863 value_loss=21183.7081
2026-03-24 20:02:38 [info     ] epoch_complete                 avg_loss=10561.2196 epoch=2 num_batches=123 policy_loss=1.0859 value_loss=21120.2893
2026-03-24 20:02:38 [info     ] epoch_complete                 avg_loss=10588.1057 epoch=3 num_batches=123 policy_loss=1.0865 value_loss=21174.0602
2026-03-24 20:02:38 [debug    ] agent_trained                  agent=Hank avg_loss=10580.7516 epochs=3
2026-03-24 20:02:39 [info     ] epoch_complete                 avg_loss=10562.2528 epoch=1 num_batches=123 policy_loss=1.0857 value_loss=21122.3561
2026-03-24 20:02:39 [info     ] epoch_complete                 avg_loss=10601.5124 epoch=2 num_batches=123 policy_loss=1.0861 value_loss=21200.8745
2026-03-24 20:02:40 [info     ] epoch_complete                 avg_loss=10613.5078 epoch=3 num_batches=123 policy_loss=1.0864 value_loss=21224.8647
2026-03-24 20:02:40 [debug    ] agent_trained                  agent=Ivan avg_loss=10592.4243 epochs=3
2026-03-24 20:02:40 [info     ] winner_weights_shared          alpha=0.5 learners=8 winner=agent_bob
2026-03-24 20:02:40 [info     ] winner_teaches                 winner=Bob wins_this_iteration=2
2026-03-24 20:02:40 [info     ] iteration_complete             best_agent=Alice best_bb_per_100=727.27 iteration=15

=== Agent Leaderboard ===
Rank  Agent      BB/100     Win Rate   Tournaments  Hands     
------------------------------------------------------------
1     Alice        727.27    20.0%         75        825
2     Hank         265.55    14.7%         75        825
3     Bob          197.95    13.3%         75        825
4     Grace         72.73    12.0%         75        825
5     Eve         -125.72     9.3%         75        825
6     Frank       -170.79     9.3%         75        825
7     Dave        -268.78     8.0%         75        825
8     Ivan        -334.58     6.7%         75        825
9     Carol       -363.64     6.7%         75        825

2026-03-24 20:02:40 [info     ] models_saved                   best_agent=Alice best_bb_per_100=727.27 suffix=iter15
2026-03-24 20:02:40 [info     ] iteration_starting             iteration=16
2026-03-24 20:02:40 [debug    ] tournament_starting            tournament_id=selfplay-319b9a06
2026-03-24 20:02:41 [debug    ] tournament_complete            hands=4 tournament_id=selfplay-319b9a06 winner=Hank
2026-03-24 20:02:41 [debug    ] tournament_starting            tournament_id=selfplay-b4a02562
2026-03-24 20:02:42 [debug    ] tournament_complete            hands=6 tournament_id=selfplay-b4a02562 winner=Bob
2026-03-24 20:02:42 [debug    ] tournament_starting            tournament_id=selfplay-b014fe44
2026-03-24 20:02:43 [debug    ] tournament_complete            hands=8 tournament_id=selfplay-b014fe44 winner=Bob
2026-03-24 20:02:43 [debug    ] tournament_starting            tournament_id=selfplay-b4490fe9
2026-03-24 20:02:44 [debug    ] tournament_complete            hands=4 tournament_id=selfplay-b4490fe9 winner=Bob
2026-03-24 20:02:44 [debug    ] tournament_starting            tournament_id=selfplay-9f88b0ff
2026-03-24 20:02:44 [debug    ] tournament_complete            hands=3 tournament_id=selfplay-9f88b0ff winner=Grace
2026-03-24 20:02:44 [info     ] training_phase                 iteration=16
2026-03-24 20:02:45 [info     ] epoch_complete                 avg_loss=10937.0573 epoch=1 num_batches=127 policy_loss=1.0864 value_loss=21871.9637
2026-03-24 20:02:46 [info     ] epoch_complete                 avg_loss=10947.2055 epoch=2 num_batches=127 policy_loss=1.0858 value_loss=21892.2611
2026-03-24 20:02:46 [info     ] epoch_complete                 avg_loss=10935.3078 epoch=3 num_batches=127 policy_loss=1.0863 value_loss=21868.465
2026-03-24 20:02:46 [debug    ] agent_trained                  agent=Alice avg_loss=10939.8569 epochs=3
2026-03-24 20:02:47 [info     ] epoch_complete                 avg_loss=10991.3877 epoch=1 num_batches=127 policy_loss=1.0864 value_loss=21980.6245
2026-03-24 20:02:48 [info     ] epoch_complete                 avg_loss=10964.9772 epoch=2 num_batches=127 policy_loss=1.0874 value_loss=21927.8018
2026-03-24 20:02:48 [info     ] epoch_complete                 avg_loss=10940.1277 epoch=3 num_batches=127 policy_loss=1.0866 value_loss=21878.1043
2026-03-24 20:02:48 [debug    ] agent_trained                  agent=Bob avg_loss=10965.4976 epochs=3
2026-03-24 20:02:49 [info     ] epoch_complete                 avg_loss=10954.3627 epoch=1 num_batches=127 policy_loss=1.0865 value_loss=21906.5742
2026-03-24 20:02:50 [info     ] epoch_complete                 avg_loss=10961.9903 epoch=2 num_batches=127 policy_loss=1.0863 value_loss=21921.8296
2026-03-24 20:02:50 [info     ] epoch_complete                 avg_loss=10940.5489 epoch=3 num_batches=127 policy_loss=1.0861 value_loss=21878.9475
2026-03-24 20:02:50 [debug    ] agent_trained                  agent=Carol avg_loss=10952.3006 epochs=3
2026-03-24 20:02:51 [info     ] epoch_complete                 avg_loss=10951.2942 epoch=1 num_batches=127 policy_loss=1.0871 value_loss=21900.4362
2026-03-24 20:02:51 [info     ] epoch_complete                 avg_loss=10988.8191 epoch=2 num_batches=127 policy_loss=1.0862 value_loss=21975.4877
2026-03-24 20:02:52 [info     ] epoch_complete                 avg_loss=10945.5243 epoch=3 num_batches=127 policy_loss=1.0865 value_loss=21888.8973
2026-03-24 20:02:52 [debug    ] agent_trained                  agent=Dave avg_loss=10961.8792 epochs=3
2026-03-24 20:02:52 [info     ] epoch_complete                 avg_loss=10941.4353 epoch=1 num_batches=127 policy_loss=1.0862 value_loss=21880.72
2026-03-24 20:02:53 [info     ] epoch_complete                 avg_loss=10944.0011 epoch=2 num_batches=127 policy_loss=1.0861 value_loss=21885.8518
2026-03-24 20:02:53 [info     ] epoch_complete                 avg_loss=10961.6457 epoch=3 num_batches=127 policy_loss=1.0861 value_loss=21921.141
2026-03-24 20:02:53 [debug    ] agent_trained                  agent=Eve avg_loss=10949.0274 epochs=3
2026-03-24 20:02:54 [info     ] epoch_complete                 avg_loss=10954.8164 epoch=1 num_batches=127 policy_loss=1.0862 value_loss=21907.4824
2026-03-24 20:02:54 [info     ] epoch_complete                 avg_loss=11006.5974 epoch=2 num_batches=127 policy_loss=1.0862 value_loss=22011.0443
2026-03-24 20:02:55 [info     ] epoch_complete                 avg_loss=10998.701 epoch=3 num_batches=127 policy_loss=1.0864 value_loss=21995.2512
2026-03-24 20:02:55 [debug    ] agent_trained                  agent=Frank avg_loss=10986.705 epochs=3
2026-03-24 20:02:55 [info     ] epoch_complete                 avg_loss=10956.3194 epoch=1 num_batches=127 policy_loss=1.0866 value_loss=21910.4874
2026-03-24 20:02:56 [info     ] epoch_complete                 avg_loss=10964.9465 epoch=2 num_batches=127 policy_loss=1.0862 value_loss=21927.7424
2026-03-24 20:02:57 [info     ] epoch_complete                 avg_loss=10932.5708 epoch=3 num_batches=127 policy_loss=1.0868 value_loss=21862.9901
2026-03-24 20:02:57 [debug    ] agent_trained                  agent=Grace avg_loss=10951.2789 epochs=3
2026-03-24 20:02:57 [info     ] epoch_complete                 avg_loss=10939.4269 epoch=1 num_batches=127 policy_loss=1.0863 value_loss=21876.7031
2026-03-24 20:02:58 [info     ] epoch_complete                 avg_loss=10980.1915 epoch=2 num_batches=127 policy_loss=1.0869 value_loss=21958.231
2026-03-24 20:02:58 [info     ] epoch_complete                 avg_loss=10967.9088 epoch=3 num_batches=127 policy_loss=1.0863 value_loss=21933.6668
2026-03-24 20:02:58 [debug    ] agent_trained                  agent=Hank avg_loss=10962.5091 epochs=3
2026-03-24 20:02:59 [info     ] epoch_complete                 avg_loss=10989.2825 epoch=1 num_batches=127 policy_loss=1.0861 value_loss=21976.4145
2026-03-24 20:02:59 [info     ] epoch_complete                 avg_loss=10959.135 epoch=2 num_batches=127 policy_loss=1.0866 value_loss=21916.1185
2026-03-24 20:02:59 [info     ] epoch_complete                 avg_loss=10956.1296 epoch=3 num_batches=127 policy_loss=1.0864 value_loss=21910.1083
2026-03-24 20:02:59 [debug    ] agent_trained                  agent=Ivan avg_loss=10968.1824 epochs=3
2026-03-24 20:02:59 [info     ] winner_weights_shared          alpha=0.5 learners=8 winner=agent_bob
2026-03-24 20:02:59 [info     ] winner_teaches                 winner=Bob wins_this_iteration=3
2026-03-24 20:02:59 [info     ] iteration_complete             best_agent=Alice best_bb_per_100=647.06 iteration=16

=== Agent Leaderboard ===
Rank  Agent      BB/100     Win Rate   Tournaments  Hands     
------------------------------------------------------------
1     Alice        647.06    18.8%         80        850
2     Bob          450.95    16.2%         80        850
3     Hank         304.80    15.0%         80        850
4     Grace        117.65    12.5%         80        850
5     Eve         -180.85     8.8%         80        850
6     Frank       -224.59     8.8%         80        850
7     Dave        -319.69     7.5%         80        850
8     Ivan        -383.56     6.2%         80        850
9     Carol       -411.76     6.2%         80        850

2026-03-24 20:02:59 [info     ] iteration_starting             iteration=17
2026-03-24 20:02:59 [debug    ] tournament_starting            tournament_id=selfplay-a4a8e1e9
2026-03-24 20:03:00 [debug    ] tournament_complete            hands=6 tournament_id=selfplay-a4a8e1e9 winner=Ivan
2026-03-24 20:03:00 [debug    ] tournament_starting            tournament_id=selfplay-08f0d1e8
2026-03-24 20:03:02 [debug    ] tournament_complete            hands=4 tournament_id=selfplay-08f0d1e8 winner=Carol
2026-03-24 20:03:02 [debug    ] tournament_starting            tournament_id=selfplay-f071b0d9
2026-03-24 20:03:02 [debug    ] tournament_complete            hands=5 tournament_id=selfplay-f071b0d9 winner=Frank
2026-03-24 20:03:02 [debug    ] tournament_starting            tournament_id=selfplay-189c2a59
2026-03-24 20:03:05 [debug    ] tournament_complete            hands=13 tournament_id=selfplay-189c2a59 winner=Bob
2026-03-24 20:03:05 [debug    ] tournament_starting            tournament_id=selfplay-15357d14
2026-03-24 20:03:06 [debug    ] tournament_complete            hands=5 tournament_id=selfplay-15357d14 winner=Grace
2026-03-24 20:03:06 [info     ] training_phase                 iteration=17
2026-03-24 20:03:07 [info     ] epoch_complete                 avg_loss=11601.8173 epoch=1 num_batches=134 policy_loss=1.0871 value_loss=23201.4823
2026-03-24 20:03:07 [info     ] epoch_complete                 avg_loss=11627.6985 epoch=2 num_batches=134 policy_loss=1.0869 value_loss=23253.2449
2026-03-24 20:03:08 [info     ] epoch_complete                 avg_loss=11598.8844 epoch=3 num_batches=134 policy_loss=1.0873 value_loss=23195.6162
2026-03-24 20:03:08 [debug    ] agent_trained                  agent=Alice avg_loss=11609.4667 epochs=3
2026-03-24 20:03:08 [info     ] epoch_complete                 avg_loss=11630.6246 epoch=1 num_batches=134 policy_loss=1.0868 value_loss=23259.0977
2026-03-24 20:03:09 [info     ] epoch_complete                 avg_loss=11689.4273 epoch=2 num_batches=134 policy_loss=1.0869 value_loss=23376.7028
2026-03-24 20:03:09 [info     ] epoch_complete                 avg_loss=11635.7611 epoch=3 num_batches=134 policy_loss=1.0867 value_loss=23269.3707
2026-03-24 20:03:09 [debug    ] agent_trained                  agent=Bob avg_loss=11651.9377 epochs=3
2026-03-24 20:03:10 [info     ] epoch_complete                 avg_loss=11901.07 epoch=1 num_batches=134 policy_loss=1.0873 value_loss=23799.9874
2026-03-24 20:03:10 [info     ] epoch_complete                 avg_loss=11639.2387 epoch=2 num_batches=134 policy_loss=1.0865 value_loss=23276.3264
2026-03-24 20:03:11 [info     ] epoch_complete                 avg_loss=11602.4051 epoch=3 num_batches=134 policy_loss=1.087 value_loss=23202.6584
2026-03-24 20:03:11 [debug    ] agent_trained                  agent=Carol avg_loss=11714.2379 epochs=3
2026-03-24 20:03:11 [info     ] epoch_complete                 avg_loss=11595.3432 epoch=1 num_batches=134 policy_loss=1.0866 value_loss=23188.5351
2026-03-24 20:03:12 [info     ] epoch_complete                 avg_loss=11947.587 epoch=2 num_batches=134 policy_loss=1.0867 value_loss=23893.0226
2026-03-24 20:03:12 [info     ] epoch_complete                 avg_loss=11886.4272 epoch=3 num_batches=134 policy_loss=1.0868 value_loss=23770.7027
2026-03-24 20:03:12 [debug    ] agent_trained                  agent=Dave avg_loss=11809.7858 epochs=3
2026-03-24 20:03:13 [info     ] epoch_complete                 avg_loss=11593.1673 epoch=1 num_batches=134 policy_loss=1.0865 value_loss=23184.1836
2026-03-24 20:03:14 [info     ] epoch_complete                 avg_loss=11714.8739 epoch=2 num_batches=134 policy_loss=1.0865 value_loss=23427.5967
2026-03-24 20:03:14 [info     ] epoch_complete                 avg_loss=11625.4054 epoch=3 num_batches=134 policy_loss=1.087 value_loss=23248.6586
2026-03-24 20:03:14 [debug    ] agent_trained                  agent=Eve avg_loss=11644.4822 epochs=3
2026-03-24 20:03:15 [info     ] epoch_complete                 avg_loss=11590.7572 epoch=1 num_batches=134 policy_loss=1.0873 value_loss=23179.3616
2026-03-24 20:03:16 [info     ] epoch_complete                 avg_loss=11784.0795 epoch=2 num_batches=134 policy_loss=1.0871 value_loss=23566.0066
2026-03-24 20:03:16 [info     ] epoch_complete                 avg_loss=11600.4108 epoch=3 num_batches=134 policy_loss=1.0864 value_loss=23198.6706
2026-03-24 20:03:16 [debug    ] agent_trained                  agent=Frank avg_loss=11658.4158 epochs=3
2026-03-24 20:03:17 [info     ] epoch_complete                 avg_loss=11594.8475 epoch=1 num_batches=134 policy_loss=1.0865 value_loss=23187.544
2026-03-24 20:03:17 [info     ] epoch_complete                 avg_loss=11603.1032 epoch=2 num_batches=134 policy_loss=1.087 value_loss=23204.0546
2026-03-24 20:03:18 [info     ] epoch_complete                 avg_loss=11895.4308 epoch=3 num_batches=134 policy_loss=1.0869 value_loss=23788.7098
2026-03-24 20:03:18 [debug    ] agent_trained                  agent=Grace avg_loss=11697.7939 epochs=3
2026-03-24 20:03:18 [info     ] epoch_complete                 avg_loss=11610.082 epoch=1 num_batches=134 policy_loss=1.0864 value_loss=23218.0131
2026-03-24 20:03:19 [info     ] epoch_complete                 avg_loss=11623.483 epoch=2 num_batches=134 policy_loss=1.0862 value_loss=23244.8154
2026-03-24 20:03:19 [info     ] epoch_complete                 avg_loss=11965.7957 epoch=3 num_batches=134 policy_loss=1.0867 value_loss=23929.4398
2026-03-24 20:03:19 [debug    ] agent_trained                  agent=Hank avg_loss=11733.1202 epochs=3
2026-03-24 20:03:20 [info     ] epoch_complete                 avg_loss=11640.0088 epoch=1 num_batches=134 policy_loss=1.0871 value_loss=23277.8653
2026-03-24 20:03:20 [info     ] epoch_complete                 avg_loss=11634.6931 epoch=2 num_batches=134 policy_loss=1.0867 value_loss=23267.2347
2026-03-24 20:03:21 [info     ] epoch_complete                 avg_loss=11592.395 epoch=3 num_batches=134 policy_loss=1.0869 value_loss=23182.6382
2026-03-24 20:03:21 [debug    ] agent_trained                  agent=Ivan avg_loss=11622.3656 epochs=3
2026-03-24 20:03:21 [info     ] winner_weights_shared          alpha=0.5 learners=8 winner=agent_ivan
2026-03-24 20:03:21 [info     ] winner_teaches                 winner=Ivan wins_this_iteration=1
2026-03-24 20:03:21 [info     ] iteration_complete             best_agent=Alice best_bb_per_100=566.25 iteration=17

=== Agent Leaderboard ===
Rank  Agent      BB/100     Win Rate   Tournaments  Hands     
------------------------------------------------------------
1     Alice        566.25    17.6%         85        883
2     Bob          479.40    16.5%         85        883
3     Hank         236.78    14.1%         85        883
4     Grace        158.55    12.9%         85        883
5     Frank       -170.89     9.4%         85        883
6     Eve         -230.71     8.2%         85        883
7     Ivan        -323.93     7.1%         85        883
8     Carol       -351.08     7.1%         85        883
9     Dave        -364.37     7.1%         85        883

2026-03-24 20:03:21 [info     ] iteration_starting             iteration=18
2026-03-24 20:03:21 [debug    ] tournament_starting            tournament_id=selfplay-cdef1e25
2026-03-24 20:03:22 [debug    ] tournament_complete            hands=4 tournament_id=selfplay-cdef1e25 winner=Hank
2026-03-24 20:03:22 [debug    ] tournament_starting            tournament_id=selfplay-b29a2989
2026-03-24 20:03:23 [debug    ] tournament_complete            hands=4 tournament_id=selfplay-b29a2989 winner=Dave
2026-03-24 20:03:23 [debug    ] tournament_starting            tournament_id=selfplay-f7a7dfe4
2026-03-24 20:03:25 [debug    ] tournament_complete            hands=11 tournament_id=selfplay-f7a7dfe4 winner=Alice
2026-03-24 20:03:25 [debug    ] tournament_starting            tournament_id=selfplay-2e54a7ac
2026-03-24 20:03:26 [debug    ] tournament_complete            hands=9 tournament_id=selfplay-2e54a7ac winner=Bob
2026-03-24 20:03:26 [debug    ] tournament_starting            tournament_id=selfplay-2ba6e27d
2026-03-24 20:03:29 [debug    ] tournament_complete            hands=10 tournament_id=selfplay-2ba6e27d winner=Eve
2026-03-24 20:03:29 [info     ] training_phase                 iteration=18
2026-03-24 20:03:29 [info     ] epoch_complete                 avg_loss=12377.0138 epoch=1 num_batches=141 policy_loss=1.0874 value_loss=24751.8749
2026-03-24 20:03:30 [info     ] epoch_complete                 avg_loss=12382.3816 epoch=2 num_batches=141 policy_loss=1.0874 value_loss=24762.6104
2026-03-24 20:03:30 [info     ] epoch_complete                 avg_loss=12379.4861 epoch=3 num_batches=141 policy_loss=1.0874 value_loss=24756.8193
2026-03-24 20:03:30 [debug    ] agent_trained                  agent=Alice avg_loss=12379.6272 epochs=3
2026-03-24 20:03:31 [info     ] epoch_complete                 avg_loss=12388.9371 epoch=1 num_batches=141 policy_loss=1.0872 value_loss=24775.7217
2026-03-24 20:03:32 [info     ] epoch_complete                 avg_loss=12381.4649 epoch=2 num_batches=141 policy_loss=1.0874 value_loss=24760.7771
2026-03-24 20:03:32 [info     ] epoch_complete                 avg_loss=12378.3719 epoch=3 num_batches=141 policy_loss=1.0874 value_loss=24754.5912
2026-03-24 20:03:32 [debug    ] agent_trained                  agent=Bob avg_loss=12382.9247 epochs=3
2026-03-24 20:03:33 [info     ] epoch_complete                 avg_loss=12381.6972 epoch=1 num_batches=141 policy_loss=1.0865 value_loss=24761.2433
2026-03-24 20:03:34 [info     ] epoch_complete                 avg_loss=12378.7128 epoch=2 num_batches=141 policy_loss=1.0873 value_loss=24755.2729
2026-03-24 20:03:35 [info     ] epoch_complete                 avg_loss=12381.0073 epoch=3 num_batches=141 policy_loss=1.0869 value_loss=24759.8628
2026-03-24 20:03:35 [debug    ] agent_trained                  agent=Carol avg_loss=12380.4724 epochs=3
2026-03-24 20:03:36 [info     ] epoch_complete                 avg_loss=12379.3302 epoch=1 num_batches=141 policy_loss=1.087 value_loss=24756.5084
2026-03-24 20:03:36 [info     ] epoch_complete                 avg_loss=12387.3375 epoch=2 num_batches=141 policy_loss=1.0872 value_loss=24772.5226
2026-03-24 20:03:36 [info     ] epoch_complete                 avg_loss=12381.9884 epoch=3 num_batches=141 policy_loss=1.0871 value_loss=24761.8245
2026-03-24 20:03:36 [debug    ] agent_trained                  agent=Dave avg_loss=12382.8854 epochs=3
2026-03-24 20:03:37 [info     ] epoch_complete                 avg_loss=12380.9625 epoch=1 num_batches=141 policy_loss=1.0868 value_loss=24759.7733
2026-03-24 20:03:37 [info     ] epoch_complete                 avg_loss=12380.7995 epoch=2 num_batches=141 policy_loss=1.0873 value_loss=24759.4463
2026-03-24 20:03:38 [info     ] epoch_complete                 avg_loss=12381.5249 epoch=3 num_batches=141 policy_loss=1.0869 value_loss=24760.8978
2026-03-24 20:03:38 [debug    ] agent_trained                  agent=Eve avg_loss=12381.0957 epochs=3
2026-03-24 20:03:39 [info     ] epoch_complete                 avg_loss=12384.6216 epoch=1 num_batches=141 policy_loss=1.0874 value_loss=24767.0905
2026-03-24 20:03:39 [info     ] epoch_complete                 avg_loss=12380.8793 epoch=2 num_batches=141 policy_loss=1.0867 value_loss=24759.6073
2026-03-24 20:03:40 [info     ] epoch_complete                 avg_loss=12380.4306 epoch=3 num_batches=141 policy_loss=1.0873 value_loss=24758.7085
2026-03-24 20:03:40 [debug    ] agent_trained                  agent=Frank avg_loss=12381.9772 epochs=3
2026-03-24 20:03:41 [info     ] epoch_complete                 avg_loss=12381.5839 epoch=1 num_batches=141 policy_loss=1.0874 value_loss=24761.0148
2026-03-24 20:03:41 [info     ] epoch_complete                 avg_loss=12387.6455 epoch=2 num_batches=141 policy_loss=1.0871 value_loss=24773.1389
2026-03-24 20:03:41 [info     ] epoch_complete                 avg_loss=12380.6869 epoch=3 num_batches=141 policy_loss=1.0877 value_loss=24759.2204
2026-03-24 20:03:41 [debug    ] agent_trained                  agent=Grace avg_loss=12383.3054 epochs=3
2026-03-24 20:03:42 [info     ] epoch_complete                 avg_loss=12380.7457 epoch=1 num_batches=141 policy_loss=1.0874 value_loss=24759.3387
2026-03-24 20:03:43 [info     ] epoch_complete                 avg_loss=12378.7724 epoch=2 num_batches=141 policy_loss=1.0868 value_loss=24755.3932
2026-03-24 20:03:43 [info     ] epoch_complete                 avg_loss=12378.0482 epoch=3 num_batches=141 policy_loss=1.087 value_loss=24753.9445
2026-03-24 20:03:43 [debug    ] agent_trained                  agent=Hank avg_loss=12379.1888 epochs=3
2026-03-24 20:03:44 [info     ] epoch_complete                 avg_loss=12381.493 epoch=1 num_batches=141 policy_loss=1.0875 value_loss=24760.833
2026-03-24 20:03:44 [info     ] epoch_complete                 avg_loss=12380.3228 epoch=2 num_batches=141 policy_loss=1.0866 value_loss=24758.4943
2026-03-24 20:03:45 [info     ] epoch_complete                 avg_loss=12382.8181 epoch=3 num_batches=141 policy_loss=1.0866 value_loss=24763.485
2026-03-24 20:03:45 [debug    ] agent_trained                  agent=Ivan avg_loss=12381.5446 epochs=3
2026-03-24 20:03:45 [info     ] winner_weights_shared          alpha=0.5 learners=8 winner=agent_hank
2026-03-24 20:03:45 [info     ] winner_teaches                 winner=Hank wins_this_iteration=1
2026-03-24 20:03:45 [info     ] iteration_complete             best_agent=Alice best_bb_per_100=586.32 iteration=18

=== Agent Leaderboard ===
Rank  Agent      BB/100     Win Rate   Tournaments  Hands     
------------------------------------------------------------
1     Alice        586.32    17.8%         90        921
2     Bob          503.05    16.7%         90        921
3     Hank         270.45    14.4%         90        921
4     Grace         97.72    12.2%         90        921
5     Eve         -177.76     8.9%         90        921
6     Frank       -218.13     8.9%         90        921
7     Dave        -305.91     7.8%         90        921
8     Ivan        -364.85     6.7%         90        921
9     Carol       -390.88     6.7%         90        921

2026-03-24 20:03:45 [info     ] iteration_starting             iteration=19
2026-03-24 20:03:45 [debug    ] tournament_starting            tournament_id=selfplay-f50fa3ef
2026-03-24 20:03:45 [debug    ] tournament_complete            hands=2 tournament_id=selfplay-f50fa3ef winner=Bob
2026-03-24 20:03:45 [debug    ] tournament_starting            tournament_id=selfplay-32f619c1
2026-03-24 20:03:48 [debug    ] tournament_complete            hands=15 tournament_id=selfplay-32f619c1 winner=Eve
2026-03-24 20:03:48 [debug    ] tournament_starting            tournament_id=selfplay-fd9dd259
2026-03-24 20:03:49 [debug    ] tournament_complete            hands=3 tournament_id=selfplay-fd9dd259 winner=Bob
2026-03-24 20:03:49 [debug    ] tournament_starting            tournament_id=selfplay-12b955d5
2026-03-24 20:03:51 [debug    ] tournament_complete            hands=10 tournament_id=selfplay-12b955d5 winner=Ivan
2026-03-24 20:03:51 [debug    ] tournament_starting            tournament_id=selfplay-0a5c538a
2026-03-24 20:03:52 [debug    ] tournament_complete            hands=4 tournament_id=selfplay-0a5c538a winner=Hank
2026-03-24 20:03:52 [info     ] training_phase                 iteration=19
2026-03-24 20:03:53 [info     ] epoch_complete                 avg_loss=13055.3079 epoch=1 num_batches=148 policy_loss=1.0873 value_loss=26108.4631
2026-03-24 20:03:53 [info     ] epoch_complete                 avg_loss=13042.7285 epoch=2 num_batches=148 policy_loss=1.0874 value_loss=26083.3043
2026-03-24 20:03:54 [info     ] epoch_complete                 avg_loss=13029.3184 epoch=3 num_batches=148 policy_loss=1.088 value_loss=26056.4827
2026-03-24 20:03:54 [debug    ] agent_trained                  agent=Alice avg_loss=13042.4516 epochs=3
2026-03-24 20:03:55 [info     ] epoch_complete                 avg_loss=13091.7961 epoch=1 num_batches=148 policy_loss=1.0872 value_loss=26181.44
2026-03-24 20:03:55 [info     ] epoch_complete                 avg_loss=13023.5271 epoch=2 num_batches=148 policy_loss=1.0874 value_loss=26044.9013
2026-03-24 20:03:56 [info     ] epoch_complete                 avg_loss=13031.5853 epoch=3 num_batches=148 policy_loss=1.0869 value_loss=26061.0188
2026-03-24 20:03:56 [debug    ] agent_trained                  agent=Bob avg_loss=13048.9695 epochs=3
2026-03-24 20:03:56 [info     ] epoch_complete                 avg_loss=13041.3169 epoch=1 num_batches=148 policy_loss=1.0871 value_loss=26080.4817
2026-03-24 20:03:57 [info     ] epoch_complete                 avg_loss=13026.6325 epoch=2 num_batches=148 policy_loss=1.0875 value_loss=26051.112
2026-03-24 20:03:58 [info     ] epoch_complete                 avg_loss=13065.2345 epoch=3 num_batches=148 policy_loss=1.0876 value_loss=26128.3159
2026-03-24 20:03:58 [debug    ] agent_trained                  agent=Carol avg_loss=13044.3946 epochs=3
2026-03-24 20:03:59 [info     ] epoch_complete                 avg_loss=13051.4001 epoch=1 num_batches=148 policy_loss=1.0869 value_loss=26100.6486
2026-03-24 20:03:59 [info     ] epoch_complete                 avg_loss=13045.2943 epoch=2 num_batches=148 policy_loss=1.0874 value_loss=26088.4357
2026-03-24 20:04:00 [info     ] epoch_complete                 avg_loss=13073.9958 epoch=3 num_batches=148 policy_loss=1.0875 value_loss=26145.8388
2026-03-24 20:04:00 [debug    ] agent_trained                  agent=Dave avg_loss=13056.8967 epochs=3
2026-03-24 20:04:00 [info     ] epoch_complete                 avg_loss=13051.8721 epoch=1 num_batches=148 policy_loss=1.0871 value_loss=26101.592
2026-03-24 20:04:01 [info     ] epoch_complete                 avg_loss=13039.2446 epoch=2 num_batches=148 policy_loss=1.0877 value_loss=26076.3359
2026-03-24 20:04:02 [info     ] epoch_complete                 avg_loss=13052.3336 epoch=3 num_batches=148 policy_loss=1.0875 value_loss=26102.5139
2026-03-24 20:04:02 [debug    ] agent_trained                  agent=Eve avg_loss=13047.8167 epochs=3
2026-03-24 20:04:02 [info     ] epoch_complete                 avg_loss=13035.0703 epoch=1 num_batches=148 policy_loss=1.0869 value_loss=26067.9889
2026-03-24 20:04:03 [info     ] epoch_complete                 avg_loss=13064.013 epoch=2 num_batches=148 policy_loss=1.0873 value_loss=26125.8734
2026-03-24 20:04:03 [info     ] epoch_complete                 avg_loss=13050.0136 epoch=3 num_batches=148 policy_loss=1.0876 value_loss=26097.874
2026-03-24 20:04:03 [debug    ] agent_trained                  agent=Frank avg_loss=13049.6989 epochs=3
2026-03-24 20:04:04 [info     ] epoch_complete                 avg_loss=13062.1275 epoch=1 num_batches=148 policy_loss=1.0876 value_loss=26122.102
2026-03-24 20:04:05 [info     ] epoch_complete                 avg_loss=13037.2899 epoch=2 num_batches=148 policy_loss=1.0875 value_loss=26072.4268
2026-03-24 20:04:05 [info     ] epoch_complete                 avg_loss=13053.7354 epoch=3 num_batches=148 policy_loss=1.0875 value_loss=26105.3178
2026-03-24 20:04:05 [debug    ] agent_trained                  agent=Grace avg_loss=13051.051 epochs=3
2026-03-24 20:04:06 [info     ] epoch_complete                 avg_loss=13099.3158 epoch=1 num_batches=148 policy_loss=1.0869 value_loss=26196.4798
2026-03-24 20:04:06 [info     ] epoch_complete                 avg_loss=13047.0542 epoch=2 num_batches=148 policy_loss=1.0878 value_loss=26091.9551
2026-03-24 20:04:07 [info     ] epoch_complete                 avg_loss=13112.6158 epoch=3 num_batches=148 policy_loss=1.0873 value_loss=26223.079
2026-03-24 20:04:07 [debug    ] agent_trained                  agent=Hank avg_loss=13086.3286 epochs=3
2026-03-24 20:04:07 [info     ] epoch_complete                 avg_loss=13053.004 epoch=1 num_batches=148 policy_loss=1.0873 value_loss=26103.8554
2026-03-24 20:04:08 [info     ] epoch_complete                 avg_loss=13021.6146 epoch=2 num_batches=148 policy_loss=1.0876 value_loss=26041.076
2026-03-24 20:04:08 [info     ] epoch_complete                 avg_loss=13052.1718 epoch=3 num_batches=148 policy_loss=1.0879 value_loss=26102.1898
2026-03-24 20:04:08 [debug    ] agent_trained                  agent=Ivan avg_loss=13042.2635 epochs=3
2026-03-24 20:04:08 [info     ] winner_weights_shared          alpha=0.5 learners=8 winner=agent_bob
2026-03-24 20:04:08 [info     ] winner_teaches                 winner=Bob wins_this_iteration=2
2026-03-24 20:04:08 [info     ] iteration_complete             best_agent=Bob best_bb_per_100=621.27 iteration=19

=== Agent Leaderboard ===
Rank  Agent      BB/100     Win Rate   Tournaments  Hands     
------------------------------------------------------------
1     Bob          621.27    17.9%         95        955
2     Alice        513.09    16.8%         95        955
3     Hank         302.70    14.7%         95        955
4     Grace         41.88    11.6%         95        955
5     Eve         -129.55     9.5%         95        955
6     Frank       -262.72     8.4%         95        955
7     Ivan        -309.98     7.4%         95        955
8     Dave        -347.37     7.4%         95        955
9     Carol       -429.32     6.3%         95        955

2026-03-24 20:04:08 [info     ] iteration_starting             iteration=20
2026-03-24 20:04:08 [debug    ] tournament_starting            tournament_id=selfplay-39c149f5
2026-03-24 20:04:10 [debug    ] tournament_complete            hands=6 tournament_id=selfplay-39c149f5 winner=Dave
2026-03-24 20:04:10 [debug    ] tournament_starting            tournament_id=selfplay-db904bf3
2026-03-24 20:04:10 [debug    ] tournament_complete            hands=5 tournament_id=selfplay-db904bf3 winner=Carol
2026-03-24 20:04:10 [debug    ] tournament_starting            tournament_id=selfplay-2392dff3
2026-03-24 20:04:11 [debug    ] tournament_complete            hands=6 tournament_id=selfplay-2392dff3 winner=Frank
2026-03-24 20:04:11 [debug    ] tournament_starting            tournament_id=selfplay-77f8ce86
2026-03-24 20:04:12 [debug    ] tournament_complete            hands=2 tournament_id=selfplay-77f8ce86 winner=Hank
2026-03-24 20:04:12 [debug    ] tournament_starting            tournament_id=selfplay-1c869e87
2026-03-24 20:04:15 [debug    ] tournament_complete            hands=16 tournament_id=selfplay-1c869e87 winner=Grace
2026-03-24 20:04:15 [info     ] training_phase                 iteration=20
2026-03-24 20:04:16 [info     ] epoch_complete                 avg_loss=13246.659 epoch=1 num_batches=154 policy_loss=1.088 value_loss=26491.1643
2026-03-24 20:04:16 [info     ] epoch_complete                 avg_loss=13216.7274 epoch=2 num_batches=154 policy_loss=1.0875 value_loss=26431.3019
2026-03-24 20:04:17 [info     ] epoch_complete                 avg_loss=13213.0276 epoch=3 num_batches=154 policy_loss=1.0878 value_loss=26423.9015
2026-03-24 20:04:17 [debug    ] agent_trained                  agent=Alice avg_loss=13225.4713 epochs=3
2026-03-24 20:04:17 [info     ] epoch_complete                 avg_loss=13219.9393 epoch=1 num_batches=154 policy_loss=1.0881 value_loss=26437.7243
2026-03-24 20:04:18 [info     ] epoch_complete                 avg_loss=13204.5001 epoch=2 num_batches=154 policy_loss=1.0876 value_loss=26406.8469
2026-03-24 20:04:18 [info     ] epoch_complete                 avg_loss=13237.8689 epoch=3 num_batches=154 policy_loss=1.0882 value_loss=26473.5835
2026-03-24 20:04:18 [debug    ] agent_trained                  agent=Bob avg_loss=13220.7694 epochs=3
2026-03-24 20:04:19 [info     ] epoch_complete                 avg_loss=13199.0731 epoch=1 num_batches=154 policy_loss=1.0877 value_loss=26395.9927
2026-03-24 20:04:20 [info     ] epoch_complete                 avg_loss=13265.5542 epoch=2 num_batches=154 policy_loss=1.0875 value_loss=26528.9553
2026-03-24 20:04:20 [info     ] epoch_complete                 avg_loss=13216.4687 epoch=3 num_batches=154 policy_loss=1.0878 value_loss=26430.784
2026-03-24 20:04:20 [debug    ] agent_trained                  agent=Carol avg_loss=13227.032 epochs=3
2026-03-24 20:04:21 [info     ] epoch_complete                 avg_loss=13193.2945 epoch=1 num_batches=154 policy_loss=1.088 value_loss=26384.435
2026-03-24 20:04:22 [info     ] epoch_complete                 avg_loss=13222.0695 epoch=2 num_batches=154 policy_loss=1.0878 value_loss=26441.9857
2026-03-24 20:04:22 [info     ] epoch_complete                 avg_loss=13231.0371 epoch=3 num_batches=154 policy_loss=1.0876 value_loss=26459.9209
2026-03-24 20:04:22 [debug    ] agent_trained                  agent=Dave avg_loss=13215.467 epochs=3
2026-03-24 20:04:23 [info     ] epoch_complete                 avg_loss=13214.5161 epoch=1 num_batches=154 policy_loss=1.0878 value_loss=26426.8785
2026-03-24 20:04:23 [info     ] epoch_complete                 avg_loss=13214.5752 epoch=2 num_batches=154 policy_loss=1.0879 value_loss=26426.9966
2026-03-24 20:04:24 [info     ] epoch_complete                 avg_loss=13230.5497 epoch=3 num_batches=154 policy_loss=1.0877 value_loss=26458.9458
2026-03-24 20:04:24 [debug    ] agent_trained                  agent=Eve avg_loss=13219.8803 epochs=3
2026-03-24 20:04:24 [info     ] epoch_complete                 avg_loss=13208.5043 epoch=1 num_batches=154 policy_loss=1.088 value_loss=26414.8546
2026-03-24 20:04:25 [info     ] epoch_complete                 avg_loss=13216.1897 epoch=2 num_batches=154 policy_loss=1.0874 value_loss=26430.2266
2026-03-24 20:04:25 [info     ] epoch_complete                 avg_loss=13249.4325 epoch=3 num_batches=154 policy_loss=1.0872 value_loss=26496.7127
2026-03-24 20:04:25 [debug    ] agent_trained                  agent=Frank avg_loss=13224.7088 epochs=3
2026-03-24 20:04:26 [info     ] epoch_complete                 avg_loss=13234.8705 epoch=1 num_batches=154 policy_loss=1.0881 value_loss=26467.5869
2026-03-24 20:04:27 [info     ] epoch_complete                 avg_loss=13197.1192 epoch=2 num_batches=154 policy_loss=1.0878 value_loss=26392.0847
2026-03-24 20:04:28 [info     ] epoch_complete                 avg_loss=13236.1193 epoch=3 num_batches=154 policy_loss=1.0878 value_loss=26470.0851
2026-03-24 20:04:28 [debug    ] agent_trained                  agent=Grace avg_loss=13222.703 epochs=3
2026-03-24 20:04:29 [info     ] epoch_complete                 avg_loss=13231.9502 epoch=1 num_batches=154 policy_loss=1.0876 value_loss=26461.7473
2026-03-24 20:04:29 [info     ] epoch_complete                 avg_loss=13215.5644 epoch=2 num_batches=154 policy_loss=1.0878 value_loss=26428.9752
2026-03-24 20:04:30 [info     ] epoch_complete                 avg_loss=13224.0877 epoch=3 num_batches=154 policy_loss=1.0878 value_loss=26446.022
2026-03-24 20:04:30 [debug    ] agent_trained                  agent=Hank avg_loss=13223.8674 epochs=3
2026-03-24 20:04:31 [info     ] epoch_complete                 avg_loss=13203.7784 epoch=1 num_batches=154 policy_loss=1.0883 value_loss=26405.4023
2026-03-24 20:04:32 [info     ] epoch_complete                 avg_loss=13223.2594 epoch=2 num_batches=154 policy_loss=1.0882 value_loss=26444.3643
2026-03-24 20:04:32 [info     ] epoch_complete                 avg_loss=13200.2643 epoch=3 num_batches=154 policy_loss=1.0879 value_loss=26398.3748
2026-03-24 20:04:32 [debug    ] agent_trained                  agent=Ivan avg_loss=13209.1007 epochs=3
2026-03-24 20:04:32 [info     ] winner_weights_shared          alpha=0.5 learners=8 winner=agent_dave
2026-03-24 20:04:32 [info     ] winner_teaches                 winner=Dave wins_this_iteration=1
2026-03-24 20:04:32 [info     ] iteration_complete             best_agent=Bob best_bb_per_100=548.8 iteration=20

=== Agent Leaderboard ===
Rank  Agent      BB/100     Win Rate   Tournaments  Hands     
------------------------------------------------------------
1     Bob          548.80    17.0%        100        990
2     Alice        444.44    16.0%        100        990
3     Hank         332.40    15.0%        100        990
4     Grace         80.81    12.0%        100        990
5     Eve         -175.47     9.0%        100        990
6     Frank       -213.03     9.0%        100        990
7     Dave        -294.69     8.0%        100        990
8     Ivan        -349.53     7.0%        100        990
9     Carol       -373.74     7.0%        100        990

2026-03-24 20:04:32 [info     ] models_saved                   best_agent=Bob best_bb_per_100=548.8 suffix=iter20
2026-03-24 20:04:32 [info     ] iteration_starting             iteration=21
2026-03-24 20:04:32 [debug    ] tournament_starting            tournament_id=selfplay-e11ebb85
2026-03-24 20:04:34 [debug    ] tournament_complete            hands=5 tournament_id=selfplay-e11ebb85 winner=Grace
2026-03-24 20:04:34 [debug    ] tournament_starting            tournament_id=selfplay-d3a6fa36
2026-03-24 20:04:35 [debug    ] tournament_complete            hands=4 tournament_id=selfplay-d3a6fa36 winner=Ivan
2026-03-24 20:04:35 [debug    ] tournament_starting            tournament_id=selfplay-2bda33db
2026-03-24 20:04:35 [debug    ] tournament_complete            hands=4 tournament_id=selfplay-2bda33db winner=Hank
2026-03-24 20:04:35 [debug    ] tournament_starting            tournament_id=selfplay-382a9fe6
2026-03-24 20:04:36 [debug    ] tournament_complete            hands=6 tournament_id=selfplay-382a9fe6 winner=Bob
2026-03-24 20:04:36 [debug    ] tournament_starting            tournament_id=selfplay-adbbbebe
2026-03-24 20:04:37 [debug    ] tournament_complete            hands=3 tournament_id=selfplay-adbbbebe winner=Grace
2026-03-24 20:04:37 [info     ] training_phase                 iteration=21
2026-03-24 20:04:38 [info     ] epoch_complete                 avg_loss=13366.962 epoch=1 num_batches=159 policy_loss=1.0881 value_loss=26731.7699
2026-03-24 20:04:39 [info     ] epoch_complete                 avg_loss=13351.6955 epoch=2 num_batches=159 policy_loss=1.088 value_loss=26701.2371
2026-03-24 20:04:39 [info     ] epoch_complete                 avg_loss=13409.9862 epoch=3 num_batches=159 policy_loss=1.0879 value_loss=26817.8187
2026-03-24 20:04:39 [debug    ] agent_trained                  agent=Alice avg_loss=13376.2146 epochs=3
2026-03-24 20:04:40 [info     ] epoch_complete                 avg_loss=13378.5109 epoch=1 num_batches=159 policy_loss=1.0879 value_loss=26754.868
2026-03-24 20:04:40 [info     ] epoch_complete                 avg_loss=13352.9653 epoch=2 num_batches=159 policy_loss=1.088 value_loss=26703.7765
2026-03-24 20:04:41 [info     ] epoch_complete                 avg_loss=13381.7755 epoch=3 num_batches=159 policy_loss=1.0875 value_loss=26761.3981
2026-03-24 20:04:41 [debug    ] agent_trained                  agent=Bob avg_loss=13371.0839 epochs=3
2026-03-24 20:04:42 [info     ] epoch_complete                 avg_loss=13375.5088 epoch=1 num_batches=159 policy_loss=1.088 value_loss=26748.8636
2026-03-24 20:04:43 [info     ] epoch_complete                 avg_loss=13374.6736 epoch=2 num_batches=159 policy_loss=1.0873 value_loss=26747.1945
2026-03-24 20:04:44 [info     ] epoch_complete                 avg_loss=13358.4876 epoch=3 num_batches=159 policy_loss=1.0879 value_loss=26714.8215
2026-03-24 20:04:44 [debug    ] agent_trained                  agent=Carol avg_loss=13369.5567 epochs=3
2026-03-24 20:04:45 [info     ] epoch_complete                 avg_loss=13375.3749 epoch=1 num_batches=159 policy_loss=1.0881 value_loss=26748.5957
2026-03-24 20:04:45 [info     ] epoch_complete                 avg_loss=13381.7272 epoch=2 num_batches=159 policy_loss=1.0877 value_loss=26761.301
2026-03-24 20:04:46 [info     ] epoch_complete                 avg_loss=13406.732 epoch=3 num_batches=159 policy_loss=1.0885 value_loss=26811.3089
2026-03-24 20:04:46 [debug    ] agent_trained                  agent=Dave avg_loss=13387.9447 epochs=3
2026-03-24 20:04:47 [info     ] epoch_complete                 avg_loss=13362.4922 epoch=1 num_batches=159 policy_loss=1.0878 value_loss=26722.8309
2026-03-24 20:04:47 [info     ] epoch_complete                 avg_loss=13366.544 epoch=2 num_batches=159 policy_loss=1.0882 value_loss=26730.9338
2026-03-24 20:04:48 [info     ] epoch_complete                 avg_loss=13373.2224 epoch=3 num_batches=159 policy_loss=1.0878 value_loss=26744.2912
2026-03-24 20:04:48 [debug    ] agent_trained                  agent=Eve avg_loss=13367.4195 epochs=3
2026-03-24 20:04:49 [info     ] epoch_complete                 avg_loss=13382.1863 epoch=1 num_batches=159 policy_loss=1.088 value_loss=26762.2185
2026-03-24 20:04:49 [info     ] epoch_complete                 avg_loss=13364.2074 epoch=2 num_batches=159 policy_loss=1.0878 value_loss=26726.2613
2026-03-24 20:04:50 [info     ] epoch_complete                 avg_loss=13372.8003 epoch=3 num_batches=159 policy_loss=1.0882 value_loss=26743.4463
2026-03-24 20:04:50 [debug    ] agent_trained                  agent=Frank avg_loss=13373.0647 epochs=3
2026-03-24 20:04:50 [info     ] epoch_complete                 avg_loss=13396.456 epoch=1 num_batches=159 policy_loss=1.0875 value_loss=26790.7591
2026-03-24 20:04:51 [info     ] epoch_complete                 avg_loss=13349.6346 epoch=2 num_batches=159 policy_loss=1.088 value_loss=26697.1152
2026-03-24 20:04:52 [info     ] epoch_complete                 avg_loss=13394.7663 epoch=3 num_batches=159 policy_loss=1.0879 value_loss=26787.379
2026-03-24 20:04:52 [debug    ] agent_trained                  agent=Grace avg_loss=13380.2856 epochs=3
2026-03-24 20:04:53 [info     ] epoch_complete                 avg_loss=13359.592 epoch=1 num_batches=159 policy_loss=1.0881 value_loss=26717.0299
2026-03-24 20:04:54 [info     ] epoch_complete                 avg_loss=13362.9273 epoch=2 num_batches=159 policy_loss=1.0879 value_loss=26723.7009
2026-03-24 20:04:54 [info     ] epoch_complete                 avg_loss=13352.3183 epoch=3 num_batches=159 policy_loss=1.0881 value_loss=26702.4824
2026-03-24 20:04:54 [debug    ] agent_trained                  agent=Hank avg_loss=13358.2792 epochs=3
2026-03-24 20:04:55 [info     ] epoch_complete                 avg_loss=13402.8763 epoch=1 num_batches=159 policy_loss=1.0877 value_loss=26803.5994
2026-03-24 20:04:55 [info     ] epoch_complete                 avg_loss=13412.9662 epoch=2 num_batches=159 policy_loss=1.0879 value_loss=26823.7787
2026-03-24 20:04:56 [info     ] epoch_complete                 avg_loss=13361.2608 epoch=3 num_batches=159 policy_loss=1.0878 value_loss=26720.3679
2026-03-24 20:04:56 [debug    ] agent_trained                  agent=Ivan avg_loss=13392.3678 epochs=3
2026-03-24 20:04:56 [info     ] winner_weights_shared          alpha=0.5 learners=8 winner=agent_grace
2026-03-24 20:04:56 [info     ] winner_teaches                 winner=Grace wins_this_iteration=2
2026-03-24 20:04:56 [info     ] iteration_complete             best_agent=Bob best_bb_per_100=576.39 iteration=21

=== Agent Leaderboard ===
Rank  Agent      BB/100     Win Rate   Tournaments  Hands     
------------------------------------------------------------
1     Bob          576.39    17.1%        105       1012
2     Alice        385.38    15.2%        105       1012
3     Hank         364.70    15.2%        105       1012
4     Grace        207.51    13.3%        105       1012
5     Eve         -221.07     8.6%        105       1012
6     Frank       -257.81     8.6%        105       1012
7     Ivan        -302.40     7.6%        105       1012
8     Dave        -337.69     7.6%        105       1012
9     Carol       -415.02     6.7%        105       1012

2026-03-24 20:04:56 [info     ] iteration_starting             iteration=22
2026-03-24 20:04:56 [debug    ] tournament_starting            tournament_id=selfplay-2660783e
2026-03-24 20:04:58 [debug    ] tournament_complete            hands=15 tournament_id=selfplay-2660783e winner=Eve
2026-03-24 20:04:58 [debug    ] tournament_starting            tournament_id=selfplay-62952390
2026-03-24 20:04:59 [debug    ] tournament_complete            hands=3 tournament_id=selfplay-62952390 winner=Frank
2026-03-24 20:04:59 [debug    ] tournament_starting            tournament_id=selfplay-8c864393
2026-03-24 20:04:59 [debug    ] tournament_complete            hands=2 tournament_id=selfplay-8c864393 winner=Alice
2026-03-24 20:04:59 [debug    ] tournament_starting            tournament_id=selfplay-8c302d6d
2026-03-24 20:05:00 [debug    ] tournament_complete            hands=7 tournament_id=selfplay-8c302d6d winner=Dave
2026-03-24 20:05:00 [debug    ] tournament_starting            tournament_id=selfplay-c50d4163
2026-03-24 20:05:01 [debug    ] tournament_complete            hands=2 tournament_id=selfplay-c50d4163 winner=Alice
2026-03-24 20:05:01 [info     ] training_phase                 iteration=22
2026-03-24 20:05:02 [info     ] epoch_complete                 avg_loss=13509.3454 epoch=1 num_batches=163 policy_loss=1.0885 value_loss=27016.5357
2026-03-24 20:05:03 [info     ] epoch_complete                 avg_loss=13516.0354 epoch=2 num_batches=163 policy_loss=1.0877 value_loss=27029.9174
2026-03-24 20:05:03 [info     ] epoch_complete                 avg_loss=13518.1396 epoch=3 num_batches=163 policy_loss=1.0877 value_loss=27034.1258
2026-03-24 20:05:03 [debug    ] agent_trained                  agent=Alice avg_loss=13514.5068 epochs=3
2026-03-24 20:05:04 [info     ] epoch_complete                 avg_loss=13518.2407 epoch=1 num_batches=163 policy_loss=1.0881 value_loss=27034.3274
2026-03-24 20:05:05 [info     ] epoch_complete                 avg_loss=13519.1096 epoch=2 num_batches=163 policy_loss=1.0882 value_loss=27036.0648
2026-03-24 20:05:05 [info     ] epoch_complete                 avg_loss=13521.1931 epoch=3 num_batches=163 policy_loss=1.0886 value_loss=27040.2312
2026-03-24 20:05:05 [debug    ] agent_trained                  agent=Bob avg_loss=13519.5144 epochs=3
2026-03-24 20:05:06 [info     ] epoch_complete                 avg_loss=13530.2205 epoch=1 num_batches=163 policy_loss=1.0881 value_loss=27058.287
2026-03-24 20:05:06 [info     ] epoch_complete                 avg_loss=13514.0362 epoch=2 num_batches=163 policy_loss=1.0885 value_loss=27025.9174
2026-03-24 20:05:07 [info     ] epoch_complete                 avg_loss=13536.3559 epoch=3 num_batches=163 policy_loss=1.0881 value_loss=27070.5578
2026-03-24 20:05:07 [debug    ] agent_trained                  agent=Carol avg_loss=13526.8709 epochs=3
2026-03-24 20:05:07 [info     ] epoch_complete                 avg_loss=13523.3356 epoch=1 num_batches=163 policy_loss=1.0884 value_loss=27044.5163
2026-03-24 20:05:08 [info     ] epoch_complete                 avg_loss=13512.8658 epoch=2 num_batches=163 policy_loss=1.0883 value_loss=27023.577
2026-03-24 20:05:09 [info     ] epoch_complete                 avg_loss=13516.0384 epoch=3 num_batches=163 policy_loss=1.0878 value_loss=27029.9232
2026-03-24 20:05:09 [debug    ] agent_trained                  agent=Dave avg_loss=13517.4133 epochs=3
2026-03-24 20:05:09 [info     ] epoch_complete                 avg_loss=13512.658 epoch=1 num_batches=163 policy_loss=1.0883 value_loss=27023.1615
2026-03-24 20:05:10 [info     ] epoch_complete                 avg_loss=13524.2699 epoch=2 num_batches=163 policy_loss=1.0884 value_loss=27046.3851
2026-03-24 20:05:11 [info     ] epoch_complete                 avg_loss=13516.8748 epoch=3 num_batches=163 policy_loss=1.0885 value_loss=27031.5947
2026-03-24 20:05:11 [debug    ] agent_trained                  agent=Eve avg_loss=13517.9342 epochs=3
2026-03-24 20:05:12 [info     ] epoch_complete                 avg_loss=13515.2283 epoch=1 num_batches=163 policy_loss=1.0879 value_loss=27028.3029
2026-03-24 20:05:12 [info     ] epoch_complete                 avg_loss=13532.6692 epoch=2 num_batches=163 policy_loss=1.0881 value_loss=27063.1846
2026-03-24 20:05:13 [info     ] epoch_complete                 avg_loss=13518.1554 epoch=3 num_batches=163 policy_loss=1.0881 value_loss=27034.1565
2026-03-24 20:05:13 [debug    ] agent_trained                  agent=Frank avg_loss=13522.0176 epochs=3
2026-03-24 20:05:14 [info     ] epoch_complete                 avg_loss=13510.2063 epoch=1 num_batches=163 policy_loss=1.0882 value_loss=27018.2582
2026-03-24 20:05:14 [info     ] epoch_complete                 avg_loss=13510.8873 epoch=2 num_batches=163 policy_loss=1.0882 value_loss=27019.6204
2026-03-24 20:05:15 [info     ] epoch_complete                 avg_loss=13517.9866 epoch=3 num_batches=163 policy_loss=1.0881 value_loss=27033.8191
2026-03-24 20:05:15 [debug    ] agent_trained                  agent=Grace avg_loss=13513.0268 epochs=3
2026-03-24 20:05:16 [info     ] epoch_complete                 avg_loss=13528.4922 epoch=1 num_batches=163 policy_loss=1.0885 value_loss=27054.8296
2026-03-24 20:05:16 [info     ] epoch_complete                 avg_loss=13525.9754 epoch=2 num_batches=163 policy_loss=1.0875 value_loss=27049.798
2026-03-24 20:05:17 [info     ] epoch_complete                 avg_loss=13517.4037 epoch=3 num_batches=163 policy_loss=1.0883 value_loss=27032.6526
2026-03-24 20:05:17 [debug    ] agent_trained                  agent=Hank avg_loss=13523.9571 epochs=3
2026-03-24 20:05:17 [info     ] epoch_complete                 avg_loss=13530.5015 epoch=1 num_batches=163 policy_loss=1.0879 value_loss=27058.8494
2026-03-24 20:05:18 [info     ] epoch_complete                 avg_loss=13512.246 epoch=2 num_batches=163 policy_loss=1.0884 value_loss=27022.3372
2026-03-24 20:05:19 [info     ] epoch_complete                 avg_loss=13516.703 epoch=3 num_batches=163 policy_loss=1.0881 value_loss=27031.2519
2026-03-24 20:05:19 [debug    ] agent_trained                  agent=Ivan avg_loss=13519.8169 epochs=3
2026-03-24 20:05:19 [info     ] winner_weights_shared          alpha=0.5 learners=8 winner=agent_alice
2026-03-24 20:05:19 [info     ] winner_teaches                 winner=Alice wins_this_iteration=2
2026-03-24 20:05:19 [info     ] iteration_complete             best_agent=Bob best_bb_per_100=512.31 iteration=22

=== Agent Leaderboard ===
Rank  Agent      BB/100     Win Rate   Tournaments  Hands     
------------------------------------------------------------
1     Bob          512.31    16.4%        110       1041
2     Alice        499.52    16.4%        110       1041
3     Hank         306.51    14.5%        110       1041
4     Grace        153.70    12.7%        110       1041
5     Eve         -176.48     9.1%        110       1041
6     Frank       -212.20     9.1%        110       1041
7     Dave        -289.86     8.2%        110       1041
8     Ivan        -342.01     7.3%        110       1041
9     Carol       -451.49     6.4%        110       1041

2026-03-24 20:05:19 [info     ] iteration_starting             iteration=23
2026-03-24 20:05:19 [debug    ] tournament_starting            tournament_id=selfplay-8c01d563
2026-03-24 20:05:19 [debug    ] tournament_complete            hands=5 tournament_id=selfplay-8c01d563 winner=Dave
2026-03-24 20:05:19 [debug    ] tournament_starting            tournament_id=selfplay-3df44d83
2026-03-24 20:05:20 [debug    ] tournament_complete            hands=2 tournament_id=selfplay-3df44d83 winner=Ivan
2026-03-24 20:05:20 [debug    ] tournament_starting            tournament_id=selfplay-bbd5e25c
2026-03-24 20:05:21 [debug    ] tournament_complete            hands=5 tournament_id=selfplay-bbd5e25c winner=Carol
2026-03-24 20:05:21 [debug    ] tournament_starting            tournament_id=selfplay-ac58fbaf
2026-03-24 20:05:22 [debug    ] tournament_complete            hands=3 tournament_id=selfplay-ac58fbaf winner=Dave
2026-03-24 20:05:22 [debug    ] tournament_starting            tournament_id=selfplay-ca1ffec7
2026-03-24 20:05:23 [debug    ] tournament_complete            hands=7 tournament_id=selfplay-ca1ffec7 winner=Ivan
2026-03-24 20:05:23 [info     ] training_phase                 iteration=23
2026-03-24 20:05:24 [info     ] epoch_complete                 avg_loss=13754.9448 epoch=1 num_batches=167 policy_loss=1.0881 value_loss=27507.7355
2026-03-24 20:05:24 [info     ] epoch_complete                 avg_loss=13802.8016 epoch=2 num_batches=167 policy_loss=1.0883 value_loss=27603.4488
2026-03-24 20:05:25 [info     ] epoch_complete                 avg_loss=13778.9532 epoch=3 num_batches=167 policy_loss=1.0886 value_loss=27555.7513
2026-03-24 20:05:25 [debug    ] agent_trained                  agent=Alice avg_loss=13778.8998 epochs=3
2026-03-24 20:05:25 [info     ] epoch_complete                 avg_loss=13748.3915 epoch=1 num_batches=167 policy_loss=1.0878 value_loss=27494.6296
2026-03-24 20:05:26 [info     ] epoch_complete                 avg_loss=13798.003 epoch=2 num_batches=167 policy_loss=1.0883 value_loss=27593.8518
2026-03-24 20:05:27 [info     ] epoch_complete                 avg_loss=13760.8627 epoch=3 num_batches=167 policy_loss=1.0886 value_loss=27519.5703
2026-03-24 20:05:27 [debug    ] agent_trained                  agent=Bob avg_loss=13769.0857 epochs=3
2026-03-24 20:05:27 [info     ] epoch_complete                 avg_loss=13751.4559 epoch=1 num_batches=167 policy_loss=1.0879 value_loss=27500.7581
2026-03-24 20:05:28 [info     ] epoch_complete                 avg_loss=13816.0485 epoch=2 num_batches=167 policy_loss=1.0888 value_loss=27629.9415
2026-03-24 20:05:28 [info     ] epoch_complete                 avg_loss=13740.1119 epoch=3 num_batches=167 policy_loss=1.0882 value_loss=27478.0696
2026-03-24 20:05:28 [debug    ] agent_trained                  agent=Carol avg_loss=13769.2054 epochs=3
2026-03-24 20:05:29 [info     ] epoch_complete                 avg_loss=13774.0773 epoch=1 num_batches=167 policy_loss=1.0885 value_loss=27545.9998
2026-03-24 20:05:30 [info     ] epoch_complete                 avg_loss=13762.2448 epoch=2 num_batches=167 policy_loss=1.0882 value_loss=27522.3353
2026-03-24 20:05:31 [info     ] epoch_complete                 avg_loss=13758.2404 epoch=3 num_batches=167 policy_loss=1.0885 value_loss=27514.3257
2026-03-24 20:05:31 [debug    ] agent_trained                  agent=Dave avg_loss=13764.8541 epochs=3
2026-03-24 20:05:32 [info     ] epoch_complete                 avg_loss=13739.2711 epoch=1 num_batches=167 policy_loss=1.0885 value_loss=27476.3872
2026-03-24 20:05:32 [info     ] epoch_complete                 avg_loss=13762.8718 epoch=2 num_batches=167 policy_loss=1.0881 value_loss=27523.5897
2026-03-24 20:05:33 [info     ] epoch_complete                 avg_loss=13774.61 epoch=3 num_batches=167 policy_loss=1.0881 value_loss=27547.0659
2026-03-24 20:05:33 [debug    ] agent_trained                  agent=Eve avg_loss=13758.9176 epochs=3
2026-03-24 20:05:34 [info     ] epoch_complete                 avg_loss=13786.7407 epoch=1 num_batches=167 policy_loss=1.0883 value_loss=27571.3269
2026-03-24 20:05:34 [info     ] epoch_complete                 avg_loss=13743.7241 epoch=2 num_batches=167 policy_loss=1.0883 value_loss=27485.2935
2026-03-24 20:05:35 [info     ] epoch_complete                 avg_loss=13797.7987 epoch=3 num_batches=167 policy_loss=1.0882 value_loss=27593.4432
2026-03-24 20:05:35 [debug    ] agent_trained                  agent=Frank avg_loss=13776.0878 epochs=3
2026-03-24 20:05:36 [info     ] epoch_complete                 avg_loss=13764.1642 epoch=1 num_batches=167 policy_loss=1.0887 value_loss=27526.1731
2026-03-24 20:05:37 [info     ] epoch_complete                 avg_loss=13753.7137 epoch=2 num_batches=167 policy_loss=1.0887 value_loss=27505.2722
2026-03-24 20:05:38 [info     ] epoch_complete                 avg_loss=13776.0745 epoch=3 num_batches=167 policy_loss=1.0882 value_loss=27549.9947
2026-03-24 20:05:38 [debug    ] agent_trained                  agent=Grace avg_loss=13764.6508 epochs=3
2026-03-24 20:05:38 [info     ] epoch_complete                 avg_loss=13756.7696 epoch=1 num_batches=167 policy_loss=1.0881 value_loss=27511.3851
2026-03-24 20:05:39 [info     ] epoch_complete                 avg_loss=13748.0059 epoch=2 num_batches=167 policy_loss=1.0874 value_loss=27493.8591
2026-03-24 20:05:40 [info     ] epoch_complete                 avg_loss=13759.4918 epoch=3 num_batches=167 policy_loss=1.0885 value_loss=27516.8288
2026-03-24 20:05:40 [debug    ] agent_trained                  agent=Hank avg_loss=13754.7558 epochs=3
2026-03-24 20:05:40 [info     ] epoch_complete                 avg_loss=13818.84 epoch=1 num_batches=167 policy_loss=1.088 value_loss=27635.5262
2026-03-24 20:05:41 [info     ] epoch_complete                 avg_loss=13811.0461 epoch=2 num_batches=167 policy_loss=1.0888 value_loss=27619.9368
2026-03-24 20:05:41 [info     ] epoch_complete                 avg_loss=13763.4322 epoch=3 num_batches=167 policy_loss=1.0883 value_loss=27524.7097
2026-03-24 20:05:41 [debug    ] agent_trained                  agent=Ivan avg_loss=13797.7728 epochs=3
2026-03-24 20:05:41 [info     ] winner_weights_shared          alpha=0.5 learners=8 winner=agent_dave
2026-03-24 20:05:41 [info     ] winner_teaches                 winner=Dave wins_this_iteration=2
2026-03-24 20:05:41 [info     ] iteration_complete             best_agent=Bob best_bb_per_100=454.67 iteration=23

=== Agent Leaderboard ===
Rank  Agent      BB/100     Win Rate   Tournaments  Hands     
------------------------------------------------------------
1     Bob          454.67    15.7%        115       1063
2     Alice        442.14    15.7%        115       1063
3     Hank         253.13    13.9%        115       1063
4     Grace        103.48    12.2%        115       1063
5     Dave        -161.56     9.6%        115       1063
6     Ivan        -212.63     8.7%        115       1063
7     Eve         -219.87     8.7%        115       1063
8     Frank       -254.84     8.7%        115       1063
9     Carol       -404.52     7.0%        115       1063

2026-03-24 20:05:41 [info     ] iteration_starting             iteration=24
2026-03-24 20:05:41 [debug    ] tournament_starting            tournament_id=selfplay-b40340df
2026-03-24 20:05:42 [debug    ] tournament_complete            hands=3 tournament_id=selfplay-b40340df winner=Hank
2026-03-24 20:05:42 [debug    ] tournament_starting            tournament_id=selfplay-0988dc4b
2026-03-24 20:05:43 [debug    ] tournament_complete            hands=4 tournament_id=selfplay-0988dc4b winner=Dave
2026-03-24 20:05:43 [debug    ] tournament_starting            tournament_id=selfplay-d7fc2328
2026-03-24 20:05:43 [debug    ] tournament_complete            hands=4 tournament_id=selfplay-d7fc2328 winner=Frank
2026-03-24 20:05:43 [debug    ] tournament_starting            tournament_id=selfplay-2b1015b6
2026-03-24 20:05:45 [debug    ] tournament_complete            hands=8 tournament_id=selfplay-2b1015b6 winner=Alice
2026-03-24 20:05:45 [debug    ] tournament_starting            tournament_id=selfplay-eef9932d
2026-03-24 20:05:47 [debug    ] tournament_complete            hands=9 tournament_id=selfplay-eef9932d winner=Eve
2026-03-24 20:05:47 [info     ] training_phase                 iteration=24
2026-03-24 20:05:48 [info     ] epoch_complete                 avg_loss=14500.2599 epoch=1 num_batches=172 policy_loss=1.0881 value_loss=28998.3657
2026-03-24 20:05:49 [info     ] epoch_complete                 avg_loss=14193.2949 epoch=2 num_batches=172 policy_loss=1.0883 value_loss=28384.4352
2026-03-24 20:05:49 [info     ] epoch_complete                 avg_loss=14400.8614 epoch=3 num_batches=172 policy_loss=1.0883 value_loss=28799.5683
2026-03-24 20:05:49 [debug    ] agent_trained                  agent=Alice avg_loss=14364.8054 epochs=3
2026-03-24 20:05:50 [info     ] epoch_complete                 avg_loss=14394.4138 epoch=1 num_batches=172 policy_loss=1.0886 value_loss=28786.6726
2026-03-24 20:05:51 [info     ] epoch_complete                 avg_loss=14199.4542 epoch=2 num_batches=172 policy_loss=1.088 value_loss=28396.7546
2026-03-24 20:05:52 [info     ] epoch_complete                 avg_loss=14261.9571 epoch=3 num_batches=172 policy_loss=1.0878 value_loss=28521.7608
2026-03-24 20:05:52 [debug    ] agent_trained                  agent=Bob avg_loss=14285.275 epochs=3
2026-03-24 20:05:53 [info     ] epoch_complete                 avg_loss=14434.188 epoch=1 num_batches=172 policy_loss=1.0886 value_loss=28866.221
2026-03-24 20:05:53 [info     ] epoch_complete                 avg_loss=14200.7459 epoch=2 num_batches=172 policy_loss=1.0883 value_loss=28399.3373
2026-03-24 20:05:54 [info     ] epoch_complete                 avg_loss=14233.1734 epoch=3 num_batches=172 policy_loss=1.0882 value_loss=28464.1926
2026-03-24 20:05:54 [debug    ] agent_trained                  agent=Carol avg_loss=14289.3691 epochs=3
2026-03-24 20:05:55 [info     ] epoch_complete                 avg_loss=14197.9937 epoch=1 num_batches=172 policy_loss=1.0883 value_loss=28393.8329
2026-03-24 20:05:55 [info     ] epoch_complete                 avg_loss=14200.5899 epoch=2 num_batches=172 policy_loss=1.0892 value_loss=28399.0234
2026-03-24 20:05:56 [info     ] epoch_complete                 avg_loss=14214.6322 epoch=3 num_batches=172 policy_loss=1.0879 value_loss=28427.1108
2026-03-24 20:05:56 [debug    ] agent_trained                  agent=Dave avg_loss=14204.4053 epochs=3
2026-03-24 20:05:57 [info     ] epoch_complete                 avg_loss=14235.8958 epoch=1 num_batches=172 policy_loss=1.0882 value_loss=28469.6374
2026-03-24 20:05:57 [info     ] epoch_complete                 avg_loss=14385.753 epoch=2 num_batches=172 policy_loss=1.0885 value_loss=28769.3511
2026-03-24 20:05:58 [info     ] epoch_complete                 avg_loss=14226.4197 epoch=3 num_batches=172 policy_loss=1.0882 value_loss=28450.685
2026-03-24 20:05:58 [debug    ] agent_trained                  agent=Eve avg_loss=14282.6895 epochs=3
2026-03-24 20:05:58 [info     ] epoch_complete                 avg_loss=14201.3635 epoch=1 num_batches=172 policy_loss=1.0883 value_loss=28400.5725
2026-03-24 20:05:59 [info     ] epoch_complete                 avg_loss=14301.5615 epoch=2 num_batches=172 policy_loss=1.0882 value_loss=28600.9687
2026-03-24 20:05:59 [info     ] epoch_complete                 avg_loss=14201.406 epoch=3 num_batches=172 policy_loss=1.0882 value_loss=28400.6578
2026-03-24 20:05:59 [debug    ] agent_trained                  agent=Frank avg_loss=14234.777 epochs=3
2026-03-24 20:06:00 [info     ] epoch_complete                 avg_loss=14299.1136 epoch=1 num_batches=172 policy_loss=1.0887 value_loss=28596.0721
2026-03-24 20:06:01 [info     ] epoch_complete                 avg_loss=14436.644 epoch=2 num_batches=172 policy_loss=1.0887 value_loss=28871.1326
2026-03-24 20:06:01 [info     ] epoch_complete                 avg_loss=14459.4108 epoch=3 num_batches=172 policy_loss=1.0882 value_loss=28916.6673
2026-03-24 20:06:01 [debug    ] agent_trained                  agent=Grace avg_loss=14398.3894 epochs=3
2026-03-24 20:06:02 [info     ] epoch_complete                 avg_loss=14303.3808 epoch=1 num_batches=172 policy_loss=1.0886 value_loss=28604.6065
2026-03-24 20:06:03 [info     ] epoch_complete                 avg_loss=14313.073 epoch=2 num_batches=172 policy_loss=1.0886 value_loss=28623.9908
2026-03-24 20:06:03 [info     ] epoch_complete                 avg_loss=14331.6454 epoch=3 num_batches=172 policy_loss=1.0882 value_loss=28661.1366
2026-03-24 20:06:03 [debug    ] agent_trained                  agent=Hank avg_loss=14316.033 epochs=3
2026-03-24 20:06:04 [info     ] epoch_complete                 avg_loss=14219.4621 epoch=1 num_batches=172 policy_loss=1.0882 value_loss=28436.77
2026-03-24 20:06:05 [info     ] epoch_complete                 avg_loss=14396.0082 epoch=2 num_batches=172 policy_loss=1.0886 value_loss=28789.8613
2026-03-24 20:06:06 [info     ] epoch_complete                 avg_loss=14193.4215 epoch=3 num_batches=172 policy_loss=1.0883 value_loss=28384.6885
2026-03-24 20:06:06 [debug    ] agent_trained                  agent=Ivan avg_loss=14269.6306 epochs=3
2026-03-24 20:06:06 [info     ] winner_weights_shared          alpha=0.5 learners=8 winner=agent_hank
2026-03-24 20:06:06 [info     ] winner_teaches                 winner=Hank wins_this_iteration=1
2026-03-24 20:06:06 [info     ] iteration_complete             best_agent=Alice best_bb_per_100=467.46 iteration=24

=== Agent Leaderboard ===
Rank  Agent      BB/100     Win Rate   Tournaments  Hands     
------------------------------------------------------------
1     Alice        467.46    15.8%        120       1091
2     Bob          397.17    15.0%        120       1091
3     Hank         283.30    14.2%        120       1091
4     Grace         55.00    11.7%        120       1091
5     Dave        -120.75    10.0%        120       1091
6     Eve         -177.56     9.2%        120       1091
7     Frank       -211.64     9.2%        120       1091
8     Ivan        -253.01     8.3%        120       1091
9     Carol       -439.96     6.7%        120       1091

2026-03-24 20:06:06 [info     ] iteration_starting             iteration=25
2026-03-24 20:06:06 [debug    ] tournament_starting            tournament_id=selfplay-99fdb479
2026-03-24 20:06:07 [debug    ] tournament_complete            hands=4 tournament_id=selfplay-99fdb479 winner=Grace
2026-03-24 20:06:07 [debug    ] tournament_starting            tournament_id=selfplay-7ab499c7
2026-03-24 20:06:08 [debug    ] tournament_complete            hands=4 tournament_id=selfplay-7ab499c7 winner=Frank
2026-03-24 20:06:08 [debug    ] tournament_starting            tournament_id=selfplay-99cc0784
2026-03-24 20:06:10 [debug    ] tournament_complete            hands=12 tournament_id=selfplay-99cc0784 winner=Frank
2026-03-24 20:06:10 [debug    ] tournament_starting            tournament_id=selfplay-b27d4e1f
2026-03-24 20:06:11 [debug    ] tournament_complete            hands=7 tournament_id=selfplay-b27d4e1f winner=Frank
2026-03-24 20:06:11 [debug    ] tournament_starting            tournament_id=selfplay-61c4a788
2026-03-24 20:06:12 [debug    ] tournament_complete            hands=7 tournament_id=selfplay-61c4a788 winner=Dave
2026-03-24 20:06:12 [info     ] training_phase                 iteration=25
2026-03-24 20:06:13 [info     ] epoch_complete                 avg_loss=14452.4413 epoch=1 num_batches=177 policy_loss=1.0882 value_loss=28902.7286
2026-03-24 20:06:13 [info     ] epoch_complete                 avg_loss=14415.4514 epoch=2 num_batches=177 policy_loss=1.0884 value_loss=28828.7481
2026-03-24 20:06:14 [info     ] epoch_complete                 avg_loss=14447.6941 epoch=3 num_batches=177 policy_loss=1.0883 value_loss=28893.2339
2026-03-24 20:06:14 [debug    ] agent_trained                  agent=Alice avg_loss=14438.529 epochs=3
2026-03-24 20:06:15 [info     ] epoch_complete                 avg_loss=14416.9633 epoch=1 num_batches=177 policy_loss=1.0889 value_loss=28831.7709
2026-03-24 20:06:16 [info     ] epoch_complete                 avg_loss=14484.3403 epoch=2 num_batches=177 policy_loss=1.0886 value_loss=28966.5255
2026-03-24 20:06:16 [info     ] epoch_complete                 avg_loss=14443.3032 epoch=3 num_batches=177 policy_loss=1.0883 value_loss=28884.452
2026-03-24 20:06:16 [debug    ] agent_trained                  agent=Bob avg_loss=14448.2022 epochs=3
2026-03-24 20:06:17 [info     ] epoch_complete                 avg_loss=14466.235 epoch=1 num_batches=177 policy_loss=1.0884 value_loss=28930.3155
2026-03-24 20:06:18 [info     ] epoch_complete                 avg_loss=14442.9885 epoch=2 num_batches=177 policy_loss=1.0888 value_loss=28883.8218
2026-03-24 20:06:18 [info     ] epoch_complete                 avg_loss=14440.1676 epoch=3 num_batches=177 policy_loss=1.0888 value_loss=28878.1798
2026-03-24 20:06:18 [debug    ] agent_trained                  agent=Carol avg_loss=14449.797 epochs=3
2026-03-24 20:06:19 [info     ] epoch_complete                 avg_loss=14458.9428 epoch=1 num_batches=177 policy_loss=1.0892 value_loss=28915.7295
2026-03-24 20:06:20 [info     ] epoch_complete                 avg_loss=14408.386 epoch=2 num_batches=177 policy_loss=1.0889 value_loss=28814.6163
2026-03-24 20:06:21 [info     ] epoch_complete                 avg_loss=14486.8465 epoch=3 num_batches=177 policy_loss=1.0887 value_loss=28971.5379
2026-03-24 20:06:21 [debug    ] agent_trained                  agent=Dave avg_loss=14451.3918 epochs=3
2026-03-24 20:06:22 [info     ] epoch_complete                 avg_loss=14480.8706 epoch=1 num_batches=177 policy_loss=1.0889 value_loss=28959.5854
2026-03-24 20:06:23 [info     ] epoch_complete                 avg_loss=14432.6874 epoch=2 num_batches=177 policy_loss=1.0886 value_loss=28863.2198
2026-03-24 20:06:23 [info     ] epoch_complete                 avg_loss=14464.4922 epoch=3 num_batches=177 policy_loss=1.0884 value_loss=28926.8298
2026-03-24 20:06:23 [debug    ] agent_trained                  agent=Eve avg_loss=14459.3501 epochs=3
2026-03-24 20:06:24 [info     ] epoch_complete                 avg_loss=14451.1314 epoch=1 num_batches=177 policy_loss=1.0884 value_loss=28900.1081
2026-03-24 20:06:24 [info     ] epoch_complete                 avg_loss=14431.8312 epoch=2 num_batches=177 policy_loss=1.0888 value_loss=28861.5071
2026-03-24 20:06:25 [info     ] epoch_complete                 avg_loss=14439.9761 epoch=3 num_batches=177 policy_loss=1.0884 value_loss=28877.7975
2026-03-24 20:06:25 [debug    ] agent_trained                  agent=Frank avg_loss=14440.9796 epochs=3
2026-03-24 20:06:26 [info     ] epoch_complete                 avg_loss=14428.1048 epoch=1 num_batches=177 policy_loss=1.0889 value_loss=28854.0538
2026-03-24 20:06:27 [info     ] epoch_complete                 avg_loss=14437.1885 epoch=2 num_batches=177 policy_loss=1.0884 value_loss=28872.2225
2026-03-24 20:06:27 [info     ] epoch_complete                 avg_loss=14453.959 epoch=3 num_batches=177 policy_loss=1.0887 value_loss=28905.7628
2026-03-24 20:06:27 [debug    ] agent_trained                  agent=Grace avg_loss=14439.7508 epochs=3
2026-03-24 20:06:28 [info     ] epoch_complete                 avg_loss=14407.6799 epoch=1 num_batches=177 policy_loss=1.0887 value_loss=28813.2045
2026-03-24 20:06:29 [info     ] epoch_complete                 avg_loss=14446.0195 epoch=2 num_batches=177 policy_loss=1.0886 value_loss=28889.884
2026-03-24 20:06:29 [info     ] epoch_complete                 avg_loss=14485.1392 epoch=3 num_batches=177 policy_loss=1.0885 value_loss=28968.1236
2026-03-24 20:06:29 [debug    ] agent_trained                  agent=Hank avg_loss=14446.2795 epochs=3
2026-03-24 20:06:30 [info     ] epoch_complete                 avg_loss=14427.4999 epoch=1 num_batches=177 policy_loss=1.0889 value_loss=28852.8441
2026-03-24 20:06:30 [info     ] epoch_complete                 avg_loss=14448.7892 epoch=2 num_batches=177 policy_loss=1.0886 value_loss=28895.4233
2026-03-24 20:06:31 [info     ] epoch_complete                 avg_loss=14449.0945 epoch=3 num_batches=177 policy_loss=1.0886 value_loss=28896.0339
2026-03-24 20:06:31 [debug    ] agent_trained                  agent=Ivan avg_loss=14441.7945 epochs=3
2026-03-24 20:06:31 [info     ] winner_weights_shared          alpha=0.5 learners=8 winner=agent_frank
2026-03-24 20:06:31 [info     ] winner_teaches                 winner=Frank wins_this_iteration=3
2026-03-24 20:06:31 [info     ] iteration_complete             best_agent=Alice best_bb_per_100=408.89 iteration=25

=== Agent Leaderboard ===
Rank  Agent      BB/100     Win Rate   Tournaments  Hands     
------------------------------------------------------------
1     Alice        408.89    15.2%        125       1125
2     Bob          340.72    14.4%        125       1125
3     Hank         230.29    13.6%        125       1125
4     Grace         88.89    12.0%        125       1125
5     Frank         -9.69    11.2%        125       1125
6     Dave         -81.55    10.4%        125       1125
7     Eve         -216.64     8.8%        125       1125
8     Ivan        -289.80     8.0%        125       1125
9     Carol       -471.11     6.4%        125       1125

2026-03-24 20:06:31 [info     ] models_saved                   best_agent=Alice best_bb_per_100=408.89 suffix=iter25
2026-03-24 20:06:31 [info     ] iteration_starting             iteration=26
2026-03-24 20:06:31 [debug    ] tournament_starting            tournament_id=selfplay-6df97c25
2026-03-24 20:06:32 [debug    ] tournament_complete            hands=4 tournament_id=selfplay-6df97c25 winner=Ivan
2026-03-24 20:06:32 [debug    ] tournament_starting            tournament_id=selfplay-ee9fafd6
2026-03-24 20:06:33 [debug    ] tournament_complete            hands=3 tournament_id=selfplay-ee9fafd6 winner=Grace
2026-03-24 20:06:33 [debug    ] tournament_starting            tournament_id=selfplay-dedb80a1
2026-03-24 20:06:34 [debug    ] tournament_complete            hands=4 tournament_id=selfplay-dedb80a1 winner=Dave
2026-03-24 20:06:34 [debug    ] tournament_starting            tournament_id=selfplay-d426bbf2
2026-03-24 20:06:36 [debug    ] tournament_complete            hands=9 tournament_id=selfplay-d426bbf2 winner=Frank
2026-03-24 20:06:36 [debug    ] tournament_starting            tournament_id=selfplay-dfe97c8e
2026-03-24 20:06:37 [debug    ] tournament_complete            hands=5 tournament_id=selfplay-dfe97c8e winner=Carol
2026-03-24 20:06:37 [info     ] training_phase                 iteration=26
2026-03-24 20:06:38 [info     ] epoch_complete                 avg_loss=14570.276 epoch=1 num_batches=182 policy_loss=1.089 value_loss=29138.3961
2026-03-24 20:06:39 [info     ] epoch_complete                 avg_loss=14567.0461 epoch=2 num_batches=182 policy_loss=1.088 value_loss=29131.9386
2026-03-24 20:06:39 [info     ] epoch_complete                 avg_loss=14575.3169 epoch=3 num_batches=182 policy_loss=1.0889 value_loss=29148.4782
2026-03-24 20:06:39 [debug    ] agent_trained                  agent=Alice avg_loss=14570.8797 epochs=3
2026-03-24 20:06:40 [info     ] epoch_complete                 avg_loss=14569.7091 epoch=1 num_batches=182 policy_loss=1.0889 value_loss=29137.2625
2026-03-24 20:06:41 [info     ] epoch_complete                 avg_loss=14573.9471 epoch=2 num_batches=182 policy_loss=1.089 value_loss=29145.7385
2026-03-24 20:06:41 [info     ] epoch_complete                 avg_loss=14573.9566 epoch=3 num_batches=182 policy_loss=1.0888 value_loss=29145.7578
2026-03-24 20:06:41 [debug    ] agent_trained                  agent=Bob avg_loss=14572.5376 epochs=3
2026-03-24 20:06:42 [info     ] epoch_complete                 avg_loss=14573.3374 epoch=1 num_batches=182 policy_loss=1.089 value_loss=29144.519
2026-03-24 20:06:43 [info     ] epoch_complete                 avg_loss=14592.4318 epoch=2 num_batches=182 policy_loss=1.0884 value_loss=29182.709
2026-03-24 20:06:43 [info     ] epoch_complete                 avg_loss=14569.9018 epoch=3 num_batches=182 policy_loss=1.0887 value_loss=29137.6484
2026-03-24 20:06:43 [debug    ] agent_trained                  agent=Carol avg_loss=14578.557 epochs=3
2026-03-24 20:06:44 [info     ] epoch_complete                 avg_loss=14567.9174 epoch=1 num_batches=182 policy_loss=1.0886 value_loss=29133.6796
2026-03-24 20:06:44 [info     ] epoch_complete                 avg_loss=14570.3614 epoch=2 num_batches=182 policy_loss=1.0888 value_loss=29138.5675
2026-03-24 20:06:45 [info     ] epoch_complete                 avg_loss=14572.0858 epoch=3 num_batches=182 policy_loss=1.0887 value_loss=29142.0162
2026-03-24 20:06:45 [debug    ] agent_trained                  agent=Dave avg_loss=14570.1215 epochs=3
2026-03-24 20:06:46 [info     ] epoch_complete                 avg_loss=14571.1635 epoch=1 num_batches=182 policy_loss=1.0889 value_loss=29140.1713
2026-03-24 20:06:46 [info     ] epoch_complete                 avg_loss=14578.5868 epoch=2 num_batches=182 policy_loss=1.0892 value_loss=29155.0175
2026-03-24 20:06:47 [info     ] epoch_complete                 avg_loss=14563.6908 epoch=3 num_batches=182 policy_loss=1.0892 value_loss=29125.2253
2026-03-24 20:06:47 [debug    ] agent_trained                  agent=Eve avg_loss=14571.147 epochs=3
2026-03-24 20:06:48 [info     ] epoch_complete                 avg_loss=14573.4431 epoch=1 num_batches=182 policy_loss=1.0889 value_loss=29144.7307
2026-03-24 20:06:49 [info     ] epoch_complete                 avg_loss=14567.1606 epoch=2 num_batches=182 policy_loss=1.0885 value_loss=29132.1664
2026-03-24 20:06:50 [info     ] epoch_complete                 avg_loss=14567.1588 epoch=3 num_batches=182 policy_loss=1.0884 value_loss=29132.1631
2026-03-24 20:06:50 [debug    ] agent_trained                  agent=Frank avg_loss=14569.2542 epochs=3
2026-03-24 20:06:51 [info     ] epoch_complete                 avg_loss=14580.1622 epoch=1 num_batches=182 policy_loss=1.0888 value_loss=29158.1689
2026-03-24 20:06:52 [info     ] epoch_complete                 avg_loss=14569.1452 epoch=2 num_batches=182 policy_loss=1.0888 value_loss=29136.135
2026-03-24 20:06:53 [info     ] epoch_complete                 avg_loss=14566.1539 epoch=3 num_batches=182 policy_loss=1.0889 value_loss=29130.1523
2026-03-24 20:06:53 [debug    ] agent_trained                  agent=Grace avg_loss=14571.8204 epochs=3
2026-03-24 20:06:55 [info     ] epoch_complete                 avg_loss=14575.9033 epoch=1 num_batches=182 policy_loss=1.0883 value_loss=29149.6524
2026-03-24 20:06:56 [info     ] epoch_complete                 avg_loss=14567.6674 epoch=2 num_batches=182 policy_loss=1.0889 value_loss=29133.1793
2026-03-24 20:06:57 [info     ] epoch_complete                 avg_loss=14573.606 epoch=3 num_batches=182 policy_loss=1.0888 value_loss=29145.0564
2026-03-24 20:06:57 [debug    ] agent_trained                  agent=Hank avg_loss=14572.3923 epochs=3
2026-03-24 20:06:58 [info     ] epoch_complete                 avg_loss=14565.2951 epoch=1 num_batches=182 policy_loss=1.0892 value_loss=29128.434
2026-03-24 20:06:58 [info     ] epoch_complete                 avg_loss=14566.5619 epoch=2 num_batches=182 policy_loss=1.0887 value_loss=29130.9686
2026-03-24 20:06:59 [info     ] epoch_complete                 avg_loss=14570.2989 epoch=3 num_batches=182 policy_loss=1.0882 value_loss=29138.4438
2026-03-24 20:06:59 [debug    ] agent_trained                  agent=Ivan avg_loss=14567.3853 epochs=3
2026-03-24 20:06:59 [info     ] winner_weights_shared          alpha=0.5 learners=8 winner=agent_ivan
2026-03-24 20:06:59 [info     ] winner_teaches                 winner=Ivan wins_this_iteration=1
2026-03-24 20:06:59 [info     ] iteration_complete             best_agent=Alice best_bb_per_100=356.52 iteration=26

=== Agent Leaderboard ===
Rank  Agent      BB/100     Win Rate   Tournaments  Hands     
------------------------------------------------------------
1     Alice        356.52    14.6%        130       1150
2     Bob          289.83    13.8%        130       1150
3     Hank         181.81    13.1%        130       1150
4     Grace        121.74    12.3%        130       1150
5     Frank         25.30    11.5%        130       1150
6     Dave         -44.99    10.8%        130       1150
7     Ivan        -248.72     8.5%        130       1150
8     Eve         -255.41     8.5%        130       1150
9     Carol       -426.09     6.9%        130       1150

2026-03-24 20:06:59 [info     ] iteration_starting             iteration=27
2026-03-24 20:06:59 [debug    ] tournament_starting            tournament_id=selfplay-c982b375
2026-03-24 20:07:00 [debug    ] tournament_complete            hands=3 tournament_id=selfplay-c982b375 winner=Bob
2026-03-24 20:07:00 [debug    ] tournament_starting            tournament_id=selfplay-9689651d
2026-03-24 20:07:00 [debug    ] tournament_complete            hands=3 tournament_id=selfplay-9689651d winner=Frank
2026-03-24 20:07:00 [debug    ] tournament_starting            tournament_id=selfplay-0d35b33a
2026-03-24 20:07:01 [debug    ] tournament_complete            hands=4 tournament_id=selfplay-0d35b33a winner=Dave
2026-03-24 20:07:01 [debug    ] tournament_starting            tournament_id=selfplay-738cca8b
2026-03-24 20:07:03 [debug    ] tournament_complete            hands=7 tournament_id=selfplay-738cca8b winner=Grace
2026-03-24 20:07:03 [debug    ] tournament_starting            tournament_id=selfplay-eddc3535
2026-03-24 20:07:05 [debug    ] tournament_complete            hands=11 tournament_id=selfplay-eddc3535 winner=Ivan
2026-03-24 20:07:05 [info     ] training_phase                 iteration=27
2026-03-24 20:07:06 [info     ] epoch_complete                 avg_loss=14948.6894 epoch=1 num_batches=188 policy_loss=1.089 value_loss=29895.223
2026-03-24 20:07:07 [info     ] epoch_complete                 avg_loss=14949.8183 epoch=2 num_batches=188 policy_loss=1.0895 value_loss=29897.4799
2026-03-24 20:07:07 [info     ] epoch_complete                 avg_loss=14944.6074 epoch=3 num_batches=188 policy_loss=1.0889 value_loss=29887.0591
2026-03-24 20:07:07 [debug    ] agent_trained                  agent=Alice avg_loss=14947.705 epochs=3
2026-03-24 20:07:08 [info     ] epoch_complete                 avg_loss=14964.6714 epoch=1 num_batches=188 policy_loss=1.0887 value_loss=29927.1876
2026-03-24 20:07:09 [info     ] epoch_complete                 avg_loss=14955.7932 epoch=2 num_batches=188 policy_loss=1.0892 value_loss=29909.4302
2026-03-24 20:07:09 [info     ] epoch_complete                 avg_loss=14946.8468 epoch=3 num_batches=188 policy_loss=1.0888 value_loss=29891.5382
2026-03-24 20:07:09 [debug    ] agent_trained                  agent=Bob avg_loss=14955.7705 epochs=3
2026-03-24 20:07:10 [info     ] epoch_complete                 avg_loss=14939.1242 epoch=1 num_batches=188 policy_loss=1.0893 value_loss=29876.092
2026-03-24 20:07:11 [info     ] epoch_complete                 avg_loss=14938.5516 epoch=2 num_batches=188 policy_loss=1.0889 value_loss=29874.9476
2026-03-24 20:07:11 [info     ] epoch_complete                 avg_loss=14938.0476 epoch=3 num_batches=188 policy_loss=1.0895 value_loss=29873.9384
2026-03-24 20:07:11 [debug    ] agent_trained                  agent=Carol avg_loss=14938.5745 epochs=3
2026-03-24 20:07:12 [info     ] epoch_complete                 avg_loss=14955.0807 epoch=1 num_batches=188 policy_loss=1.0888 value_loss=29908.0061
2026-03-24 20:07:12 [info     ] epoch_complete                 avg_loss=14950.7348 epoch=2 num_batches=188 policy_loss=1.0895 value_loss=29899.3129
2026-03-24 20:07:13 [info     ] epoch_complete                 avg_loss=14941.4731 epoch=3 num_batches=188 policy_loss=1.0893 value_loss=29880.7898
2026-03-24 20:07:13 [debug    ] agent_trained                  agent=Dave avg_loss=14949.0962 epochs=3
2026-03-24 20:07:14 [info     ] epoch_complete                 avg_loss=14946.0834 epoch=1 num_batches=188 policy_loss=1.0889 value_loss=29890.0114
2026-03-24 20:07:15 [info     ] epoch_complete                 avg_loss=14941.4289 epoch=2 num_batches=188 policy_loss=1.089 value_loss=29880.702
2026-03-24 20:07:16 [info     ] epoch_complete                 avg_loss=14954.2912 epoch=3 num_batches=188 policy_loss=1.0891 value_loss=29906.4266
2026-03-24 20:07:16 [debug    ] agent_trained                  agent=Eve avg_loss=14947.2679 epochs=3
2026-03-24 20:07:17 [info     ] epoch_complete                 avg_loss=14955.0401 epoch=1 num_batches=188 policy_loss=1.0892 value_loss=29907.924
2026-03-24 20:07:18 [info     ] epoch_complete                 avg_loss=14952.7813 epoch=2 num_batches=188 policy_loss=1.0893 value_loss=29903.4063
2026-03-24 20:07:19 [info     ] epoch_complete                 avg_loss=14946.18 epoch=3 num_batches=188 policy_loss=1.0893 value_loss=29890.2036
2026-03-24 20:07:19 [debug    ] agent_trained                  agent=Frank avg_loss=14951.3338 epochs=3
2026-03-24 20:07:19 [info     ] epoch_complete                 avg_loss=14939.0711 epoch=1 num_batches=188 policy_loss=1.0896 value_loss=29875.9854
2026-03-24 20:07:20 [info     ] epoch_complete                 avg_loss=14945.111 epoch=2 num_batches=188 policy_loss=1.0891 value_loss=29888.0661
2026-03-24 20:07:21 [info     ] epoch_complete                 avg_loss=14945.3255 epoch=3 num_batches=188 policy_loss=1.0892 value_loss=29888.495
2026-03-24 20:07:21 [debug    ] agent_trained                  agent=Grace avg_loss=14943.1692 epochs=3
2026-03-24 20:07:22 [info     ] epoch_complete                 avg_loss=14942.7718 epoch=1 num_batches=188 policy_loss=1.0885 value_loss=29883.3887
2026-03-24 20:07:23 [info     ] epoch_complete                 avg_loss=14953.4585 epoch=2 num_batches=188 policy_loss=1.0893 value_loss=29904.7608
2026-03-24 20:07:23 [info     ] epoch_complete                 avg_loss=14951.6023 epoch=3 num_batches=188 policy_loss=1.089 value_loss=29901.0487
2026-03-24 20:07:23 [debug    ] agent_trained                  agent=Hank avg_loss=14949.2775 epochs=3
2026-03-24 20:07:24 [info     ] epoch_complete                 avg_loss=14948.2694 epoch=1 num_batches=188 policy_loss=1.0888 value_loss=29894.3834
2026-03-24 20:07:25 [info     ] epoch_complete                 avg_loss=14953.0476 epoch=2 num_batches=188 policy_loss=1.089 value_loss=29903.9395
2026-03-24 20:07:26 [info     ] epoch_complete                 avg_loss=14947.2082 epoch=3 num_batches=188 policy_loss=1.0891 value_loss=29892.2603
2026-03-24 20:07:26 [debug    ] agent_trained                  agent=Ivan avg_loss=14949.5084 epochs=3
2026-03-24 20:07:26 [info     ] winner_weights_shared          alpha=0.5 learners=8 winner=agent_bob
2026-03-24 20:07:26 [info     ] winner_teaches                 winner=Bob wins_this_iteration=1
2026-03-24 20:07:26 [info     ] iteration_complete             best_agent=Bob best_bb_per_100=316.9 iteration=27

=== Agent Leaderboard ===
Rank  Agent      BB/100     Win Rate   Tournaments  Hands     
------------------------------------------------------------
1     Bob          316.90    14.1%        135       1178
2     Alice        305.60    14.1%        135       1178
3     Grace        152.80    12.6%        135       1178
4     Hank         135.04    12.6%        135       1178
5     Frank         58.66    11.9%        135       1178
6     Dave          -9.97    11.1%        135       1178
7     Ivan        -208.85     8.9%        135       1178
8     Eve         -291.78     8.1%        135       1178
9     Carol       -458.40     6.7%        135       1178

2026-03-24 20:07:26 [info     ] iteration_starting             iteration=28
2026-03-24 20:07:26 [debug    ] tournament_starting            tournament_id=selfplay-14e8268d
2026-03-24 20:07:26 [debug    ] tournament_complete            hands=3 tournament_id=selfplay-14e8268d winner=Carol
2026-03-24 20:07:26 [debug    ] tournament_starting            tournament_id=selfplay-aa0f2f5b
2026-03-24 20:07:27 [debug    ] tournament_complete            hands=4 tournament_id=selfplay-aa0f2f5b winner=Hank
2026-03-24 20:07:27 [debug    ] tournament_starting            tournament_id=selfplay-61145285
2026-03-24 20:07:29 [debug    ] tournament_complete            hands=7 tournament_id=selfplay-61145285 winner=Ivan
2026-03-24 20:07:29 [debug    ] tournament_starting            tournament_id=selfplay-f846e3b3
2026-03-24 20:07:30 [debug    ] tournament_complete            hands=7 tournament_id=selfplay-f846e3b3 winner=Carol
2026-03-24 20:07:30 [debug    ] tournament_starting            tournament_id=selfplay-2251cfc0
2026-03-24 20:07:31 [debug    ] tournament_complete            hands=5 tournament_id=selfplay-2251cfc0 winner=Dave
2026-03-24 20:07:31 [info     ] training_phase                 iteration=28
2026-03-24 20:07:32 [info     ] epoch_complete                 avg_loss=14986.1372 epoch=1 num_batches=193 policy_loss=1.0891 value_loss=29970.1183
2026-03-24 20:07:33 [info     ] epoch_complete                 avg_loss=14986.8057 epoch=2 num_batches=193 policy_loss=1.0888 value_loss=29971.4559
2026-03-24 20:07:34 [info     ] epoch_complete                 avg_loss=14964.8427 epoch=3 num_batches=193 policy_loss=1.0891 value_loss=29927.5293
2026-03-24 20:07:34 [debug    ] agent_trained                  agent=Alice avg_loss=14979.2618 epochs=3
2026-03-24 20:07:35 [info     ] epoch_complete                 avg_loss=15010.1318 epoch=1 num_batches=193 policy_loss=1.0891 value_loss=30018.1078
2026-03-24 20:07:36 [info     ] epoch_complete                 avg_loss=14998.1652 epoch=2 num_batches=193 policy_loss=1.0894 value_loss=29994.1738
2026-03-24 20:07:37 [info     ] epoch_complete                 avg_loss=14971.342 epoch=3 num_batches=193 policy_loss=1.0892 value_loss=29940.5279
2026-03-24 20:07:37 [debug    ] agent_trained                  agent=Bob avg_loss=14993.213 epochs=3
2026-03-24 20:07:38 [info     ] epoch_complete                 avg_loss=15005.5837 epoch=1 num_batches=193 policy_loss=1.0884 value_loss=30009.013
2026-03-24 20:07:38 [info     ] epoch_complete                 avg_loss=14954.4068 epoch=2 num_batches=193 policy_loss=1.089 value_loss=29906.6578
2026-03-24 20:07:39 [info     ] epoch_complete                 avg_loss=14965.9466 epoch=3 num_batches=193 policy_loss=1.089 value_loss=29929.7376
2026-03-24 20:07:39 [debug    ] agent_trained                  agent=Carol avg_loss=14975.3124 epochs=3
2026-03-24 20:07:40 [info     ] epoch_complete                 avg_loss=14947.7128 epoch=1 num_batches=193 policy_loss=1.0891 value_loss=29893.2697
2026-03-24 20:07:41 [info     ] epoch_complete                 avg_loss=14963.1159 epoch=2 num_batches=193 policy_loss=1.0888 value_loss=29924.0765
2026-03-24 20:07:41 [info     ] epoch_complete                 avg_loss=14970.3862 epoch=3 num_batches=193 policy_loss=1.0889 value_loss=29938.6168
2026-03-24 20:07:41 [debug    ] agent_trained                  agent=Dave avg_loss=14960.405 epochs=3
2026-03-24 20:07:42 [info     ] epoch_complete                 avg_loss=15009.6388 epoch=1 num_batches=193 policy_loss=1.0891 value_loss=30017.1218
2026-03-24 20:07:43 [info     ] epoch_complete                 avg_loss=15003.4718 epoch=2 num_batches=193 policy_loss=1.0887 value_loss=30004.7885
2026-03-24 20:07:43 [info     ] epoch_complete                 avg_loss=14976.5736 epoch=3 num_batches=193 policy_loss=1.0888 value_loss=29950.992
2026-03-24 20:07:43 [debug    ] agent_trained                  agent=Eve avg_loss=14996.5614 epochs=3
2026-03-24 20:07:44 [info     ] epoch_complete                 avg_loss=14963.6601 epoch=1 num_batches=193 policy_loss=1.0894 value_loss=29925.1636
2026-03-24 20:07:45 [info     ] epoch_complete                 avg_loss=14970.1107 epoch=2 num_batches=193 policy_loss=1.0893 value_loss=29938.0652
2026-03-24 20:07:46 [info     ] epoch_complete                 avg_loss=14966.7459 epoch=3 num_batches=193 policy_loss=1.0892 value_loss=29931.3358
2026-03-24 20:07:46 [debug    ] agent_trained                  agent=Frank avg_loss=14966.8389 epochs=3
2026-03-24 20:07:47 [info     ] epoch_complete                 avg_loss=14952.0261 epoch=1 num_batches=193 policy_loss=1.0894 value_loss=29901.8958
2026-03-24 20:07:48 [info     ] epoch_complete                 avg_loss=14954.9715 epoch=2 num_batches=193 policy_loss=1.0887 value_loss=29907.7878
2026-03-24 20:07:49 [info     ] epoch_complete                 avg_loss=14982.3108 epoch=3 num_batches=193 policy_loss=1.0892 value_loss=29962.4653
2026-03-24 20:07:49 [debug    ] agent_trained                  agent=Grace avg_loss=14963.1028 epochs=3
2026-03-24 20:07:49 [info     ] epoch_complete                 avg_loss=15003.9763 epoch=1 num_batches=193 policy_loss=1.0889 value_loss=30005.797
2026-03-24 20:07:50 [info     ] epoch_complete                 avg_loss=15014.0157 epoch=2 num_batches=193 policy_loss=1.0893 value_loss=30025.875
2026-03-24 20:07:51 [info     ] epoch_complete                 avg_loss=14996.9887 epoch=3 num_batches=193 policy_loss=1.0888 value_loss=29991.822
2026-03-24 20:07:51 [debug    ] agent_trained                  agent=Hank avg_loss=15004.9936 epochs=3
2026-03-24 20:07:51 [info     ] epoch_complete                 avg_loss=14973.5396 epoch=1 num_batches=193 policy_loss=1.0894 value_loss=29944.9226
2026-03-24 20:07:52 [info     ] epoch_complete                 avg_loss=14966.736 epoch=2 num_batches=193 policy_loss=1.089 value_loss=29931.3163
2026-03-24 20:07:53 [info     ] epoch_complete                 avg_loss=14943.0093 epoch=3 num_batches=193 policy_loss=1.0889 value_loss=29883.8629
2026-03-24 20:07:53 [debug    ] agent_trained                  agent=Ivan avg_loss=14961.095 epochs=3
2026-03-24 20:07:53 [info     ] winner_weights_shared          alpha=0.5 learners=8 winner=agent_carol
2026-03-24 20:07:53 [info     ] winner_teaches                 winner=Carol wins_this_iteration=2
2026-03-24 20:07:53 [info     ] iteration_complete             best_agent=Bob best_bb_per_100=268.53 iteration=28

=== Agent Leaderboard ===
Rank  Agent      BB/100     Win Rate   Tournaments  Hands     
------------------------------------------------------------
1     Bob          268.53    13.6%        140       1204
2     Alice        257.48    13.6%        140       1204
3     Hank         165.35    12.9%        140       1204
4     Grace        107.97    12.1%        140       1204
5     Dave          23.47    11.4%        140       1204
6     Frank         15.86    11.4%        140       1204
7     Ivan        -171.12     9.3%        140       1204
8     Eve         -327.01     7.9%        140       1204
9     Carol       -340.53     7.9%        140       1204

2026-03-24 20:07:53 [info     ] iteration_starting             iteration=29
2026-03-24 20:07:53 [debug    ] tournament_starting            tournament_id=selfplay-149f20ea
2026-03-24 20:07:55 [debug    ] tournament_complete            hands=13 tournament_id=selfplay-149f20ea winner=Hank
2026-03-24 20:07:55 [debug    ] tournament_starting            tournament_id=selfplay-3f1a0a6b
2026-03-24 20:07:57 [debug    ] tournament_complete            hands=11 tournament_id=selfplay-3f1a0a6b winner=Dave
2026-03-24 20:07:57 [debug    ] tournament_starting            tournament_id=selfplay-64956e15
2026-03-24 20:07:59 [debug    ] tournament_complete            hands=10 tournament_id=selfplay-64956e15 winner=Hank
2026-03-24 20:07:59 [debug    ] tournament_starting            tournament_id=selfplay-135ecfb7
2026-03-24 20:07:59 [debug    ] tournament_complete            hands=3 tournament_id=selfplay-135ecfb7 winner=Carol
2026-03-24 20:07:59 [debug    ] tournament_starting            tournament_id=selfplay-411e8f04
2026-03-24 20:08:00 [debug    ] tournament_complete            hands=4 tournament_id=selfplay-411e8f04 winner=Ivan
2026-03-24 20:08:00 [info     ] training_phase                 iteration=29
2026-03-24 20:08:01 [info     ] epoch_complete                 avg_loss=15020.192 epoch=1 num_batches=200 policy_loss=1.0892 value_loss=30038.228
2026-03-24 20:08:02 [info     ] epoch_complete                 avg_loss=15036.9142 epoch=2 num_batches=200 policy_loss=1.0893 value_loss=30071.6721
2026-03-24 20:08:03 [info     ] epoch_complete                 avg_loss=15075.9178 epoch=3 num_batches=200 policy_loss=1.0892 value_loss=30149.6794
2026-03-24 20:08:03 [debug    ] agent_trained                  agent=Alice avg_loss=15044.3413 epochs=3
2026-03-24 20:08:04 [info     ] epoch_complete                 avg_loss=14993.8859 epoch=1 num_batches=200 policy_loss=1.0894 value_loss=29985.6151
2026-03-24 20:08:04 [info     ] epoch_complete                 avg_loss=15101.7264 epoch=2 num_batches=200 policy_loss=1.0893 value_loss=30201.2964
2026-03-24 20:08:05 [info     ] epoch_complete                 avg_loss=14971.2704 epoch=3 num_batches=200 policy_loss=1.0895 value_loss=29940.3839
2026-03-24 20:08:05 [debug    ] agent_trained                  agent=Bob avg_loss=15022.2942 epochs=3
2026-03-24 20:08:06 [info     ] epoch_complete                 avg_loss=14989.7659 epoch=1 num_batches=200 policy_loss=1.0892 value_loss=29977.3756
2026-03-24 20:08:07 [info     ] epoch_complete                 avg_loss=14970.6827 epoch=2 num_batches=200 policy_loss=1.0892 value_loss=29939.2091
2026-03-24 20:08:08 [info     ] epoch_complete                 avg_loss=15067.8973 epoch=3 num_batches=200 policy_loss=1.0894 value_loss=30133.6379
2026-03-24 20:08:08 [debug    ] agent_trained                  agent=Carol avg_loss=15009.4486 epochs=3
2026-03-24 20:08:10 [info     ] epoch_complete                 avg_loss=15020.624 epoch=1 num_batches=200 policy_loss=1.0895 value_loss=30039.0912
2026-03-24 20:08:10 [info     ] epoch_complete                 avg_loss=14985.864 epoch=2 num_batches=200 policy_loss=1.0896 value_loss=29969.5711
2026-03-24 20:08:11 [info     ] epoch_complete                 avg_loss=14997.4466 epoch=3 num_batches=200 policy_loss=1.089 value_loss=29992.7374
2026-03-24 20:08:11 [debug    ] agent_trained                  agent=Dave avg_loss=15001.3115 epochs=3
2026-03-24 20:08:12 [info     ] epoch_complete                 avg_loss=15060.1614 epoch=1 num_batches=200 policy_loss=1.0893 value_loss=30118.1664
2026-03-24 20:08:12 [info     ] epoch_complete                 avg_loss=15004.2946 epoch=2 num_batches=200 policy_loss=1.0899 value_loss=30006.4318
2026-03-24 20:08:13 [info     ] epoch_complete                 avg_loss=14978.5749 epoch=3 num_batches=200 policy_loss=1.0891 value_loss=29954.9939
2026-03-24 20:08:13 [debug    ] agent_trained                  agent=Eve avg_loss=15014.3436 epochs=3
2026-03-24 20:08:14 [info     ] epoch_complete                 avg_loss=15019.0485 epoch=1 num_batches=200 policy_loss=1.0892 value_loss=30035.941
2026-03-24 20:08:14 [info     ] epoch_complete                 avg_loss=15047.7318 epoch=2 num_batches=200 policy_loss=1.0896 value_loss=30093.3066
2026-03-24 20:08:15 [info     ] epoch_complete                 avg_loss=15030.4611 epoch=3 num_batches=200 policy_loss=1.0895 value_loss=30058.7655
2026-03-24 20:08:15 [debug    ] agent_trained                  agent=Frank avg_loss=15032.4138 epochs=3
2026-03-24 20:08:16 [info     ] epoch_complete                 avg_loss=14970.5057 epoch=1 num_batches=200 policy_loss=1.0894 value_loss=29938.8548
2026-03-24 20:08:17 [info     ] epoch_complete                 avg_loss=14994.038 epoch=2 num_batches=200 policy_loss=1.0892 value_loss=29985.9199
2026-03-24 20:08:18 [info     ] epoch_complete                 avg_loss=15011.1114 epoch=3 num_batches=200 policy_loss=1.0894 value_loss=30020.0663
2026-03-24 20:08:18 [debug    ] agent_trained                  agent=Grace avg_loss=14991.885 epochs=3
2026-03-24 20:08:19 [info     ] epoch_complete                 avg_loss=14973.5315 epoch=1 num_batches=200 policy_loss=1.0896 value_loss=29944.9062
2026-03-24 20:08:20 [info     ] epoch_complete                 avg_loss=15009.4673 epoch=2 num_batches=200 policy_loss=1.0894 value_loss=30016.7779
2026-03-24 20:08:20 [info     ] epoch_complete                 avg_loss=15035.1581 epoch=3 num_batches=200 policy_loss=1.0889 value_loss=30068.1604
2026-03-24 20:08:20 [debug    ] agent_trained                  agent=Hank avg_loss=15006.0523 epochs=3
2026-03-24 20:08:21 [info     ] epoch_complete                 avg_loss=15029.0726 epoch=1 num_batches=200 policy_loss=1.0891 value_loss=30055.9893
2026-03-24 20:08:22 [info     ] epoch_complete                 avg_loss=14970.1856 epoch=2 num_batches=200 policy_loss=1.0893 value_loss=29938.2149
2026-03-24 20:08:22 [info     ] epoch_complete                 avg_loss=15050.6332 epoch=3 num_batches=200 policy_loss=1.0889 value_loss=30099.1108
2026-03-24 20:08:22 [debug    ] agent_trained                  agent=Ivan avg_loss=15016.6305 epochs=3
2026-03-24 20:08:22 [info     ] winner_weights_shared          alpha=0.5 learners=8 winner=agent_hank
2026-03-24 20:08:22 [info     ] winner_teaches                 winner=Hank wins_this_iteration=2
2026-03-24 20:08:22 [info     ] iteration_complete             best_agent=Hank best_bb_per_100=264.32 iteration=29

=== Agent Leaderboard ===
Rank  Agent      BB/100     Win Rate   Tournaments  Hands     
------------------------------------------------------------
1     Hank         264.32    13.8%        145       1245
2     Bob          219.53    13.1%        145       1245
3     Alice        208.84    13.1%        145       1245
4     Grace         64.26    11.7%        145       1245
5     Dave          54.83    11.7%        145       1245
6     Frank        -24.82    11.0%        145       1245
7     Ivan        -133.36     9.7%        145       1245
8     Carol       -297.19     8.3%        145       1245
9     Eve         -356.40     7.6%        145       1245

2026-03-24 20:08:22 [info     ] iteration_starting             iteration=30
2026-03-24 20:08:22 [debug    ] tournament_starting            tournament_id=selfplay-d116b250
2026-03-24 20:08:24 [debug    ] tournament_complete            hands=11 tournament_id=selfplay-d116b250 winner=Carol
2026-03-24 20:08:24 [debug    ] tournament_starting            tournament_id=selfplay-c33da711
2026-03-24 20:08:25 [debug    ] tournament_complete            hands=5 tournament_id=selfplay-c33da711 winner=Alice
2026-03-24 20:08:25 [debug    ] tournament_starting            tournament_id=selfplay-defe422a
2026-03-24 20:08:26 [debug    ] tournament_complete            hands=3 tournament_id=selfplay-defe422a winner=Frank
2026-03-24 20:08:26 [debug    ] tournament_starting            tournament_id=selfplay-6918c100
2026-03-24 20:08:26 [debug    ] tournament_complete            hands=4 tournament_id=selfplay-6918c100 winner=Eve
2026-03-24 20:08:26 [debug    ] tournament_starting            tournament_id=selfplay-7009e060
2026-03-24 20:08:28 [debug    ] tournament_complete            hands=6 tournament_id=selfplay-7009e060 winner=Alice
2026-03-24 20:08:28 [info     ] training_phase                 iteration=30
2026-03-24 20:08:29 [info     ] epoch_complete                 avg_loss=15092.6703 epoch=1 num_batches=204 policy_loss=1.0895 value_loss=30183.1838
2026-03-24 20:08:29 [info     ] epoch_complete                 avg_loss=15113.3354 epoch=2 num_batches=204 policy_loss=1.0892 value_loss=30224.5145
2026-03-24 20:08:30 [info     ] epoch_complete                 avg_loss=15089.6571 epoch=3 num_batches=204 policy_loss=1.0889 value_loss=30177.1587
2026-03-24 20:08:30 [debug    ] agent_trained                  agent=Alice avg_loss=15098.5543 epochs=3
2026-03-24 20:08:31 [info     ] epoch_complete                 avg_loss=15080.7907 epoch=1 num_batches=204 policy_loss=1.0892 value_loss=30159.4254
2026-03-24 20:08:32 [info     ] epoch_complete                 avg_loss=15086.9307 epoch=2 num_batches=204 policy_loss=1.0888 value_loss=30171.706
2026-03-24 20:08:33 [info     ] epoch_complete                 avg_loss=15074.7071 epoch=3 num_batches=204 policy_loss=1.0899 value_loss=30147.2568
2026-03-24 20:08:33 [debug    ] agent_trained                  agent=Bob avg_loss=15080.8095 epochs=3
2026-03-24 20:08:33 [info     ] epoch_complete                 avg_loss=15079.751 epoch=1 num_batches=204 policy_loss=1.0894 value_loss=30157.3454
2026-03-24 20:08:34 [info     ] epoch_complete                 avg_loss=15071.2786 epoch=2 num_batches=204 policy_loss=1.0894 value_loss=30140.4006
2026-03-24 20:08:35 [info     ] epoch_complete                 avg_loss=15072.2671 epoch=3 num_batches=204 policy_loss=1.0897 value_loss=30142.3769
2026-03-24 20:08:35 [debug    ] agent_trained                  agent=Carol avg_loss=15074.4322 epochs=3
2026-03-24 20:08:36 [info     ] epoch_complete                 avg_loss=15084.7487 epoch=1 num_batches=204 policy_loss=1.0896 value_loss=30167.3403
2026-03-24 20:08:37 [info     ] epoch_complete                 avg_loss=15080.5436 epoch=2 num_batches=204 policy_loss=1.0894 value_loss=30158.9307
2026-03-24 20:08:37 [info     ] epoch_complete                 avg_loss=15076.0378 epoch=3 num_batches=204 policy_loss=1.0896 value_loss=30149.9187
2026-03-24 20:08:37 [debug    ] agent_trained                  agent=Dave avg_loss=15080.4434 epochs=3
2026-03-24 20:08:38 [info     ] epoch_complete                 avg_loss=15082.2276 epoch=1 num_batches=204 policy_loss=1.0892 value_loss=30162.299
2026-03-24 20:08:39 [info     ] epoch_complete                 avg_loss=15075.4637 epoch=2 num_batches=204 policy_loss=1.0895 value_loss=30148.7706
2026-03-24 20:08:40 [info     ] epoch_complete                 avg_loss=15078.9425 epoch=3 num_batches=204 policy_loss=1.0895 value_loss=30155.7283
2026-03-24 20:08:40 [debug    ] agent_trained                  agent=Eve avg_loss=15078.8779 epochs=3
2026-03-24 20:08:42 [info     ] epoch_complete                 avg_loss=15078.4565 epoch=1 num_batches=204 policy_loss=1.0897 value_loss=30154.7557
2026-03-24 20:08:43 [info     ] epoch_complete                 avg_loss=15095.4982 epoch=2 num_batches=204 policy_loss=1.0894 value_loss=30188.8399
2026-03-24 20:08:44 [info     ] epoch_complete                 avg_loss=15079.7974 epoch=3 num_batches=204 policy_loss=1.0894 value_loss=30157.4381
2026-03-24 20:08:44 [debug    ] agent_trained                  agent=Frank avg_loss=15084.584 epochs=3
2026-03-24 20:08:45 [info     ] epoch_complete                 avg_loss=15098.747 epoch=1 num_batches=204 policy_loss=1.0894 value_loss=30195.3375
2026-03-24 20:08:45 [info     ] epoch_complete                 avg_loss=15092.2954 epoch=2 num_batches=204 policy_loss=1.0891 value_loss=30182.4349
2026-03-24 20:08:46 [info     ] epoch_complete                 avg_loss=15075.3485 epoch=3 num_batches=204 policy_loss=1.0896 value_loss=30148.5401
2026-03-24 20:08:46 [debug    ] agent_trained                  agent=Grace avg_loss=15088.797 epochs=3
2026-03-24 20:08:47 [info     ] epoch_complete                 avg_loss=15075.8955 epoch=1 num_batches=204 policy_loss=1.0891 value_loss=30149.6349
2026-03-24 20:08:48 [info     ] epoch_complete                 avg_loss=15075.6015 epoch=2 num_batches=204 policy_loss=1.0892 value_loss=30149.0468
2026-03-24 20:08:48 [info     ] epoch_complete                 avg_loss=15087.3843 epoch=3 num_batches=204 policy_loss=1.0895 value_loss=30172.6116
2026-03-24 20:08:48 [debug    ] agent_trained                  agent=Hank avg_loss=15079.6271 epochs=3
2026-03-24 20:08:50 [info     ] epoch_complete                 avg_loss=15079.2568 epoch=1 num_batches=204 policy_loss=1.0894 value_loss=30156.3571
2026-03-24 20:08:50 [info     ] epoch_complete                 avg_loss=15077.3367 epoch=2 num_batches=204 policy_loss=1.0894 value_loss=30152.5167
2026-03-24 20:08:51 [info     ] epoch_complete                 avg_loss=15080.168 epoch=3 num_batches=204 policy_loss=1.0899 value_loss=30158.1784
2026-03-24 20:08:51 [debug    ] agent_trained                  agent=Ivan avg_loss=15078.9205 epochs=3
2026-03-24 20:08:51 [info     ] winner_weights_shared          alpha=0.5 learners=8 winner=agent_alice
2026-03-24 20:08:51 [info     ] winner_teaches                 winner=Alice wins_this_iteration=2
2026-03-24 20:08:51 [info     ] iteration_complete             best_agent=Alice best_bb_per_100=306.12 iteration=30

=== Agent Leaderboard ===
Rank  Agent      BB/100     Win Rate   Tournaments  Hands     
------------------------------------------------------------
1     Alice        306.12    14.0%        150       1274
2     Hank         219.06    13.3%        150       1274
3     Bob          175.28    12.7%        150       1274
4     Grace         23.55    11.3%        150       1274
5     Dave          14.33    11.3%        150       1274
6     Frank          7.14    11.3%        150       1274
7     Ivan        -169.57     9.3%        150       1274
8     Carol       -259.03     8.7%        150       1274
9     Eve         -316.89     8.0%        150       1274

2026-03-24 20:08:51 [info     ] models_saved                   best_agent=Alice best_bb_per_100=306.12 suffix=iter30
2026-03-24 20:08:51 [info     ] models_saved                   best_agent=Alice best_bb_per_100=306.12 suffix=final
2026-03-24 20:08:51 [info     ] selfplay_complete              best_agent=Alice best_bb_per_100=306.12 iterations=30

Best Agent: Alice
BB/100: 306.12
Win Rate: 14.0%
Model saved to: ./models/selfplay/best_model.pt
