2026-03-24 18:57:11 [debug    ] model_registered               model_id=agent_alice
2026-03-24 18:57:11 [debug    ] model_registered               model_id=agent_bob
2026-03-24 18:57:11 [debug    ] model_registered               model_id=agent_carol
2026-03-24 18:57:11 [debug    ] model_registered               model_id=agent_dave
2026-03-24 18:57:11 [debug    ] model_registered               model_id=agent_eve
2026-03-24 18:57:11 [debug    ] model_registered               model_id=agent_frank
2026-03-24 18:57:11 [debug    ] model_registered               model_id=agent_grace
2026-03-24 18:57:11 [debug    ] model_registered               model_id=agent_hank
2026-03-24 18:57:11 [debug    ] model_registered               model_id=agent_ivan
2026-03-24 18:57:11 [info     ] agents_initialized             count=9
2026-03-24 18:57:11 [info     ] selfplay_starting              max_iterations=15 num_players=9 tournaments_per_iter=3
2026-03-24 18:57:11 [info     ] iteration_starting             iteration=1
2026-03-24 18:57:11 [debug    ] tournament_starting            tournament_id=selfplay-c3081637
/home/babbitt/workspace/angzarr/examples-python/main/ai_player/models/poker_net.py:123: UserWarning: To copy construct from a tensor, it is recommended to use sourceTensor.detach().clone() or sourceTensor.detach().clone().requires_grad_(True), rather than torch.tensor(sourceTensor).
  x = torch.tensor(state, dtype=torch.float32, device=self._device)
2026-03-24 18:57:35 [debug    ] tournament_complete            hands=100 tournament_id=selfplay-c3081637 winner=Carol
2026-03-24 18:57:35 [debug    ] tournament_starting            tournament_id=selfplay-0bce6761
2026-03-24 18:57:36 [debug    ] tournament_complete            hands=4 tournament_id=selfplay-0bce6761 winner=Frank
2026-03-24 18:57:36 [debug    ] tournament_starting            tournament_id=selfplay-d0d87ea4
2026-03-24 18:57:49 [debug    ] tournament_complete            hands=100 tournament_id=selfplay-d0d87ea4 winner=Carol
2026-03-24 18:57:49 [info     ] training_phase                 iteration=1
/tmp/whatif_venv/lib/python3.13/site-packages/torch/autograd/graph.py:869: UserWarning: CUDA initialization: The NVIDIA driver on your system is too old (found version 12040). Please update your GPU driver by downloading and installing a new version from the URL: http://www.nvidia.com/Download/index.aspx Alternatively, go to: https://pytorch.org to install a PyTorch version that has been compiled with your version of the CUDA driver. (Triggered internally at /pytorch/c10/cuda/CUDAFunctions.cpp:119.)
  return Variable._execution_engine.run_backward(  # Calls into the C++ engine to run the backward pass
2026-03-24 18:57:49 [info     ] epoch_complete                 avg_loss=2156.9473 epoch=1 num_batches=34 policy_loss=1.1642 value_loss=4311.5878
2026-03-24 18:57:49 [info     ] epoch_complete                 avg_loss=2066.4088 epoch=2 num_batches=34 policy_loss=1.1672 value_loss=4130.5049
2026-03-24 18:57:49 [info     ] epoch_complete                 avg_loss=2160.3901 epoch=3 num_batches=34 policy_loss=1.1666 value_loss=4318.4688
2026-03-24 18:57:49 [debug    ] agent_trained                  agent=Alice avg_loss=2127.9154 epochs=3
2026-03-24 18:57:49 [info     ] epoch_complete                 avg_loss=2070.9731 epoch=1 num_batches=34 policy_loss=1.0617 value_loss=4139.8447
2026-03-24 18:57:50 [info     ] epoch_complete                 avg_loss=2068.8328 epoch=2 num_batches=34 policy_loss=1.0616 value_loss=4135.5642
2026-03-24 18:57:50 [info     ] epoch_complete                 avg_loss=2065.275 epoch=3 num_batches=34 policy_loss=1.0636 value_loss=4128.4445
2026-03-24 18:57:50 [debug    ] agent_trained                  agent=Bob avg_loss=2068.3603 epochs=3
2026-03-24 18:57:50 [info     ] epoch_complete                 avg_loss=2062.848 epoch=1 num_batches=34 policy_loss=1.1397 value_loss=4123.4383
2026-03-24 18:57:50 [info     ] epoch_complete                 avg_loss=2068.0983 epoch=2 num_batches=34 policy_loss=1.1391 value_loss=4133.94
2026-03-24 18:57:50 [info     ] epoch_complete                 avg_loss=2063.0318 epoch=3 num_batches=34 policy_loss=1.1395 value_loss=4123.8063
2026-03-24 18:57:50 [debug    ] agent_trained                  agent=Carol avg_loss=2064.6594 epochs=3
2026-03-24 18:57:50 [info     ] epoch_complete                 avg_loss=2066.1339 epoch=1 num_batches=34 policy_loss=1.2071 value_loss=4129.8753
2026-03-24 18:57:50 [info     ] epoch_complete                 avg_loss=2069.9364 epoch=2 num_batches=34 policy_loss=1.2092 value_loss=4137.476
2026-03-24 18:57:50 [info     ] epoch_complete                 avg_loss=2070.1086 epoch=3 num_batches=34 policy_loss=1.208 value_loss=4137.8229
2026-03-24 18:57:50 [debug    ] agent_trained                  agent=Dave avg_loss=2068.7263 epochs=3
2026-03-24 18:57:50 [info     ] epoch_complete                 avg_loss=2159.643 epoch=1 num_batches=34 policy_loss=1.0686 value_loss=4317.1706
2026-03-24 18:57:50 [info     ] epoch_complete                 avg_loss=2066.5793 epoch=2 num_batches=34 policy_loss=1.0674 value_loss=4131.0456
2026-03-24 18:57:51 [info     ] epoch_complete                 avg_loss=2064.7792 epoch=3 num_batches=34 policy_loss=1.0683 value_loss=4127.4435
2026-03-24 18:57:51 [debug    ] agent_trained                  agent=Eve avg_loss=2097.0005 epochs=3
2026-03-24 18:57:51 [info     ] epoch_complete                 avg_loss=2062.4637 epoch=1 num_batches=34 policy_loss=1.1177 value_loss=4122.7138
2026-03-24 18:57:51 [info     ] epoch_complete                 avg_loss=2068.0374 epoch=2 num_batches=34 policy_loss=1.1163 value_loss=4133.8641
2026-03-24 18:57:51 [info     ] epoch_complete                 avg_loss=2074.3703 epoch=3 num_batches=34 policy_loss=1.1198 value_loss=4146.5227
2026-03-24 18:57:51 [debug    ] agent_trained                  agent=Frank avg_loss=2068.2905 epochs=3
2026-03-24 18:57:51 [info     ] epoch_complete                 avg_loss=2074.0788 epoch=1 num_batches=34 policy_loss=1.1303 value_loss=4145.9188
2026-03-24 18:57:51 [info     ] epoch_complete                 avg_loss=2165.9084 epoch=2 num_batches=34 policy_loss=1.1285 value_loss=4329.5816
2026-03-24 18:57:51 [info     ] epoch_complete                 avg_loss=2068.4296 epoch=3 num_batches=34 policy_loss=1.1293 value_loss=4134.6223
2026-03-24 18:57:51 [debug    ] agent_trained                  agent=Grace avg_loss=2102.8056 epochs=3
2026-03-24 18:57:51 [info     ] epoch_complete                 avg_loss=2070.8411 epoch=1 num_batches=34 policy_loss=1.2107 value_loss=4139.2825
2026-03-24 18:57:51 [info     ] epoch_complete                 avg_loss=2067.8562 epoch=2 num_batches=34 policy_loss=1.2111 value_loss=4133.3119
2026-03-24 18:57:51 [info     ] epoch_complete                 avg_loss=2068.7833 epoch=3 num_batches=34 policy_loss=1.2115 value_loss=4135.1653
2026-03-24 18:57:51 [debug    ] agent_trained                  agent=Hank avg_loss=2069.1602 epochs=3
2026-03-24 18:57:51 [info     ] epoch_complete                 avg_loss=2071.3899 epoch=1 num_batches=34 policy_loss=1.2764 value_loss=4140.2486
2026-03-24 18:57:52 [info     ] epoch_complete                 avg_loss=2064.934 epoch=2 num_batches=34 policy_loss=1.2761 value_loss=4127.3373
2026-03-24 18:57:52 [info     ] epoch_complete                 avg_loss=2062.8385 epoch=3 num_batches=34 policy_loss=1.2768 value_loss=4123.1449
2026-03-24 18:57:52 [debug    ] agent_trained                  agent=Ivan avg_loss=2066.3875 epochs=3
2026-03-24 18:57:52 [info     ] winner_weights_shared          alpha=0.5 learners=8 winner=agent_carol
2026-03-24 18:57:52 [info     ] winner_teaches                 winner=Carol wins_this_iteration=2
2026-03-24 18:57:52 [info     ] iteration_complete             best_agent=Carol best_bb_per_100=406.52 iteration=1

=== Agent Leaderboard ===
Rank  Agent      BB/100     Win Rate   Tournaments  Hands     
------------------------------------------------------------
1     Carol        406.52    66.7%          3        204
2     Frank        294.12    33.3%          3        204
3     Alice        181.72     0.0%          3        204
4     Bob         -147.06     0.0%          3        204
5     Dave        -147.06     0.0%          3        204
6     Eve         -147.06     0.0%          3        204
7     Grace       -147.06     0.0%          3        204
8     Hank        -147.06     0.0%          3        204
9     Ivan        -147.06     0.0%          3        204

2026-03-24 18:57:52 [info     ] iteration_starting             iteration=2
2026-03-24 18:57:52 [debug    ] tournament_starting            tournament_id=selfplay-64bd8e56
/home/babbitt/workspace/angzarr/examples-python/main/ai_player/models/poker_net.py:123: UserWarning: To copy construct from a tensor, it is recommended to use sourceTensor.detach().clone() or sourceTensor.detach().clone().requires_grad_(True), rather than torch.tensor(sourceTensor).
  x = torch.tensor(state, dtype=torch.float32, device=self._device)
2026-03-24 18:57:52 [debug    ] tournament_complete            hands=2 tournament_id=selfplay-64bd8e56 winner=Hank
2026-03-24 18:57:52 [debug    ] tournament_starting            tournament_id=selfplay-e1455186
2026-03-24 18:58:03 [debug    ] tournament_complete            hands=4 tournament_id=selfplay-e1455186 winner=Eve
2026-03-24 18:58:03 [debug    ] tournament_starting            tournament_id=selfplay-7175c07d
2026-03-24 18:58:04 [debug    ] tournament_complete            hands=8 tournament_id=selfplay-7175c07d winner=Hank
2026-03-24 18:58:04 [info     ] training_phase                 iteration=2
2026-03-24 18:58:05 [info     ] epoch_complete                 avg_loss=3025.2992 epoch=1 num_batches=37 policy_loss=1.1086 value_loss=6048.4028
2026-03-24 18:58:05 [info     ] epoch_complete                 avg_loss=2996.0103 epoch=2 num_batches=37 policy_loss=1.1058 value_loss=5989.8308
2026-03-24 18:58:05 [info     ] epoch_complete                 avg_loss=3001.328 epoch=3 num_batches=37 policy_loss=1.1071 value_loss=6000.4635
2026-03-24 18:58:05 [debug    ] agent_trained                  agent=Alice avg_loss=3007.5458 epochs=3
2026-03-24 18:58:05 [info     ] epoch_complete                 avg_loss=2995.2256 epoch=1 num_batches=37 policy_loss=1.0703 value_loss=5988.3324
2026-03-24 18:58:05 [info     ] epoch_complete                 avg_loss=5243.9918 epoch=2 num_batches=37 policy_loss=1.0728 value_loss=10485.8596
2026-03-24 18:58:05 [info     ] epoch_complete                 avg_loss=3001.2325 epoch=3 num_batches=37 policy_loss=1.0721 value_loss=6000.3426
2026-03-24 18:58:05 [debug    ] agent_trained                  agent=Bob avg_loss=3746.8166 epochs=3
2026-03-24 18:58:06 [info     ] epoch_complete                 avg_loss=5210.9936 epoch=1 num_batches=37 policy_loss=1.1443 value_loss=10419.7201
2026-03-24 18:58:06 [info     ] epoch_complete                 avg_loss=3037.6969 epoch=2 num_batches=37 policy_loss=1.1457 value_loss=6073.124
2026-03-24 18:58:06 [info     ] epoch_complete                 avg_loss=3007.708 epoch=3 num_batches=37 policy_loss=1.1425 value_loss=6013.1525
2026-03-24 18:58:06 [debug    ] agent_trained                  agent=Carol avg_loss=3752.1328 epochs=3
2026-03-24 18:58:06 [info     ] epoch_complete                 avg_loss=3020.4705 epoch=1 num_batches=37 policy_loss=1.119 value_loss=6038.7247
2026-03-24 18:58:06 [info     ] epoch_complete                 avg_loss=2995.9024 epoch=2 num_batches=37 policy_loss=1.1206 value_loss=5989.5853
2026-03-24 18:58:06 [info     ] epoch_complete                 avg_loss=3011.9105 epoch=3 num_batches=37 policy_loss=1.1192 value_loss=6021.6045
2026-03-24 18:58:06 [debug    ] agent_trained                  agent=Dave avg_loss=3009.4278 epochs=3
2026-03-24 18:58:07 [info     ] epoch_complete                 avg_loss=3005.0242 epoch=1 num_batches=37 policy_loss=1.0996 value_loss=6007.8708
2026-03-24 18:58:07 [info     ] epoch_complete                 avg_loss=3006.1335 epoch=2 num_batches=37 policy_loss=1.0988 value_loss=6010.0911
2026-03-24 18:58:07 [info     ] epoch_complete                 avg_loss=3109.7382 epoch=3 num_batches=37 policy_loss=1.0976 value_loss=6217.3028
2026-03-24 18:58:07 [debug    ] agent_trained                  agent=Eve avg_loss=3040.2987 epochs=3
2026-03-24 18:58:07 [info     ] epoch_complete                 avg_loss=3111.7749 epoch=1 num_batches=37 policy_loss=1.1038 value_loss=6221.364
2026-03-24 18:58:07 [info     ] epoch_complete                 avg_loss=2998.8293 epoch=2 num_batches=37 policy_loss=1.1032 value_loss=5995.4738
2026-03-24 18:58:07 [info     ] epoch_complete                 avg_loss=3048.0662 epoch=3 num_batches=37 policy_loss=1.1051 value_loss=6093.9439
2026-03-24 18:58:07 [debug    ] agent_trained                  agent=Frank avg_loss=3052.8901 epochs=3
2026-03-24 18:58:07 [info     ] epoch_complete                 avg_loss=2997.3987 epoch=1 num_batches=37 policy_loss=1.1426 value_loss=5992.5339
2026-03-24 18:58:07 [info     ] epoch_complete                 avg_loss=2997.8554 epoch=2 num_batches=37 policy_loss=1.1413 value_loss=5993.4501
2026-03-24 18:58:08 [info     ] epoch_complete                 avg_loss=3029.4962 epoch=3 num_batches=37 policy_loss=1.1395 value_loss=6056.7352
2026-03-24 18:58:08 [debug    ] agent_trained                  agent=Grace avg_loss=3008.2501 epochs=3
2026-03-24 18:58:08 [info     ] epoch_complete                 avg_loss=3005.2819 epoch=1 num_batches=37 policy_loss=1.1549 value_loss=6008.2756
2026-03-24 18:58:08 [info     ] epoch_complete                 avg_loss=2994.5215 epoch=2 num_batches=37 policy_loss=1.1564 value_loss=5986.7518
2026-03-24 18:58:08 [info     ] epoch_complete                 avg_loss=3085.6522 epoch=3 num_batches=37 policy_loss=1.1515 value_loss=6169.0231
2026-03-24 18:58:08 [debug    ] agent_trained                  agent=Hank avg_loss=3028.4852 epochs=3
2026-03-24 18:58:08 [info     ] epoch_complete                 avg_loss=3109.874 epoch=1 num_batches=37 policy_loss=1.1538 value_loss=6217.462
2026-03-24 18:58:08 [info     ] epoch_complete                 avg_loss=3004.8818 epoch=2 num_batches=37 policy_loss=1.1524 value_loss=6007.4803
2026-03-24 18:58:08 [info     ] epoch_complete                 avg_loss=2995.6315 epoch=3 num_batches=37 policy_loss=1.1552 value_loss=5988.9745
2026-03-24 18:58:08 [debug    ] agent_trained                  agent=Ivan avg_loss=3036.7958 epochs=3
2026-03-24 18:58:08 [info     ] winner_weights_shared          alpha=0.5 learners=8 winner=agent_hank
2026-03-24 18:58:08 [info     ] winner_teaches                 winner=Hank wins_this_iteration=2
2026-03-24 18:58:08 [info     ] iteration_complete             best_agent=Hank best_bb_per_100=550.46 iteration=2

=== Agent Leaderboard ===
Rank  Agent      BB/100     Win Rate   Tournaments  Hands     
------------------------------------------------------------
1     Hank         550.46    33.3%          6        218
2     Carol        242.80    33.3%          6        218
3     Eve          137.61    16.7%          6        218
4     Frank        137.61    16.7%          6        218
5     Alice         32.43     0.0%          6        218
6     Bob         -275.23     0.0%          6        218
7     Dave        -275.23     0.0%          6        218
8     Grace       -275.23     0.0%          6        218
9     Ivan        -275.23     0.0%          6        218

2026-03-24 18:58:08 [info     ] iteration_starting             iteration=3
2026-03-24 18:58:08 [debug    ] tournament_starting            tournament_id=selfplay-c640d886
2026-03-24 18:58:11 [debug    ] tournament_complete            hands=21 tournament_id=selfplay-c640d886 winner=Alice
2026-03-24 18:58:11 [debug    ] tournament_starting            tournament_id=selfplay-d52bfa14
2026-03-24 18:58:12 [debug    ] tournament_complete            hands=5 tournament_id=selfplay-d52bfa14 winner=Ivan
2026-03-24 18:58:12 [debug    ] tournament_starting            tournament_id=selfplay-92422f2f
2026-03-24 18:58:13 [debug    ] tournament_complete            hands=5 tournament_id=selfplay-92422f2f winner=Hank
2026-03-24 18:58:13 [info     ] training_phase                 iteration=3
2026-03-24 18:58:13 [info     ] epoch_complete                 avg_loss=4063.3446 epoch=1 num_batches=42 policy_loss=1.1109 value_loss=8124.4891
2026-03-24 18:58:13 [info     ] epoch_complete                 avg_loss=4064.8567 epoch=2 num_batches=42 policy_loss=1.1116 value_loss=8127.5119
2026-03-24 18:58:13 [info     ] epoch_complete                 avg_loss=4061.2773 epoch=3 num_batches=42 policy_loss=1.1111 value_loss=8120.3541
2026-03-24 18:58:13 [debug    ] agent_trained                  agent=Alice avg_loss=4063.1595 epochs=3
2026-03-24 18:58:13 [info     ] epoch_complete                 avg_loss=4070.9639 epoch=1 num_batches=42 policy_loss=1.1148 value_loss=8139.7199
2026-03-24 18:58:13 [info     ] epoch_complete                 avg_loss=4058.7674 epoch=2 num_batches=42 policy_loss=1.114 value_loss=8115.3287
2026-03-24 18:58:13 [info     ] epoch_complete                 avg_loss=4061.9259 epoch=3 num_batches=42 policy_loss=1.114 value_loss=8121.6455
2026-03-24 18:58:13 [debug    ] agent_trained                  agent=Bob avg_loss=4063.8857 epochs=3
2026-03-24 18:58:13 [info     ] epoch_complete                 avg_loss=4063.397 epoch=1 num_batches=42 policy_loss=1.1559 value_loss=8124.5039
2026-03-24 18:58:14 [info     ] epoch_complete                 avg_loss=4066.0614 epoch=2 num_batches=42 policy_loss=1.1555 value_loss=8129.8333
2026-03-24 18:58:14 [info     ] epoch_complete                 avg_loss=4067.397 epoch=3 num_batches=42 policy_loss=1.1568 value_loss=8132.5021
2026-03-24 18:58:14 [debug    ] agent_trained                  agent=Carol avg_loss=4065.6185 epochs=3
2026-03-24 18:58:14 [info     ] epoch_complete                 avg_loss=4064.1567 epoch=1 num_batches=42 policy_loss=1.132 value_loss=8126.0712
2026-03-24 18:58:14 [info     ] epoch_complete                 avg_loss=4060.5643 epoch=2 num_batches=42 policy_loss=1.1309 value_loss=8118.8885
2026-03-24 18:58:14 [info     ] epoch_complete                 avg_loss=4065.4759 epoch=3 num_batches=42 policy_loss=1.1309 value_loss=8128.7117
2026-03-24 18:58:14 [debug    ] agent_trained                  agent=Dave avg_loss=4063.399 epochs=3
2026-03-24 18:58:14 [info     ] epoch_complete                 avg_loss=4064.1957 epoch=1 num_batches=42 policy_loss=1.1317 value_loss=8126.1499
2026-03-24 18:58:14 [info     ] epoch_complete                 avg_loss=4062.6111 epoch=2 num_batches=42 policy_loss=1.1298 value_loss=8122.9843
2026-03-24 18:58:14 [info     ] epoch_complete                 avg_loss=4214.9096 epoch=3 num_batches=42 policy_loss=1.1314 value_loss=8427.5781
2026-03-24 18:58:14 [debug    ] agent_trained                  agent=Eve avg_loss=4113.9055 epochs=3
2026-03-24 18:58:14 [info     ] epoch_complete                 avg_loss=4061.9365 epoch=1 num_batches=42 policy_loss=1.1342 value_loss=8121.6263
2026-03-24 18:58:15 [info     ] epoch_complete                 avg_loss=4219.4416 epoch=2 num_batches=42 policy_loss=1.1331 value_loss=8436.6389
2026-03-24 18:58:15 [info     ] epoch_complete                 avg_loss=4209.9036 epoch=3 num_batches=42 policy_loss=1.1333 value_loss=8417.5623
2026-03-24 18:58:15 [debug    ] agent_trained                  agent=Frank avg_loss=4163.7606 epochs=3
2026-03-24 18:58:15 [info     ] epoch_complete                 avg_loss=4076.2839 epoch=1 num_batches=42 policy_loss=1.1535 value_loss=8150.2825
2026-03-24 18:58:15 [info     ] epoch_complete                 avg_loss=4064.2855 epoch=2 num_batches=42 policy_loss=1.1538 value_loss=8126.2851
2026-03-24 18:58:15 [info     ] epoch_complete                 avg_loss=4068.7763 epoch=3 num_batches=42 policy_loss=1.1529 value_loss=8135.2685
2026-03-24 18:58:15 [debug    ] agent_trained                  agent=Grace avg_loss=4069.7819 epochs=3
2026-03-24 18:58:15 [info     ] epoch_complete                 avg_loss=4064.5911 epoch=1 num_batches=42 policy_loss=1.1557 value_loss=8126.8927
2026-03-24 18:58:15 [info     ] epoch_complete                 avg_loss=4059.7391 epoch=2 num_batches=42 policy_loss=1.1568 value_loss=8117.1863
2026-03-24 18:58:15 [info     ] epoch_complete                 avg_loss=4065.1495 epoch=3 num_batches=42 policy_loss=1.1559 value_loss=8128.0089
2026-03-24 18:58:15 [debug    ] agent_trained                  agent=Hank avg_loss=4063.1599 epochs=3
2026-03-24 18:58:16 [info     ] epoch_complete                 avg_loss=4060.9606 epoch=1 num_batches=42 policy_loss=1.1584 value_loss=8119.6261
2026-03-24 18:58:16 [info     ] epoch_complete                 avg_loss=4066.5175 epoch=2 num_batches=42 policy_loss=1.1581 value_loss=8130.7406
2026-03-24 18:58:16 [info     ] epoch_complete                 avg_loss=4064.1217 epoch=3 num_batches=42 policy_loss=1.1588 value_loss=8125.9475
2026-03-24 18:58:16 [debug    ] agent_trained                  agent=Ivan avg_loss=4063.8666 epochs=3
2026-03-24 18:58:16 [info     ] winner_weights_shared          alpha=0.5 learners=8 winner=agent_alice
2026-03-24 18:58:16 [info     ] winner_teaches                 winner=Alice wins_this_iteration=1
2026-03-24 18:58:16 [info     ] iteration_complete             best_agent=Hank best_bb_per_100=722.89 iteration=3

=== Agent Leaderboard ===
Rank  Agent      BB/100     Win Rate   Tournaments  Hands     
------------------------------------------------------------
1     Hank         722.89    33.3%          9        249
2     Alice        269.36    11.1%          9        249
3     Carol         92.09    22.2%          9        249
4     Eve            0.00    11.1%          9        249
5     Frank          0.00    11.1%          9        249
6     Ivan           0.00    11.1%          9        249
7     Bob         -361.45     0.0%          9        249
8     Dave        -361.45     0.0%          9        249
9     Grace       -361.45     0.0%          9        249

2026-03-24 18:58:16 [info     ] iteration_starting             iteration=4
2026-03-24 18:58:16 [debug    ] tournament_starting            tournament_id=selfplay-fec32b32
2026-03-24 18:58:16 [debug    ] tournament_complete            hands=5 tournament_id=selfplay-fec32b32 winner=Grace
2026-03-24 18:58:16 [debug    ] tournament_starting            tournament_id=selfplay-5850d7ed
2026-03-24 18:58:17 [debug    ] tournament_complete            hands=4 tournament_id=selfplay-5850d7ed winner=Frank
2026-03-24 18:58:17 [debug    ] tournament_starting            tournament_id=selfplay-dcd9a61f
2026-03-24 18:58:18 [debug    ] tournament_complete            hands=5 tournament_id=selfplay-dcd9a61f winner=Eve
2026-03-24 18:58:18 [info     ] training_phase                 iteration=4
2026-03-24 18:58:18 [info     ] epoch_complete                 avg_loss=4584.2914 epoch=1 num_batches=44 policy_loss=1.1109 value_loss=9166.3827
2026-03-24 18:58:18 [info     ] epoch_complete                 avg_loss=4598.686 epoch=2 num_batches=44 policy_loss=1.1114 value_loss=9195.171
2026-03-24 18:58:18 [info     ] epoch_complete                 avg_loss=4566.8949 epoch=3 num_batches=44 policy_loss=1.1107 value_loss=9131.5901
2026-03-24 18:58:18 [debug    ] agent_trained                  agent=Alice avg_loss=4583.2908 epochs=3
2026-03-24 18:58:18 [info     ] epoch_complete                 avg_loss=4569.8169 epoch=1 num_batches=44 policy_loss=1.1107 value_loss=9137.4339
2026-03-24 18:58:18 [info     ] epoch_complete                 avg_loss=4575.0319 epoch=2 num_batches=44 policy_loss=1.1114 value_loss=9147.8628
2026-03-24 18:58:18 [info     ] epoch_complete                 avg_loss=4571.3449 epoch=3 num_batches=44 policy_loss=1.111 value_loss=9140.4895
2026-03-24 18:58:18 [debug    ] agent_trained                  agent=Bob avg_loss=4572.0645 epochs=3
2026-03-24 18:58:19 [info     ] epoch_complete                 avg_loss=5225.2484 epoch=1 num_batches=44 policy_loss=1.1298 value_loss=10448.2588
2026-03-24 18:58:19 [info     ] epoch_complete                 avg_loss=4860.2087 epoch=2 num_batches=44 policy_loss=1.129 value_loss=9718.1811
2026-03-24 18:58:19 [info     ] epoch_complete                 avg_loss=4573.3303 epoch=3 num_batches=44 policy_loss=1.1282 value_loss=9144.426
2026-03-24 18:58:19 [debug    ] agent_trained                  agent=Carol avg_loss=4886.2625 epochs=3
2026-03-24 18:58:19 [info     ] epoch_complete                 avg_loss=4571.0153 epoch=1 num_batches=44 policy_loss=1.1268 value_loss=9139.7985
2026-03-24 18:58:19 [info     ] epoch_complete                 avg_loss=4599.6058 epoch=2 num_batches=44 policy_loss=1.1273 value_loss=9196.9787
2026-03-24 18:58:19 [info     ] epoch_complete                 avg_loss=4574.8399 epoch=3 num_batches=44 policy_loss=1.1279 value_loss=9147.4456
2026-03-24 18:58:19 [debug    ] agent_trained                  agent=Dave avg_loss=4581.8203 epochs=3
2026-03-24 18:58:19 [info     ] epoch_complete                 avg_loss=4567.7456 epoch=1 num_batches=44 policy_loss=1.1209 value_loss=9133.2712
2026-03-24 18:58:20 [info     ] epoch_complete                 avg_loss=4567.7499 epoch=2 num_batches=44 policy_loss=1.1208 value_loss=9133.2798
2026-03-24 18:58:20 [info     ] epoch_complete                 avg_loss=4579.5067 epoch=3 num_batches=44 policy_loss=1.1202 value_loss=9156.7946
2026-03-24 18:58:20 [debug    ] agent_trained                  agent=Eve avg_loss=4571.6674 epochs=3
2026-03-24 18:58:20 [info     ] epoch_complete                 avg_loss=4866.8871 epoch=1 num_batches=44 policy_loss=1.1267 value_loss=9731.5425
2026-03-24 18:58:20 [info     ] epoch_complete                 avg_loss=4576.8029 epoch=2 num_batches=44 policy_loss=1.1262 value_loss=9151.3751
2026-03-24 18:58:20 [info     ] epoch_complete                 avg_loss=4890.859 epoch=3 num_batches=44 policy_loss=1.1275 value_loss=9779.4849
2026-03-24 18:58:20 [debug    ] agent_trained                  agent=Frank avg_loss=4778.183 epochs=3
2026-03-24 18:58:20 [info     ] epoch_complete                 avg_loss=4571.9342 epoch=1 num_batches=44 policy_loss=1.1275 value_loss=9141.6351
2026-03-24 18:58:20 [info     ] epoch_complete                 avg_loss=4847.8502 epoch=2 num_batches=44 policy_loss=1.1273 value_loss=9693.4676
2026-03-24 18:58:21 [info     ] epoch_complete                 avg_loss=4577.1354 epoch=3 num_batches=44 policy_loss=1.1274 value_loss=9152.0376
2026-03-24 18:58:21 [debug    ] agent_trained                  agent=Grace avg_loss=4665.6399 epochs=3
2026-03-24 18:58:21 [info     ] epoch_complete                 avg_loss=4565.6989 epoch=1 num_batches=44 policy_loss=1.1294 value_loss=9129.1607
2026-03-24 18:58:21 [info     ] epoch_complete                 avg_loss=4576.7143 epoch=2 num_batches=44 policy_loss=1.1289 value_loss=9151.1927
2026-03-24 18:58:21 [info     ] epoch_complete                 avg_loss=4569.1333 epoch=3 num_batches=44 policy_loss=1.1288 value_loss=9136.0307
2026-03-24 18:58:21 [debug    ] agent_trained                  agent=Hank avg_loss=4570.5155 epochs=3
2026-03-24 18:58:21 [info     ] epoch_complete                 avg_loss=4580.9552 epoch=1 num_batches=44 policy_loss=1.1349 value_loss=9159.6625
2026-03-24 18:58:21 [info     ] epoch_complete                 avg_loss=4578.6813 epoch=2 num_batches=44 policy_loss=1.1358 value_loss=9155.1128
2026-03-24 18:58:21 [info     ] epoch_complete                 avg_loss=4574.1877 epoch=3 num_batches=44 policy_loss=1.1335 value_loss=9146.1302
2026-03-24 18:58:21 [debug    ] agent_trained                  agent=Ivan avg_loss=4577.9414 epochs=3
2026-03-24 18:58:21 [info     ] winner_weights_shared          alpha=0.5 learners=8 winner=agent_grace
2026-03-24 18:58:21 [info     ] winner_teaches                 winner=Grace wins_this_iteration=1
2026-03-24 18:58:21 [info     ] iteration_complete             best_agent=Hank best_bb_per_100=570.34 iteration=4

=== Agent Leaderboard ===
Rank  Agent      BB/100     Win Rate   Tournaments  Hands     
------------------------------------------------------------
1     Hank         570.34    25.0%         12        263
2     Eve          228.14    16.7%         12        263
3     Frank        228.14    16.7%         12        263
4     Alice        140.95     8.3%         12        263
5     Carol        -26.88    16.7%         12        263
6     Grace       -114.07     8.3%         12        263
7     Ivan        -114.07     8.3%         12        263
8     Bob         -456.27     0.0%         12        263
9     Dave        -456.27     0.0%         12        263

2026-03-24 18:58:21 [info     ] iteration_starting             iteration=5
2026-03-24 18:58:21 [debug    ] tournament_starting            tournament_id=selfplay-164fdf47
2026-03-24 18:58:22 [debug    ] tournament_complete            hands=3 tournament_id=selfplay-164fdf47 winner=Bob
2026-03-24 18:58:22 [debug    ] tournament_starting            tournament_id=selfplay-e72be962
2026-03-24 18:58:23 [debug    ] tournament_complete            hands=13 tournament_id=selfplay-e72be962 winner=Frank
2026-03-24 18:58:23 [debug    ] tournament_starting            tournament_id=selfplay-e8efd515
2026-03-24 18:58:25 [debug    ] tournament_complete            hands=16 tournament_id=selfplay-e8efd515 winner=Alice
2026-03-24 18:58:25 [info     ] training_phase                 iteration=5
2026-03-24 18:58:25 [info     ] epoch_complete                 avg_loss=5116.553 epoch=1 num_batches=48 policy_loss=1.1178 value_loss=10230.8923
2026-03-24 18:58:25 [info     ] epoch_complete                 avg_loss=5203.3565 epoch=2 num_batches=48 policy_loss=1.1176 value_loss=10404.4996
2026-03-24 18:58:26 [info     ] epoch_complete                 avg_loss=5083.6226 epoch=3 num_batches=48 policy_loss=1.1173 value_loss=10165.0324
2026-03-24 18:58:26 [debug    ] agent_trained                  agent=Alice avg_loss=5134.5107 epochs=3
2026-03-24 18:58:26 [info     ] epoch_complete                 avg_loss=5083.4533 epoch=1 num_batches=48 policy_loss=1.1193 value_loss=10164.6897
2026-03-24 18:58:26 [info     ] epoch_complete                 avg_loss=5078.4307 epoch=2 num_batches=48 policy_loss=1.1189 value_loss=10154.6454
2026-03-24 18:58:26 [info     ] epoch_complete                 avg_loss=5037.9132 epoch=3 num_batches=48 policy_loss=1.1188 value_loss=10073.6105
2026-03-24 18:58:26 [debug    ] agent_trained                  agent=Bob avg_loss=5066.5991 epochs=3
2026-03-24 18:58:26 [info     ] epoch_complete                 avg_loss=5040.9889 epoch=1 num_batches=48 policy_loss=1.128 value_loss=10079.7435
2026-03-24 18:58:27 [info     ] epoch_complete                 avg_loss=5041.9242 epoch=2 num_batches=48 policy_loss=1.1281 value_loss=10081.6138
2026-03-24 18:58:27 [info     ] epoch_complete                 avg_loss=5121.8005 epoch=3 num_batches=48 policy_loss=1.1276 value_loss=10241.3674
2026-03-24 18:58:27 [debug    ] agent_trained                  agent=Carol avg_loss=5068.2378 epochs=3
2026-03-24 18:58:27 [info     ] epoch_complete                 avg_loss=5086.2529 epoch=1 num_batches=48 policy_loss=1.1252 value_loss=10170.277
2026-03-24 18:58:27 [info     ] epoch_complete                 avg_loss=5040.281 epoch=2 num_batches=48 policy_loss=1.1252 value_loss=10078.3334
2026-03-24 18:58:27 [info     ] epoch_complete                 avg_loss=5040.138 epoch=3 num_batches=48 policy_loss=1.1262 value_loss=10078.0455
2026-03-24 18:58:27 [debug    ] agent_trained                  agent=Dave avg_loss=5055.5573 epochs=3
2026-03-24 18:58:27 [info     ] epoch_complete                 avg_loss=5079.0579 epoch=1 num_batches=48 policy_loss=1.1224 value_loss=10155.8928
2026-03-24 18:58:28 [info     ] epoch_complete                 avg_loss=5119.1326 epoch=2 num_batches=48 policy_loss=1.1219 value_loss=10236.0431
2026-03-24 18:58:28 [info     ] epoch_complete                 avg_loss=5038.4556 epoch=3 num_batches=48 policy_loss=1.1224 value_loss=10074.6882
2026-03-24 18:58:28 [debug    ] agent_trained                  agent=Eve avg_loss=5078.882 epochs=3
2026-03-24 18:58:28 [info     ] epoch_complete                 avg_loss=5040.8853 epoch=1 num_batches=48 policy_loss=1.1258 value_loss=10079.5405
2026-03-24 18:58:28 [info     ] epoch_complete                 avg_loss=5079.2525 epoch=2 num_batches=48 policy_loss=1.1257 value_loss=10156.2752
2026-03-24 18:58:28 [info     ] epoch_complete                 avg_loss=5041.9659 epoch=3 num_batches=48 policy_loss=1.1257 value_loss=10081.7021
2026-03-24 18:58:28 [debug    ] agent_trained                  agent=Frank avg_loss=5054.0346 epochs=3
2026-03-24 18:58:28 [info     ] epoch_complete                 avg_loss=5036.8132 epoch=1 num_batches=48 policy_loss=1.1278 value_loss=10071.3925
2026-03-24 18:58:28 [info     ] epoch_complete                 avg_loss=5119.0011 epoch=2 num_batches=48 policy_loss=1.127 value_loss=10235.7698
2026-03-24 18:58:28 [info     ] epoch_complete                 avg_loss=5037.8676 epoch=3 num_batches=48 policy_loss=1.1276 value_loss=10073.5019
2026-03-24 18:58:28 [debug    ] agent_trained                  agent=Grace avg_loss=5064.5606 epochs=3
2026-03-24 18:58:29 [info     ] epoch_complete                 avg_loss=5081.9688 epoch=1 num_batches=48 policy_loss=1.1272 value_loss=10161.7049
2026-03-24 18:58:29 [info     ] epoch_complete                 avg_loss=5036.4858 epoch=2 num_batches=48 policy_loss=1.1271 value_loss=10070.739
2026-03-24 18:58:29 [info     ] epoch_complete                 avg_loss=5086.2082 epoch=3 num_batches=48 policy_loss=1.1272 value_loss=10170.1837
2026-03-24 18:58:29 [debug    ] agent_trained                  agent=Hank avg_loss=5068.2209 epochs=3
2026-03-24 18:58:29 [info     ] epoch_complete                 avg_loss=5037.323 epoch=1 num_batches=48 policy_loss=1.1295 value_loss=10072.4086
2026-03-24 18:58:29 [info     ] epoch_complete                 avg_loss=5041.2186 epoch=2 num_batches=48 policy_loss=1.1291 value_loss=10080.2008
2026-03-24 18:58:29 [info     ] epoch_complete                 avg_loss=5080.9887 epoch=3 num_batches=48 policy_loss=1.1297 value_loss=10159.7395
2026-03-24 18:58:29 [debug    ] agent_trained                  agent=Ivan avg_loss=5053.1768 epochs=3
2026-03-24 18:58:29 [info     ] winner_weights_shared          alpha=0.5 learners=8 winner=agent_bob
2026-03-24 18:58:29 [info     ] winner_teaches                 winner=Bob wins_this_iteration=1
2026-03-24 18:58:29 [info     ] iteration_complete             best_agent=Frank best_bb_per_100=406.78 iteration=5

=== Agent Leaderboard ===
Rank  Agent      BB/100     Win Rate   Tournaments  Hands     
------------------------------------------------------------
1     Frank        406.78    20.0%         15        295
2     Hank         406.78    20.0%         15        295
3     Alice        329.05    13.3%         15        295
4     Eve          101.69    13.3%         15        295
5     Carol       -125.66    13.3%         15        295
6     Bob         -203.39     6.7%         15        295
7     Grace       -203.39     6.7%         15        295
8     Ivan        -203.39     6.7%         15        295
9     Dave        -508.47     0.0%         15        295

2026-03-24 18:58:29 [info     ] models_saved                   best_agent=Frank best_bb_per_100=406.78 suffix=iter5
2026-03-24 18:58:29 [info     ] iteration_starting             iteration=6
2026-03-24 18:58:29 [debug    ] tournament_starting            tournament_id=selfplay-6a57275c
2026-03-24 18:58:53 [debug    ] tournament_complete            hands=16 tournament_id=selfplay-6a57275c winner=Carol
2026-03-24 18:58:53 [debug    ] tournament_starting            tournament_id=selfplay-a1bec669
2026-03-24 18:58:54 [debug    ] tournament_complete            hands=5 tournament_id=selfplay-a1bec669 winner=Carol
2026-03-24 18:58:54 [debug    ] tournament_starting            tournament_id=selfplay-4b6b2ce3
2026-03-24 18:58:54 [debug    ] tournament_complete            hands=2 tournament_id=selfplay-4b6b2ce3 winner=Ivan
2026-03-24 18:58:54 [info     ] training_phase                 iteration=6
2026-03-24 18:58:54 [info     ] epoch_complete                 avg_loss=5270.7072 epoch=1 num_batches=52 policy_loss=1.1193 value_loss=10539.1975
2026-03-24 18:58:55 [info     ] epoch_complete                 avg_loss=5281.2421 epoch=2 num_batches=52 policy_loss=1.1177 value_loss=10560.2704
2026-03-24 18:58:55 [info     ] epoch_complete                 avg_loss=5246.4397 epoch=3 num_batches=52 policy_loss=1.1189 value_loss=10490.6633
2026-03-24 18:58:55 [debug    ] agent_trained                  agent=Alice avg_loss=5266.1297 epochs=3
2026-03-24 18:58:55 [info     ] epoch_complete                 avg_loss=5250.8665 epoch=1 num_batches=52 policy_loss=1.1194 value_loss=10499.5158
2026-03-24 18:58:55 [info     ] epoch_complete                 avg_loss=5263.4878 epoch=2 num_batches=52 policy_loss=1.1186 value_loss=10524.76
2026-03-24 18:58:55 [info     ] epoch_complete                 avg_loss=5251.835 epoch=3 num_batches=52 policy_loss=1.1196 value_loss=10501.4523
2026-03-24 18:58:55 [debug    ] agent_trained                  agent=Bob avg_loss=5255.3964 epochs=3
2026-03-24 18:58:55 [info     ] epoch_complete                 avg_loss=5271.9536 epoch=1 num_batches=52 policy_loss=1.1238 value_loss=10541.6814
2026-03-24 18:58:56 [info     ] epoch_complete                 avg_loss=5250.9684 epoch=2 num_batches=52 policy_loss=1.1241 value_loss=10499.7104
2026-03-24 18:58:56 [info     ] epoch_complete                 avg_loss=5249.2706 epoch=3 num_batches=52 policy_loss=1.1234 value_loss=10496.3161
2026-03-24 18:58:56 [debug    ] agent_trained                  agent=Carol avg_loss=5257.3975 epochs=3
2026-03-24 18:58:56 [info     ] epoch_complete                 avg_loss=5246.2036 epoch=1 num_batches=52 policy_loss=1.1224 value_loss=10490.1843
2026-03-24 18:58:56 [info     ] epoch_complete                 avg_loss=5242.7513 epoch=2 num_batches=52 policy_loss=1.122 value_loss=10483.2804
2026-03-24 18:58:56 [info     ] epoch_complete                 avg_loss=5291.4758 epoch=3 num_batches=52 policy_loss=1.1217 value_loss=10580.73
2026-03-24 18:58:56 [debug    ] agent_trained                  agent=Dave avg_loss=5260.1436 epochs=3
2026-03-24 18:58:56 [info     ] epoch_complete                 avg_loss=5257.0663 epoch=1 num_batches=52 policy_loss=1.1209 value_loss=10511.9124
2026-03-24 18:58:56 [info     ] epoch_complete                 avg_loss=5242.144 epoch=2 num_batches=52 policy_loss=1.1205 value_loss=10482.0688
2026-03-24 18:58:57 [info     ] epoch_complete                 avg_loss=5258.6694 epoch=3 num_batches=52 policy_loss=1.1215 value_loss=10515.1173
2026-03-24 18:58:57 [debug    ] agent_trained                  agent=Eve avg_loss=5252.6265 epochs=3
2026-03-24 18:58:57 [info     ] epoch_complete                 avg_loss=5242.4897 epoch=1 num_batches=52 policy_loss=1.1212 value_loss=10482.7586
2026-03-24 18:58:57 [info     ] epoch_complete                 avg_loss=5270.9854 epoch=2 num_batches=52 policy_loss=1.1223 value_loss=10539.7481
2026-03-24 18:58:57 [info     ] epoch_complete                 avg_loss=5275.1813 epoch=3 num_batches=52 policy_loss=1.1216 value_loss=10548.1411
2026-03-24 18:58:57 [debug    ] agent_trained                  agent=Frank avg_loss=5262.8855 epochs=3
2026-03-24 18:58:57 [info     ] epoch_complete                 avg_loss=5285.7564 epoch=1 num_batches=52 policy_loss=1.122 value_loss=10569.2907
2026-03-24 18:58:57 [info     ] epoch_complete                 avg_loss=5273.3633 epoch=2 num_batches=52 policy_loss=1.1232 value_loss=10544.502
2026-03-24 18:58:58 [info     ] epoch_complete                 avg_loss=5250.6214 epoch=3 num_batches=52 policy_loss=1.1225 value_loss=10499.0196
2026-03-24 18:58:58 [debug    ] agent_trained                  agent=Grace avg_loss=5269.9137 epochs=3
2026-03-24 18:58:58 [info     ] epoch_complete                 avg_loss=5247.0303 epoch=1 num_batches=52 policy_loss=1.1234 value_loss=10491.8355
2026-03-24 18:58:58 [info     ] epoch_complete                 avg_loss=5786.581 epoch=2 num_batches=52 policy_loss=1.1229 value_loss=11570.9378
2026-03-24 18:58:58 [info     ] epoch_complete                 avg_loss=5282.5893 epoch=3 num_batches=52 policy_loss=1.1236 value_loss=10562.9532
2026-03-24 18:58:58 [debug    ] agent_trained                  agent=Hank avg_loss=5438.7335 epochs=3
2026-03-24 18:58:58 [info     ] epoch_complete                 avg_loss=5241.8567 epoch=1 num_batches=52 policy_loss=1.1231 value_loss=10481.4888
2026-03-24 18:58:58 [info     ] epoch_complete                 avg_loss=5252.8145 epoch=2 num_batches=52 policy_loss=1.124 value_loss=10503.4026
2026-03-24 18:58:58 [info     ] epoch_complete                 avg_loss=5250.1616 epoch=3 num_batches=52 policy_loss=1.1238 value_loss=10498.0975
2026-03-24 18:58:58 [debug    ] agent_trained                  agent=Ivan avg_loss=5248.2776 epochs=3
2026-03-24 18:58:58 [info     ] winner_weights_shared          alpha=0.5 learners=8 winner=agent_carol
2026-03-24 18:58:58 [info     ] winner_teaches                 winner=Carol wins_this_iteration=2
2026-03-24 18:58:58 [info     ] iteration_complete             best_agent=Carol best_bb_per_100=355.13 iteration=6

=== Agent Leaderboard ===
Rank  Agent      BB/100     Win Rate   Tournaments  Hands     
------------------------------------------------------------
1     Carol        355.13    22.2%         18        318
2     Frank        283.02    16.7%         18        318
3     Hank         283.02    16.7%         18        318
4     Alice        210.91    11.1%         18        318
5     Eve            0.00    11.1%         18        318
6     Ivan           0.00    11.1%         18        318
7     Bob         -283.02     5.6%         18        318
8     Grace       -283.02     5.6%         18        318
9     Dave        -566.04     0.0%         18        318

2026-03-24 18:58:58 [info     ] iteration_starting             iteration=7
2026-03-24 18:58:58 [debug    ] tournament_starting            tournament_id=selfplay-ff849dca
2026-03-24 18:58:59 [debug    ] tournament_complete            hands=6 tournament_id=selfplay-ff849dca winner=Alice
2026-03-24 18:58:59 [debug    ] tournament_starting            tournament_id=selfplay-be039b8a
2026-03-24 18:59:01 [debug    ] tournament_complete            hands=9 tournament_id=selfplay-be039b8a winner=Ivan
2026-03-24 18:59:01 [debug    ] tournament_starting            tournament_id=selfplay-e0e5af6c
2026-03-24 18:59:01 [debug    ] tournament_complete            hands=3 tournament_id=selfplay-e0e5af6c winner=Carol
2026-03-24 18:59:01 [info     ] training_phase                 iteration=7
2026-03-24 18:59:01 [info     ] epoch_complete                 avg_loss=5695.5431 epoch=1 num_batches=55 policy_loss=1.1198 value_loss=11388.8686
2026-03-24 18:59:01 [info     ] epoch_complete                 avg_loss=5709.0935 epoch=2 num_batches=55 policy_loss=1.1205 value_loss=11415.9675
2026-03-24 18:59:01 [info     ] epoch_complete                 avg_loss=6612.1887 epoch=3 num_batches=55 policy_loss=1.1216 value_loss=13222.1558
2026-03-24 18:59:01 [debug    ] agent_trained                  agent=Alice avg_loss=6005.6084 epochs=3
2026-03-24 18:59:02 [info     ] epoch_complete                 avg_loss=5707.5729 epoch=1 num_batches=55 policy_loss=1.1225 value_loss=11412.9224
2026-03-24 18:59:02 [info     ] epoch_complete                 avg_loss=5737.4169 epoch=2 num_batches=55 policy_loss=1.1214 value_loss=11472.6127
2026-03-24 18:59:02 [info     ] epoch_complete                 avg_loss=6555.4488 epoch=3 num_batches=55 policy_loss=1.1218 value_loss=13108.6758
2026-03-24 18:59:02 [debug    ] agent_trained                  agent=Bob avg_loss=6000.1462 epochs=3
2026-03-24 18:59:02 [info     ] epoch_complete                 avg_loss=5693.9008 epoch=1 num_batches=55 policy_loss=1.1235 value_loss=11385.5762
2026-03-24 18:59:02 [info     ] epoch_complete                 avg_loss=5710.6419 epoch=2 num_batches=55 policy_loss=1.1223 value_loss=11419.061
2026-03-24 18:59:03 [info     ] epoch_complete                 avg_loss=5721.7565 epoch=3 num_batches=55 policy_loss=1.124 value_loss=11441.2866
2026-03-24 18:59:03 [debug    ] agent_trained                  agent=Carol avg_loss=5708.7664 epochs=3
2026-03-24 18:59:03 [info     ] epoch_complete                 avg_loss=5723.6063 epoch=1 num_batches=55 policy_loss=1.1238 value_loss=11444.9867
2026-03-24 18:59:03 [info     ] epoch_complete                 avg_loss=5717.3512 epoch=2 num_batches=55 policy_loss=1.1231 value_loss=11432.4778
2026-03-24 18:59:03 [info     ] epoch_complete                 avg_loss=5685.1124 epoch=3 num_batches=55 policy_loss=1.1215 value_loss=11368.0035
2026-03-24 18:59:03 [debug    ] agent_trained                  agent=Dave avg_loss=5708.69 epochs=3
2026-03-24 18:59:03 [info     ] epoch_complete                 avg_loss=6737.9943 epoch=1 num_batches=55 policy_loss=1.1223 value_loss=13473.766
2026-03-24 18:59:04 [info     ] epoch_complete                 avg_loss=5690.0642 epoch=2 num_batches=55 policy_loss=1.1231 value_loss=11377.904
2026-03-24 18:59:04 [info     ] epoch_complete                 avg_loss=6760.6795 epoch=3 num_batches=55 policy_loss=1.1226 value_loss=13519.1356
2026-03-24 18:59:04 [debug    ] agent_trained                  agent=Eve avg_loss=6396.246 epochs=3
2026-03-24 18:59:04 [info     ] epoch_complete                 avg_loss=5693.2397 epoch=1 num_batches=55 policy_loss=1.1234 value_loss=11384.2543
2026-03-24 18:59:04 [info     ] epoch_complete                 avg_loss=5683.1058 epoch=2 num_batches=55 policy_loss=1.1232 value_loss=11363.9868
2026-03-24 18:59:04 [info     ] epoch_complete                 avg_loss=5685.9107 epoch=3 num_batches=55 policy_loss=1.1239 value_loss=11369.5954
2026-03-24 18:59:04 [debug    ] agent_trained                  agent=Frank avg_loss=5687.4187 epochs=3
2026-03-24 18:59:04 [info     ] epoch_complete                 avg_loss=5682.7902 epoch=1 num_batches=55 policy_loss=1.1241 value_loss=11363.354
2026-03-24 18:59:05 [info     ] epoch_complete                 avg_loss=5698.2961 epoch=2 num_batches=55 policy_loss=1.1234 value_loss=11394.3671
2026-03-24 18:59:05 [info     ] epoch_complete                 avg_loss=5690.8484 epoch=3 num_batches=55 policy_loss=1.1222 value_loss=11379.4741
2026-03-24 18:59:05 [debug    ] agent_trained                  agent=Grace avg_loss=5690.6449 epochs=3
2026-03-24 18:59:05 [info     ] epoch_complete                 avg_loss=5691.9916 epoch=1 num_batches=55 policy_loss=1.1238 value_loss=11381.7573
2026-03-24 18:59:05 [info     ] epoch_complete                 avg_loss=5693.3697 epoch=2 num_batches=55 policy_loss=1.1233 value_loss=11384.5145
2026-03-24 18:59:05 [info     ] epoch_complete                 avg_loss=6548.6813 epoch=3 num_batches=55 policy_loss=1.1232 value_loss=13095.1379
2026-03-24 18:59:05 [debug    ] agent_trained                  agent=Hank avg_loss=5978.0142 epochs=3
2026-03-24 18:59:06 [info     ] epoch_complete                 avg_loss=5684.1364 epoch=1 num_batches=55 policy_loss=1.1227 value_loss=11366.0492
2026-03-24 18:59:06 [info     ] epoch_complete                 avg_loss=5678.5873 epoch=2 num_batches=55 policy_loss=1.1229 value_loss=11354.9506
2026-03-24 18:59:06 [info     ] epoch_complete                 avg_loss=5682.4113 epoch=3 num_batches=55 policy_loss=1.1238 value_loss=11362.5968
2026-03-24 18:59:06 [debug    ] agent_trained                  agent=Ivan avg_loss=5681.7117 epochs=3
2026-03-24 18:59:06 [info     ] winner_weights_shared          alpha=0.5 learners=8 winner=agent_alice
2026-03-24 18:59:06 [info     ] winner_teaches                 winner=Alice wins_this_iteration=1
2026-03-24 18:59:06 [info     ] iteration_complete             best_agent=Carol best_bb_per_100=514.67 iteration=7

=== Agent Leaderboard ===
Rank  Agent      BB/100     Win Rate   Tournaments  Hands     
------------------------------------------------------------
1     Carol        514.67    23.8%         21        336
2     Alice        378.18    14.3%         21        336
3     Frank        178.57    14.3%         21        336
4     Hank         178.57    14.3%         21        336
5     Ivan         178.57    14.3%         21        336
6     Eve          -89.29     9.5%         21        336
7     Bob         -357.14     4.8%         21        336
8     Grace       -357.14     4.8%         21        336
9     Dave        -625.00     0.0%         21        336

2026-03-24 18:59:06 [info     ] iteration_starting             iteration=8
2026-03-24 18:59:06 [debug    ] tournament_starting            tournament_id=selfplay-54cca3dd
2026-03-24 18:59:06 [debug    ] tournament_complete            hands=3 tournament_id=selfplay-54cca3dd winner=Dave
2026-03-24 18:59:06 [debug    ] tournament_starting            tournament_id=selfplay-5e80b7c7
2026-03-24 18:59:18 [debug    ] tournament_complete            hands=10 tournament_id=selfplay-5e80b7c7 winner=Eve
2026-03-24 18:59:18 [debug    ] tournament_starting            tournament_id=selfplay-10b9bc39
2026-03-24 18:59:18 [debug    ] tournament_complete            hands=3 tournament_id=selfplay-10b9bc39 winner=Ivan
2026-03-24 18:59:18 [info     ] training_phase                 iteration=8
2026-03-24 18:59:19 [info     ] epoch_complete                 avg_loss=6429.5997 epoch=1 num_batches=58 policy_loss=1.1217 value_loss=12856.9775
2026-03-24 18:59:19 [info     ] epoch_complete                 avg_loss=6428.4184 epoch=2 num_batches=58 policy_loss=1.1214 value_loss=12854.6158
2026-03-24 18:59:19 [info     ] epoch_complete                 avg_loss=6424.8599 epoch=3 num_batches=58 policy_loss=1.1215 value_loss=12847.4985
2026-03-24 18:59:19 [debug    ] agent_trained                  agent=Alice avg_loss=6427.626 epochs=3
2026-03-24 18:59:20 [info     ] epoch_complete                 avg_loss=6471.6366 epoch=1 num_batches=58 policy_loss=1.1221 value_loss=12941.0507
2026-03-24 18:59:20 [info     ] epoch_complete                 avg_loss=6431.1682 epoch=2 num_batches=58 policy_loss=1.1221 value_loss=12860.1139
2026-03-24 18:59:20 [info     ] epoch_complete                 avg_loss=6463.6062 epoch=3 num_batches=58 policy_loss=1.122 value_loss=12924.9901
2026-03-24 18:59:20 [debug    ] agent_trained                  agent=Bob avg_loss=6455.4703 epochs=3
2026-03-24 18:59:20 [info     ] epoch_complete                 avg_loss=6411.8991 epoch=1 num_batches=58 policy_loss=1.1234 value_loss=12821.5731
2026-03-24 18:59:20 [info     ] epoch_complete                 avg_loss=6473.1375 epoch=2 num_batches=58 policy_loss=1.1231 value_loss=12944.0505
2026-03-24 18:59:20 [info     ] epoch_complete                 avg_loss=6474.4136 epoch=3 num_batches=58 policy_loss=1.1233 value_loss=12946.6024
2026-03-24 18:59:20 [debug    ] agent_trained                  agent=Carol avg_loss=6453.1501 epochs=3
2026-03-24 18:59:20 [info     ] epoch_complete                 avg_loss=6429.0105 epoch=1 num_batches=58 policy_loss=1.1227 value_loss=12855.7974
2026-03-24 18:59:21 [info     ] epoch_complete                 avg_loss=6431.4521 epoch=2 num_batches=58 policy_loss=1.1228 value_loss=12860.6803
2026-03-24 18:59:21 [info     ] epoch_complete                 avg_loss=6428.8281 epoch=3 num_batches=58 policy_loss=1.1229 value_loss=12855.4321
2026-03-24 18:59:21 [debug    ] agent_trained                  agent=Dave avg_loss=6429.7636 epochs=3
2026-03-24 18:59:21 [info     ] epoch_complete                 avg_loss=6410.3808 epoch=1 num_batches=58 policy_loss=1.1224 value_loss=12818.5384
2026-03-24 18:59:21 [info     ] epoch_complete                 avg_loss=6468.8321 epoch=2 num_batches=58 policy_loss=1.1227 value_loss=12935.4405
2026-03-24 18:59:21 [info     ] epoch_complete                 avg_loss=6410.6572 epoch=3 num_batches=58 policy_loss=1.123 value_loss=12819.09
2026-03-24 18:59:21 [debug    ] agent_trained                  agent=Eve avg_loss=6429.9567 epochs=3
2026-03-24 18:59:22 [info     ] epoch_complete                 avg_loss=6434.6087 epoch=1 num_batches=58 policy_loss=1.1229 value_loss=12866.9932
2026-03-24 18:59:22 [info     ] epoch_complete                 avg_loss=6430.2257 epoch=2 num_batches=58 policy_loss=1.1228 value_loss=12858.2276
2026-03-24 18:59:22 [info     ] epoch_complete                 avg_loss=6447.5934 epoch=3 num_batches=58 policy_loss=1.1228 value_loss=12892.9627
2026-03-24 18:59:22 [debug    ] agent_trained                  agent=Frank avg_loss=6437.4759 epochs=3
2026-03-24 18:59:22 [info     ] epoch_complete                 avg_loss=6433.2856 epoch=1 num_batches=58 policy_loss=1.1228 value_loss=12864.3475
2026-03-24 18:59:22 [info     ] epoch_complete                 avg_loss=6410.5725 epoch=2 num_batches=58 policy_loss=1.1229 value_loss=12818.9208
2026-03-24 18:59:23 [info     ] epoch_complete                 avg_loss=6429.2065 epoch=3 num_batches=58 policy_loss=1.1228 value_loss=12856.189
2026-03-24 18:59:23 [debug    ] agent_trained                  agent=Grace avg_loss=6424.3549 epochs=3
2026-03-24 18:59:23 [info     ] epoch_complete                 avg_loss=6465.8957 epoch=1 num_batches=58 policy_loss=1.1224 value_loss=12929.5683
2026-03-24 18:59:23 [info     ] epoch_complete                 avg_loss=6410.4035 epoch=2 num_batches=58 policy_loss=1.1229 value_loss=12818.5828
2026-03-24 18:59:23 [info     ] epoch_complete                 avg_loss=6432.3378 epoch=3 num_batches=58 policy_loss=1.1228 value_loss=12862.4517
2026-03-24 18:59:23 [debug    ] agent_trained                  agent=Hank avg_loss=6436.2123 epochs=3
2026-03-24 18:59:23 [info     ] epoch_complete                 avg_loss=6428.56 epoch=1 num_batches=58 policy_loss=1.1231 value_loss=12854.8955
2026-03-24 18:59:23 [info     ] epoch_complete                 avg_loss=6410.2094 epoch=2 num_batches=58 policy_loss=1.1231 value_loss=12818.1943
2026-03-24 18:59:24 [info     ] epoch_complete                 avg_loss=6424.255 epoch=3 num_batches=58 policy_loss=1.1231 value_loss=12846.2854
2026-03-24 18:59:24 [debug    ] agent_trained                  agent=Ivan avg_loss=6421.0081 epochs=3
2026-03-24 18:59:24 [info     ] winner_weights_shared          alpha=0.5 learners=8 winner=agent_dave
2026-03-24 18:59:24 [info     ] winner_teaches                 winner=Dave wins_this_iteration=1
2026-03-24 18:59:24 [info     ] iteration_complete             best_agent=Carol best_bb_per_100=406.05 iteration=8

=== Agent Leaderboard ===
Rank  Agent      BB/100     Win Rate   Tournaments  Hands     
------------------------------------------------------------
1     Carol        406.05    20.8%         24        352
2     Ivan         340.91    16.7%         24        352
3     Alice        275.77    12.5%         24        352
4     Eve           85.23    12.5%         24        352
5     Frank         85.23    12.5%         24        352
6     Hank          85.23    12.5%         24        352
7     Bob         -426.14     4.2%         24        352
8     Dave        -426.14     4.2%         24        352
9     Grace       -426.14     4.2%         24        352

2026-03-24 18:59:24 [info     ] iteration_starting             iteration=9
2026-03-24 18:59:24 [debug    ] tournament_starting            tournament_id=selfplay-dffb1beb
2026-03-24 18:59:24 [debug    ] tournament_complete            hands=4 tournament_id=selfplay-dffb1beb winner=Frank
2026-03-24 18:59:24 [debug    ] tournament_starting            tournament_id=selfplay-4cfbbcbd
2026-03-24 18:59:25 [debug    ] tournament_complete            hands=3 tournament_id=selfplay-4cfbbcbd winner=Carol
2026-03-24 18:59:25 [debug    ] tournament_starting            tournament_id=selfplay-ada6424b
2026-03-24 18:59:27 [debug    ] tournament_complete            hands=15 tournament_id=selfplay-ada6424b winner=Ivan
2026-03-24 18:59:27 [info     ] training_phase                 iteration=9
2026-03-24 18:59:27 [info     ] epoch_complete                 avg_loss=6736.9235 epoch=1 num_batches=62 policy_loss=1.123 value_loss=13471.6229
2026-03-24 18:59:27 [info     ] epoch_complete                 avg_loss=6735.8072 epoch=2 num_batches=62 policy_loss=1.1231 value_loss=13469.39
2026-03-24 18:59:27 [info     ] epoch_complete                 avg_loss=6830.383 epoch=3 num_batches=62 policy_loss=1.1224 value_loss=13658.543
2026-03-24 18:59:27 [debug    ] agent_trained                  agent=Alice avg_loss=6767.7046 epochs=3
2026-03-24 18:59:28 [info     ] epoch_complete                 avg_loss=6764.2356 epoch=1 num_batches=62 policy_loss=1.123 value_loss=13526.2468
2026-03-24 18:59:28 [info     ] epoch_complete                 avg_loss=6740.5352 epoch=2 num_batches=62 policy_loss=1.1229 value_loss=13478.8462
2026-03-24 18:59:28 [info     ] epoch_complete                 avg_loss=6809.8213 epoch=3 num_batches=62 policy_loss=1.1225 value_loss=13617.4193
2026-03-24 18:59:28 [debug    ] agent_trained                  agent=Bob avg_loss=6771.5307 epochs=3
2026-03-24 18:59:28 [info     ] epoch_complete                 avg_loss=6737.1842 epoch=1 num_batches=62 policy_loss=1.1229 value_loss=13472.1445
2026-03-24 18:59:29 [info     ] epoch_complete                 avg_loss=6763.883 epoch=2 num_batches=62 policy_loss=1.1239 value_loss=13525.5399
2026-03-24 18:59:29 [info     ] epoch_complete                 avg_loss=6738.4918 epoch=3 num_batches=62 policy_loss=1.1235 value_loss=13474.7583
2026-03-24 18:59:29 [debug    ] agent_trained                  agent=Carol avg_loss=6746.5197 epochs=3
2026-03-24 18:59:29 [info     ] epoch_complete                 avg_loss=6863.0017 epoch=1 num_batches=62 policy_loss=1.1233 value_loss=13723.7786
2026-03-24 18:59:29 [info     ] epoch_complete                 avg_loss=6766.9401 epoch=2 num_batches=62 policy_loss=1.1226 value_loss=13531.6566
2026-03-24 18:59:29 [info     ] epoch_complete                 avg_loss=6786.3905 epoch=3 num_batches=62 policy_loss=1.1237 value_loss=13570.5554
2026-03-24 18:59:29 [debug    ] agent_trained                  agent=Dave avg_loss=6805.4441 epochs=3
2026-03-24 18:59:30 [info     ] epoch_complete                 avg_loss=6762.6634 epoch=1 num_batches=62 policy_loss=1.1225 value_loss=13523.1037
2026-03-24 18:59:30 [info     ] epoch_complete                 avg_loss=6767.2012 epoch=2 num_batches=62 policy_loss=1.1223 value_loss=13532.1795
2026-03-24 18:59:30 [info     ] epoch_complete                 avg_loss=6803.4709 epoch=3 num_batches=62 policy_loss=1.1225 value_loss=13604.7184
2026-03-24 18:59:30 [debug    ] agent_trained                  agent=Eve avg_loss=6777.7785 epochs=3
2026-03-24 18:59:30 [info     ] epoch_complete                 avg_loss=6769.0611 epoch=1 num_batches=62 policy_loss=1.1234 value_loss=13535.8971
2026-03-24 18:59:30 [info     ] epoch_complete                 avg_loss=6789.1689 epoch=2 num_batches=62 policy_loss=1.1237 value_loss=13576.1121
2026-03-24 18:59:31 [info     ] epoch_complete                 avg_loss=6734.3377 epoch=3 num_batches=62 policy_loss=1.1226 value_loss=13466.4518
2026-03-24 18:59:31 [debug    ] agent_trained                  agent=Frank avg_loss=6764.1892 epochs=3
2026-03-24 18:59:31 [info     ] epoch_complete                 avg_loss=6792.5146 epoch=1 num_batches=62 policy_loss=1.1227 value_loss=13582.8055
2026-03-24 18:59:31 [info     ] epoch_complete                 avg_loss=6793.4004 epoch=2 num_batches=62 policy_loss=1.123 value_loss=13584.5765
2026-03-24 18:59:31 [info     ] epoch_complete                 avg_loss=6803.8666 epoch=3 num_batches=62 policy_loss=1.1227 value_loss=13605.5094
2026-03-24 18:59:31 [debug    ] agent_trained                  agent=Grace avg_loss=6796.5939 epochs=3
2026-03-24 18:59:31 [info     ] epoch_complete                 avg_loss=6759.3118 epoch=1 num_batches=62 policy_loss=1.1234 value_loss=13516.3985
2026-03-24 18:59:32 [info     ] epoch_complete                 avg_loss=6762.752 epoch=2 num_batches=62 policy_loss=1.1229 value_loss=13523.2799
2026-03-24 18:59:32 [info     ] epoch_complete                 avg_loss=6789.5087 epoch=3 num_batches=62 policy_loss=1.1227 value_loss=13576.7937
2026-03-24 18:59:32 [debug    ] agent_trained                  agent=Hank avg_loss=6770.5242 epochs=3
2026-03-24 18:59:32 [info     ] epoch_complete                 avg_loss=6736.5971 epoch=1 num_batches=62 policy_loss=1.1232 value_loss=13470.9693
2026-03-24 18:59:32 [info     ] epoch_complete                 avg_loss=6818.2595 epoch=2 num_batches=62 policy_loss=1.1233 value_loss=13634.2942
2026-03-24 18:59:32 [info     ] epoch_complete                 avg_loss=6737.9769 epoch=3 num_batches=62 policy_loss=1.1235 value_loss=13473.7285
2026-03-24 18:59:32 [debug    ] agent_trained                  agent=Ivan avg_loss=6764.2778 epochs=3
2026-03-24 18:59:32 [info     ] winner_weights_shared          alpha=0.5 learners=8 winner=agent_frank
2026-03-24 18:59:32 [info     ] winner_teaches                 winner=Frank wins_this_iteration=1
2026-03-24 18:59:32 [info     ] iteration_complete             best_agent=Carol best_bb_per_100=542.59 iteration=9

=== Agent Leaderboard ===
Rank  Agent      BB/100     Win Rate   Tournaments  Hands     
------------------------------------------------------------
1     Carol        542.59    22.2%         27        374
2     Ivan         481.28    18.5%         27        374
3     Frank        240.64    14.8%         27        374
4     Alice        179.33    11.1%         27        374
5     Eve            0.00    11.1%         27        374
6     Hank           0.00    11.1%         27        374
7     Bob         -481.28     3.7%         27        374
8     Dave        -481.28     3.7%         27        374
9     Grace       -481.28     3.7%         27        374

2026-03-24 18:59:32 [info     ] iteration_starting             iteration=10
2026-03-24 18:59:32 [debug    ] tournament_starting            tournament_id=selfplay-39f13f27
2026-03-24 18:59:33 [debug    ] tournament_complete            hands=4 tournament_id=selfplay-39f13f27 winner=Grace
2026-03-24 18:59:33 [debug    ] tournament_starting            tournament_id=selfplay-bf045e7e
2026-03-24 18:59:35 [debug    ] tournament_complete            hands=14 tournament_id=selfplay-bf045e7e winner=Hank
2026-03-24 18:59:35 [debug    ] tournament_starting            tournament_id=selfplay-a4f53adf
2026-03-24 18:59:35 [debug    ] tournament_complete            hands=5 tournament_id=selfplay-a4f53adf winner=Ivan
2026-03-24 18:59:35 [info     ] training_phase                 iteration=10
2026-03-24 18:59:36 [info     ] epoch_complete                 avg_loss=7008.8762 epoch=1 num_batches=65 policy_loss=1.1229 value_loss=14015.5285
2026-03-24 18:59:36 [info     ] epoch_complete                 avg_loss=7014.8318 epoch=2 num_batches=65 policy_loss=1.123 value_loss=14027.4394
2026-03-24 18:59:36 [info     ] epoch_complete                 avg_loss=7011.1954 epoch=3 num_batches=65 policy_loss=1.1221 value_loss=14020.1685
2026-03-24 18:59:36 [debug    ] agent_trained                  agent=Alice avg_loss=7011.6345 epochs=3
2026-03-24 18:59:36 [info     ] epoch_complete                 avg_loss=7008.6986 epoch=1 num_batches=65 policy_loss=1.1221 value_loss=14015.1748
2026-03-24 18:59:37 [info     ] epoch_complete                 avg_loss=7016.9602 epoch=2 num_batches=65 policy_loss=1.123 value_loss=14031.6962
2026-03-24 18:59:37 [info     ] epoch_complete                 avg_loss=7013.3502 epoch=3 num_batches=65 policy_loss=1.1228 value_loss=14024.4765
2026-03-24 18:59:37 [debug    ] agent_trained                  agent=Bob avg_loss=7013.003 epochs=3
2026-03-24 18:59:37 [info     ] epoch_complete                 avg_loss=7009.1224 epoch=1 num_batches=65 policy_loss=1.1228 value_loss=14016.0209
2026-03-24 18:59:37 [info     ] epoch_complete                 avg_loss=7010.6929 epoch=2 num_batches=65 policy_loss=1.1226 value_loss=14019.1622
2026-03-24 18:59:37 [info     ] epoch_complete                 avg_loss=7011.2314 epoch=3 num_batches=65 policy_loss=1.1233 value_loss=14020.238
2026-03-24 18:59:37 [debug    ] agent_trained                  agent=Carol avg_loss=7010.3489 epochs=3
2026-03-24 18:59:38 [info     ] epoch_complete                 avg_loss=7008.5752 epoch=1 num_batches=65 policy_loss=1.1226 value_loss=14014.927
2026-03-24 18:59:38 [info     ] epoch_complete                 avg_loss=7011.2695 epoch=2 num_batches=65 policy_loss=1.1225 value_loss=14020.3155
2026-03-24 18:59:38 [info     ] epoch_complete                 avg_loss=7015.2569 epoch=3 num_batches=65 policy_loss=1.1232 value_loss=14028.2891
2026-03-24 18:59:38 [debug    ] agent_trained                  agent=Dave avg_loss=7011.7005 epochs=3
2026-03-24 18:59:38 [info     ] epoch_complete                 avg_loss=7015.0797 epoch=1 num_batches=65 policy_loss=1.123 value_loss=14027.935
2026-03-24 18:59:38 [info     ] epoch_complete                 avg_loss=7011.0348 epoch=2 num_batches=65 policy_loss=1.1225 value_loss=14019.8463
2026-03-24 18:59:38 [info     ] epoch_complete                 avg_loss=7008.8261 epoch=3 num_batches=65 policy_loss=1.1228 value_loss=14015.4282
2026-03-24 18:59:38 [debug    ] agent_trained                  agent=Eve avg_loss=7011.6469 epochs=3
2026-03-24 18:59:39 [info     ] epoch_complete                 avg_loss=7011.1522 epoch=1 num_batches=65 policy_loss=1.1231 value_loss=14020.08
2026-03-24 18:59:39 [info     ] epoch_complete                 avg_loss=7010.5082 epoch=2 num_batches=65 policy_loss=1.1229 value_loss=14018.7924
2026-03-24 18:59:39 [info     ] epoch_complete                 avg_loss=7011.012 epoch=3 num_batches=65 policy_loss=1.1231 value_loss=14019.7995
2026-03-24 18:59:39 [debug    ] agent_trained                  agent=Frank avg_loss=7010.8908 epochs=3
2026-03-24 18:59:39 [info     ] epoch_complete                 avg_loss=7010.936 epoch=1 num_batches=65 policy_loss=1.1232 value_loss=14019.6475
2026-03-24 18:59:40 [info     ] epoch_complete                 avg_loss=7008.7904 epoch=2 num_batches=65 policy_loss=1.1224 value_loss=14015.3578
2026-03-24 18:59:40 [info     ] epoch_complete                 avg_loss=7008.6782 epoch=3 num_batches=65 policy_loss=1.1232 value_loss=14015.1316
2026-03-24 18:59:40 [debug    ] agent_trained                  agent=Grace avg_loss=7009.4682 epochs=3
2026-03-24 18:59:40 [info     ] epoch_complete                 avg_loss=7010.1387 epoch=1 num_batches=65 policy_loss=1.1224 value_loss=14018.0543
2026-03-24 18:59:40 [info     ] epoch_complete                 avg_loss=7011.4431 epoch=2 num_batches=65 policy_loss=1.1224 value_loss=14020.6631
2026-03-24 18:59:40 [info     ] epoch_complete                 avg_loss=7011.0982 epoch=3 num_batches=65 policy_loss=1.1228 value_loss=14019.9725
2026-03-24 18:59:40 [debug    ] agent_trained                  agent=Hank avg_loss=7010.8933 epochs=3
2026-03-24 18:59:41 [info     ] epoch_complete                 avg_loss=7008.8215 epoch=1 num_batches=65 policy_loss=1.123 value_loss=14015.4187
2026-03-24 18:59:41 [info     ] epoch_complete                 avg_loss=7010.695 epoch=2 num_batches=65 policy_loss=1.1225 value_loss=14019.1667
2026-03-24 18:59:41 [info     ] epoch_complete                 avg_loss=7008.6302 epoch=3 num_batches=65 policy_loss=1.1232 value_loss=14015.0358
2026-03-24 18:59:41 [debug    ] agent_trained                  agent=Ivan avg_loss=7009.3822 epochs=3
2026-03-24 18:59:41 [info     ] winner_weights_shared          alpha=0.5 learners=8 winner=agent_grace
2026-03-24 18:59:41 [info     ] winner_teaches                 winner=Grace wins_this_iteration=1
2026-03-24 18:59:41 [info     ] iteration_complete             best_agent=Ivan best_bb_per_100=604.53 iteration=10

=== Agent Leaderboard ===
Rank  Agent      BB/100     Win Rate   Tournaments  Hands     
------------------------------------------------------------
1     Ivan         604.53    20.0%         30        397
2     Carol        435.59    20.0%         30        397
3     Frank        151.13    13.3%         30        397
4     Hank         151.13    13.3%         30        397
5     Alice         93.38    10.0%         30        397
6     Eve          -75.57    10.0%         30        397
7     Grace       -302.27     6.7%         30        397
8     Bob         -528.97     3.3%         30        397
9     Dave        -528.97     3.3%         30        397

2026-03-24 18:59:41 [info     ] models_saved                   best_agent=Ivan best_bb_per_100=604.53 suffix=iter10
2026-03-24 18:59:41 [info     ] iteration_starting             iteration=11
2026-03-24 18:59:41 [debug    ] tournament_starting            tournament_id=selfplay-35567716
2026-03-24 18:59:42 [debug    ] tournament_complete            hands=6 tournament_id=selfplay-35567716 winner=Grace
2026-03-24 18:59:42 [debug    ] tournament_starting            tournament_id=selfplay-1066ffa1
2026-03-24 18:59:54 [debug    ] tournament_complete            hands=22 tournament_id=selfplay-1066ffa1 winner=Dave
2026-03-24 18:59:54 [debug    ] tournament_starting            tournament_id=selfplay-85e1331c
2026-03-24 19:00:10 [debug    ] tournament_complete            hands=38 tournament_id=selfplay-85e1331c winner=Carol
2026-03-24 19:00:10 [info     ] training_phase                 iteration=11
2026-03-24 19:00:10 [info     ] epoch_complete                 avg_loss=7164.421 epoch=1 num_batches=76 policy_loss=1.1225 value_loss=14326.6187
2026-03-24 19:00:10 [info     ] epoch_complete                 avg_loss=7166.281 epoch=2 num_batches=76 policy_loss=1.122 value_loss=14330.3397
2026-03-24 19:00:10 [info     ] epoch_complete                 avg_loss=7162.3486 epoch=3 num_batches=76 policy_loss=1.1225 value_loss=14322.4739
2026-03-24 19:00:10 [debug    ] agent_trained                  agent=Alice avg_loss=7164.3502 epochs=3
2026-03-24 19:00:11 [info     ] epoch_complete                 avg_loss=7227.5674 epoch=1 num_batches=76 policy_loss=1.1227 value_loss=14452.9113
2026-03-24 19:00:11 [info     ] epoch_complete                 avg_loss=7184.9022 epoch=2 num_batches=76 policy_loss=1.1222 value_loss=14367.5817
2026-03-24 19:00:11 [info     ] epoch_complete                 avg_loss=7164.2561 epoch=3 num_batches=76 policy_loss=1.1226 value_loss=14326.2888
2026-03-24 19:00:11 [debug    ] agent_trained                  agent=Bob avg_loss=7192.2419 epochs=3
2026-03-24 19:00:11 [info     ] epoch_complete                 avg_loss=7187.0401 epoch=1 num_batches=76 policy_loss=1.1227 value_loss=14371.8564
2026-03-24 19:00:12 [info     ] epoch_complete                 avg_loss=7186.0332 epoch=2 num_batches=76 policy_loss=1.1224 value_loss=14369.8432
2026-03-24 19:00:12 [info     ] epoch_complete                 avg_loss=7186.3876 epoch=3 num_batches=76 policy_loss=1.1227 value_loss=14370.5515
2026-03-24 19:00:12 [debug    ] agent_trained                  agent=Carol avg_loss=7186.487 epochs=3
2026-03-24 19:00:12 [info     ] epoch_complete                 avg_loss=7162.8313 epoch=1 num_batches=76 policy_loss=1.1227 value_loss=14323.4388
2026-03-24 19:00:12 [info     ] epoch_complete                 avg_loss=7163.231 epoch=2 num_batches=76 policy_loss=1.1221 value_loss=14324.2393
2026-03-24 19:00:13 [info     ] epoch_complete                 avg_loss=7167.2211 epoch=3 num_batches=76 policy_loss=1.1226 value_loss=14332.2185
2026-03-24 19:00:13 [debug    ] agent_trained                  agent=Dave avg_loss=7164.4278 epochs=3
2026-03-24 19:00:13 [info     ] epoch_complete                 avg_loss=7204.6048 epoch=1 num_batches=76 policy_loss=1.1225 value_loss=14406.9863
2026-03-24 19:00:13 [info     ] epoch_complete                 avg_loss=7239.6241 epoch=2 num_batches=76 policy_loss=1.1223 value_loss=14477.0252
2026-03-24 19:00:13 [info     ] epoch_complete                 avg_loss=7191.9483 epoch=3 num_batches=76 policy_loss=1.1219 value_loss=14381.6745
2026-03-24 19:00:13 [debug    ] agent_trained                  agent=Eve avg_loss=7212.0591 epochs=3
2026-03-24 19:00:14 [info     ] epoch_complete                 avg_loss=7184.2235 epoch=1 num_batches=76 policy_loss=1.1224 value_loss=14366.2238
2026-03-24 19:00:14 [info     ] epoch_complete                 avg_loss=7214.8157 epoch=2 num_batches=76 policy_loss=1.1231 value_loss=14427.407
2026-03-24 19:00:14 [info     ] epoch_complete                 avg_loss=7173.514 epoch=3 num_batches=76 policy_loss=1.1227 value_loss=14344.8044
2026-03-24 19:00:14 [debug    ] agent_trained                  agent=Frank avg_loss=7190.8511 epochs=3
2026-03-24 19:00:14 [info     ] epoch_complete                 avg_loss=7185.0317 epoch=1 num_batches=76 policy_loss=1.1228 value_loss=14367.8395
2026-03-24 19:00:15 [info     ] epoch_complete                 avg_loss=7187.9762 epoch=2 num_batches=76 policy_loss=1.122 value_loss=14373.73
2026-03-24 19:00:15 [info     ] epoch_complete                 avg_loss=7188.2981 epoch=3 num_batches=76 policy_loss=1.1224 value_loss=14374.3731
2026-03-24 19:00:15 [debug    ] agent_trained                  agent=Grace avg_loss=7187.102 epochs=3
2026-03-24 19:00:15 [info     ] epoch_complete                 avg_loss=7188.5902 epoch=1 num_batches=76 policy_loss=1.1228 value_loss=14374.9565
2026-03-24 19:00:15 [info     ] epoch_complete                 avg_loss=7187.963 epoch=2 num_batches=76 policy_loss=1.1234 value_loss=14373.7008
2026-03-24 19:00:15 [info     ] epoch_complete                 avg_loss=7164.5413 epoch=3 num_batches=76 policy_loss=1.1223 value_loss=14326.8596
2026-03-24 19:00:15 [debug    ] agent_trained                  agent=Hank avg_loss=7180.3648 epochs=3
2026-03-24 19:00:16 [info     ] epoch_complete                 avg_loss=7168.6244 epoch=1 num_batches=76 policy_loss=1.1226 value_loss=14335.0252
2026-03-24 19:00:16 [info     ] epoch_complete                 avg_loss=7187.7991 epoch=2 num_batches=76 policy_loss=1.123 value_loss=14373.3738
2026-03-24 19:00:16 [info     ] epoch_complete                 avg_loss=7207.6784 epoch=3 num_batches=76 policy_loss=1.1224 value_loss=14413.1339
2026-03-24 19:00:16 [debug    ] agent_trained                  agent=Ivan avg_loss=7188.034 epochs=3
2026-03-24 19:00:16 [info     ] winner_weights_shared          alpha=0.5 learners=8 winner=agent_grace
2026-03-24 19:00:16 [info     ] winner_teaches                 winner=Grace wins_this_iteration=1
2026-03-24 19:00:16 [info     ] iteration_complete             best_agent=Carol best_bb_per_100=503.09 iteration=11

=== Agent Leaderboard ===
Rank  Agent      BB/100     Win Rate   Tournaments  Hands     
------------------------------------------------------------
1     Carol        503.09    21.2%         33        463
2     Ivan         453.56    18.2%         33        463
3     Frank         64.79    12.1%         33        463
4     Hank          64.79    12.1%         33        463
5     Alice         15.27     9.1%         33        463
6     Eve         -129.59     9.1%         33        463
7     Grace       -129.59     9.1%         33        463
8     Dave        -323.97     6.1%         33        463
9     Bob         -518.36     3.0%         33        463

2026-03-24 19:00:16 [info     ] iteration_starting             iteration=12
2026-03-24 19:00:16 [debug    ] tournament_starting            tournament_id=selfplay-5a041749
2026-03-24 19:00:47 [debug    ] tournament_complete            hands=90 tournament_id=selfplay-5a041749 winner=Frank
2026-03-24 19:00:47 [debug    ] tournament_starting            tournament_id=selfplay-df8a4dfd
2026-03-24 19:00:47 [debug    ] tournament_complete            hands=2 tournament_id=selfplay-df8a4dfd winner=Grace
2026-03-24 19:00:47 [debug    ] tournament_starting            tournament_id=selfplay-01935ec4
2026-03-24 19:00:48 [debug    ] tournament_complete            hands=4 tournament_id=selfplay-01935ec4 winner=Hank
2026-03-24 19:00:48 [info     ] training_phase                 iteration=12
2026-03-24 19:00:48 [info     ] epoch_complete                 avg_loss=6917.1371 epoch=1 num_batches=92 policy_loss=1.1225 value_loss=13832.0509
2026-03-24 19:00:49 [info     ] epoch_complete                 avg_loss=6858.2263 epoch=2 num_batches=92 policy_loss=1.123 value_loss=13714.2284
2026-03-24 19:00:49 [info     ] epoch_complete                 avg_loss=6857.8286 epoch=3 num_batches=92 policy_loss=1.1226 value_loss=13713.4339
2026-03-24 19:00:49 [debug    ] agent_trained                  agent=Alice avg_loss=6877.7307 epochs=3
2026-03-24 19:00:49 [info     ] epoch_complete                 avg_loss=6864.1736 epoch=1 num_batches=92 policy_loss=1.1229 value_loss=13726.1233
2026-03-24 19:00:50 [info     ] epoch_complete                 avg_loss=6949.6075 epoch=2 num_batches=92 policy_loss=1.1225 value_loss=13896.9915
2026-03-24 19:00:50 [info     ] epoch_complete                 avg_loss=6895.4424 epoch=3 num_batches=92 policy_loss=1.1221 value_loss=13788.6622
2026-03-24 19:00:50 [debug    ] agent_trained                  agent=Bob avg_loss=6903.0745 epochs=3
2026-03-24 19:00:50 [info     ] epoch_complete                 avg_loss=6890.921 epoch=1 num_batches=92 policy_loss=1.122 value_loss=13779.6198
2026-03-24 19:00:51 [info     ] epoch_complete                 avg_loss=6896.0635 epoch=2 num_batches=92 policy_loss=1.1227 value_loss=13789.9034
2026-03-24 19:00:51 [info     ] epoch_complete                 avg_loss=6892.8306 epoch=3 num_batches=92 policy_loss=1.1231 value_loss=13783.4366
2026-03-24 19:00:51 [debug    ] agent_trained                  agent=Carol avg_loss=6893.2717 epochs=3
2026-03-24 19:00:51 [info     ] epoch_complete                 avg_loss=6859.2715 epoch=1 num_batches=92 policy_loss=1.123 value_loss=13716.3187
2026-03-24 19:00:52 [info     ] epoch_complete                 avg_loss=6855.5403 epoch=2 num_batches=92 policy_loss=1.123 value_loss=13708.8562
2026-03-24 19:00:52 [info     ] epoch_complete                 avg_loss=6888.3315 epoch=3 num_batches=92 policy_loss=1.1226 value_loss=13774.4395
2026-03-24 19:00:52 [debug    ] agent_trained                  agent=Dave avg_loss=6867.7144 epochs=3
2026-03-24 19:00:52 [info     ] epoch_complete                 avg_loss=6857.9288 epoch=1 num_batches=92 policy_loss=1.1228 value_loss=13713.6337
2026-03-24 19:00:53 [info     ] epoch_complete                 avg_loss=6857.5667 epoch=2 num_batches=92 policy_loss=1.1227 value_loss=13712.9099
2026-03-24 19:00:53 [info     ] epoch_complete                 avg_loss=6921.8376 epoch=3 num_batches=92 policy_loss=1.1231 value_loss=13841.4507
2026-03-24 19:00:53 [debug    ] agent_trained                  agent=Eve avg_loss=6879.111 epochs=3
2026-03-24 19:00:54 [info     ] epoch_complete                 avg_loss=6894.2211 epoch=1 num_batches=92 policy_loss=1.1227 value_loss=13786.2184
2026-03-24 19:00:54 [info     ] epoch_complete                 avg_loss=6896.27 epoch=2 num_batches=92 policy_loss=1.1232 value_loss=13790.3154
2026-03-24 19:00:55 [info     ] epoch_complete                 avg_loss=6858.9043 epoch=3 num_batches=92 policy_loss=1.1228 value_loss=13715.5847
2026-03-24 19:00:55 [debug    ] agent_trained                  agent=Frank avg_loss=6883.1318 epochs=3
2026-03-24 19:00:55 [info     ] epoch_complete                 avg_loss=6864.4173 epoch=1 num_batches=92 policy_loss=1.1229 value_loss=13726.6106
2026-03-24 19:00:55 [info     ] epoch_complete                 avg_loss=6856.86 epoch=2 num_batches=92 policy_loss=1.1229 value_loss=13711.496
2026-03-24 19:00:55 [info     ] epoch_complete                 avg_loss=6881.7592 epoch=3 num_batches=92 policy_loss=1.1228 value_loss=13761.2944
2026-03-24 19:00:55 [debug    ] agent_trained                  agent=Grace avg_loss=6867.6788 epochs=3
2026-03-24 19:00:56 [info     ] epoch_complete                 avg_loss=6912.2549 epoch=1 num_batches=92 policy_loss=1.123 value_loss=13822.2854
2026-03-24 19:00:56 [info     ] epoch_complete                 avg_loss=6877.2156 epoch=2 num_batches=92 policy_loss=1.1226 value_loss=13752.2078
2026-03-24 19:00:56 [info     ] epoch_complete                 avg_loss=6896.3242 epoch=3 num_batches=92 policy_loss=1.1227 value_loss=13790.4247
2026-03-24 19:00:56 [debug    ] agent_trained                  agent=Hank avg_loss=6895.2649 epochs=3
2026-03-24 19:00:56 [info     ] epoch_complete                 avg_loss=6860.0167 epoch=1 num_batches=92 policy_loss=1.1227 value_loss=13717.8096
2026-03-24 19:00:57 [info     ] epoch_complete                 avg_loss=6889.1231 epoch=2 num_batches=92 policy_loss=1.1229 value_loss=13776.0219
2026-03-24 19:00:57 [info     ] epoch_complete                 avg_loss=6856.7853 epoch=3 num_batches=92 policy_loss=1.123 value_loss=13711.3463
2026-03-24 19:00:57 [debug    ] agent_trained                  agent=Ivan avg_loss=6868.6417 epochs=3
2026-03-24 19:00:57 [info     ] winner_weights_shared          alpha=0.5 learners=8 winner=agent_frank
2026-03-24 19:00:57 [info     ] winner_teaches                 winner=Frank wins_this_iteration=1
2026-03-24 19:00:57 [info     ] iteration_complete             best_agent=Carol best_bb_per_100=363.02 iteration=12

=== Agent Leaderboard ===
Rank  Agent      BB/100     Win Rate   Tournaments  Hands     
------------------------------------------------------------
1     Carol        363.02    19.4%         36        559
2     Ivan         322.00    16.7%         36        559
3     Frank        161.00    13.9%         36        559
4     Hank         161.00    13.9%         36        559
5     Grace          0.00    11.1%         36        559
6     Alice        -41.02     8.3%         36        559
7     Eve         -161.00     8.3%         36        559
8     Dave        -322.00     5.6%         36        559
9     Bob         -483.01     2.8%         36        559

2026-03-24 19:00:57 [info     ] iteration_starting             iteration=13
2026-03-24 19:00:57 [debug    ] tournament_starting            tournament_id=selfplay-eaed5043
2026-03-24 19:00:57 [debug    ] tournament_complete            hands=3 tournament_id=selfplay-eaed5043 winner=Carol
2026-03-24 19:00:57 [debug    ] tournament_starting            tournament_id=selfplay-63dc0624
2026-03-24 19:00:59 [debug    ] tournament_complete            hands=14 tournament_id=selfplay-63dc0624 winner=Grace
2026-03-24 19:00:59 [debug    ] tournament_starting            tournament_id=selfplay-0c4ad246
2026-03-24 19:01:01 [debug    ] tournament_complete            hands=9 tournament_id=selfplay-0c4ad246 winner=Bob
2026-03-24 19:01:01 [info     ] training_phase                 iteration=13
2026-03-24 19:01:01 [info     ] epoch_complete                 avg_loss=6932.6676 epoch=1 num_batches=97 policy_loss=1.1235 value_loss=13863.1101
2026-03-24 19:01:02 [info     ] epoch_complete                 avg_loss=7825.0617 epoch=2 num_batches=97 policy_loss=1.1226 value_loss=15647.8999
2026-03-24 19:01:02 [info     ] epoch_complete                 avg_loss=7838.9148 epoch=3 num_batches=97 policy_loss=1.1227 value_loss=15675.6055
2026-03-24 19:01:02 [debug    ] agent_trained                  agent=Alice avg_loss=7532.2147 epochs=3
2026-03-24 19:01:02 [info     ] epoch_complete                 avg_loss=6918.0671 epoch=1 num_batches=97 policy_loss=1.1229 value_loss=13833.9103
2026-03-24 19:01:02 [info     ] epoch_complete                 avg_loss=6918.0482 epoch=2 num_batches=97 policy_loss=1.1225 value_loss=13833.8729
2026-03-24 19:01:03 [info     ] epoch_complete                 avg_loss=6917.8896 epoch=3 num_batches=97 policy_loss=1.1225 value_loss=13833.5561
2026-03-24 19:01:03 [debug    ] agent_trained                  agent=Bob avg_loss=6918.0016 epochs=3
2026-03-24 19:01:03 [info     ] epoch_complete                 avg_loss=6958.08 epoch=1 num_batches=97 policy_loss=1.1228 value_loss=13913.9361
2026-03-24 19:01:03 [info     ] epoch_complete                 avg_loss=6924.8829 epoch=2 num_batches=97 policy_loss=1.1227 value_loss=13847.5421
2026-03-24 19:01:04 [info     ] epoch_complete                 avg_loss=6941.7175 epoch=3 num_batches=97 policy_loss=1.1224 value_loss=13881.212
2026-03-24 19:01:04 [debug    ] agent_trained                  agent=Carol avg_loss=6941.5601 epochs=3
2026-03-24 19:01:04 [info     ] epoch_complete                 avg_loss=6922.2018 epoch=1 num_batches=97 policy_loss=1.1226 value_loss=13842.1798
2026-03-24 19:01:04 [info     ] epoch_complete                 avg_loss=6918.4252 epoch=2 num_batches=97 policy_loss=1.1225 value_loss=13834.6271
2026-03-24 19:01:05 [info     ] epoch_complete                 avg_loss=6933.6682 epoch=3 num_batches=97 policy_loss=1.1222 value_loss=13865.1136
2026-03-24 19:01:05 [debug    ] agent_trained                  agent=Dave avg_loss=6924.765 epochs=3
2026-03-24 19:01:05 [info     ] epoch_complete                 avg_loss=6919.052 epoch=1 num_batches=97 policy_loss=1.1233 value_loss=13835.8792
2026-03-24 19:01:05 [info     ] epoch_complete                 avg_loss=6918.3147 epoch=2 num_batches=97 policy_loss=1.1224 value_loss=13834.4063
2026-03-24 19:01:06 [info     ] epoch_complete                 avg_loss=6941.1014 epoch=3 num_batches=97 policy_loss=1.1228 value_loss=13879.9789
2026-03-24 19:01:06 [debug    ] agent_trained                  agent=Eve avg_loss=6926.156 epochs=3
2026-03-24 19:01:06 [info     ] epoch_complete                 avg_loss=6928.788 epoch=1 num_batches=97 policy_loss=1.1223 value_loss=13855.353
2026-03-24 19:01:06 [info     ] epoch_complete                 avg_loss=6945.1676 epoch=2 num_batches=97 policy_loss=1.1229 value_loss=13888.111
2026-03-24 19:01:06 [info     ] epoch_complete                 avg_loss=6937.7111 epoch=3 num_batches=97 policy_loss=1.1227 value_loss=13873.1985
2026-03-24 19:01:06 [debug    ] agent_trained                  agent=Frank avg_loss=6937.2222 epochs=3
2026-03-24 19:01:07 [info     ] epoch_complete                 avg_loss=6966.6304 epoch=1 num_batches=97 policy_loss=1.1232 value_loss=13931.0362
2026-03-24 19:01:07 [info     ] epoch_complete                 avg_loss=7137.0992 epoch=2 num_batches=97 policy_loss=1.1225 value_loss=14271.9751
2026-03-24 19:01:08 [info     ] epoch_complete                 avg_loss=6946.0796 epoch=3 num_batches=97 policy_loss=1.1227 value_loss=13889.9354
2026-03-24 19:01:08 [debug    ] agent_trained                  agent=Grace avg_loss=7016.6031 epochs=3
2026-03-24 19:01:08 [info     ] epoch_complete                 avg_loss=6932.8285 epoch=1 num_batches=97 policy_loss=1.1239 value_loss=13863.4309
2026-03-24 19:01:08 [info     ] epoch_complete                 avg_loss=7125.6319 epoch=2 num_batches=97 policy_loss=1.1224 value_loss=14249.0407
2026-03-24 19:01:08 [info     ] epoch_complete                 avg_loss=6919.4311 epoch=3 num_batches=97 policy_loss=1.1228 value_loss=13836.6384
2026-03-24 19:01:08 [debug    ] agent_trained                  agent=Hank avg_loss=6992.6305 epochs=3
2026-03-24 19:01:09 [info     ] epoch_complete                 avg_loss=7772.4878 epoch=1 num_batches=97 policy_loss=1.1226 value_loss=15542.7522
2026-03-24 19:01:09 [info     ] epoch_complete                 avg_loss=6921.2429 epoch=2 num_batches=97 policy_loss=1.1226 value_loss=13840.2625
2026-03-24 19:01:09 [info     ] epoch_complete                 avg_loss=6931.1896 epoch=3 num_batches=97 policy_loss=1.1233 value_loss=13860.1542
2026-03-24 19:01:09 [debug    ] agent_trained                  agent=Ivan avg_loss=7208.3068 epochs=3
2026-03-24 19:01:09 [info     ] winner_weights_shared          alpha=0.5 learners=8 winner=agent_carol
2026-03-24 19:01:09 [info     ] winner_teaches                 winner=Carol wins_this_iteration=1
2026-03-24 19:01:09 [info     ] iteration_complete             best_agent=Carol best_bb_per_100=449.45 iteration=13

=== Agent Leaderboard ===
Rank  Agent      BB/100     Win Rate   Tournaments  Hands     
------------------------------------------------------------
1     Carol        449.45    20.5%         39        585
2     Ivan         256.41    15.4%         39        585
3     Frank        102.56    12.8%         39        585
4     Grace        102.56    12.8%         39        585
5     Hank         102.56    12.8%         39        585
6     Alice        -90.48     7.7%         39        585
7     Eve         -205.13     7.7%         39        585
8     Bob         -358.97     5.1%         39        585
9     Dave        -358.97     5.1%         39        585

2026-03-24 19:01:09 [info     ] iteration_starting             iteration=14
2026-03-24 19:01:09 [debug    ] tournament_starting            tournament_id=selfplay-676ca6a1
2026-03-24 19:01:11 [debug    ] tournament_complete            hands=12 tournament_id=selfplay-676ca6a1 winner=Dave
2026-03-24 19:01:11 [debug    ] tournament_starting            tournament_id=selfplay-35bb37fc
2026-03-24 19:01:13 [debug    ] tournament_complete            hands=17 tournament_id=selfplay-35bb37fc winner=Alice
2026-03-24 19:01:13 [debug    ] tournament_starting            tournament_id=selfplay-0d5c82d9
2026-03-24 19:01:15 [debug    ] tournament_complete            hands=17 tournament_id=selfplay-0d5c82d9 winner=Grace
2026-03-24 19:01:15 [info     ] training_phase                 iteration=14
2026-03-24 19:01:16 [info     ] epoch_complete                 avg_loss=7106.6406 epoch=1 num_batches=104 policy_loss=1.1231 value_loss=14211.0567
2026-03-24 19:01:16 [info     ] epoch_complete                 avg_loss=7102.3647 epoch=2 num_batches=104 policy_loss=1.1228 value_loss=14202.5054
2026-03-24 19:01:16 [info     ] epoch_complete                 avg_loss=7240.9726 epoch=3 num_batches=104 policy_loss=1.1227 value_loss=14479.7217
2026-03-24 19:01:16 [debug    ] agent_trained                  agent=Alice avg_loss=7149.9926 epochs=3
2026-03-24 19:01:17 [info     ] epoch_complete                 avg_loss=7327.6717 epoch=1 num_batches=104 policy_loss=1.1233 value_loss=14653.1183
2026-03-24 19:01:17 [info     ] epoch_complete                 avg_loss=7105.462 epoch=2 num_batches=104 policy_loss=1.1225 value_loss=14208.7006
2026-03-24 19:01:17 [info     ] epoch_complete                 avg_loss=7237.0047 epoch=3 num_batches=104 policy_loss=1.1226 value_loss=14471.786
2026-03-24 19:01:17 [debug    ] agent_trained                  agent=Bob avg_loss=7223.3794 epochs=3
2026-03-24 19:01:18 [info     ] epoch_complete                 avg_loss=7105.7848 epoch=1 num_batches=104 policy_loss=1.1224 value_loss=14209.3463
2026-03-24 19:01:18 [info     ] epoch_complete                 avg_loss=7103.6903 epoch=2 num_batches=104 policy_loss=1.1225 value_loss=14205.1572
2026-03-24 19:01:18 [info     ] epoch_complete                 avg_loss=7237.2985 epoch=3 num_batches=104 policy_loss=1.1227 value_loss=14472.3733
2026-03-24 19:01:18 [debug    ] agent_trained                  agent=Carol avg_loss=7148.9245 epochs=3
2026-03-24 19:01:18 [info     ] epoch_complete                 avg_loss=7118.9305 epoch=1 num_batches=104 policy_loss=1.1225 value_loss=14235.6375
2026-03-24 19:01:19 [info     ] epoch_complete                 avg_loss=7225.2772 epoch=2 num_batches=104 policy_loss=1.1233 value_loss=14448.3296
2026-03-24 19:01:19 [info     ] epoch_complete                 avg_loss=7119.0524 epoch=3 num_batches=104 policy_loss=1.1227 value_loss=14235.881
2026-03-24 19:01:19 [debug    ] agent_trained                  agent=Dave avg_loss=7154.42 epochs=3
2026-03-24 19:01:19 [info     ] epoch_complete                 avg_loss=7109.6979 epoch=1 num_batches=104 policy_loss=1.1224 value_loss=14217.1726
2026-03-24 19:01:20 [info     ] epoch_complete                 avg_loss=7107.7668 epoch=2 num_batches=104 policy_loss=1.123 value_loss=14213.3093
2026-03-24 19:01:20 [info     ] epoch_complete                 avg_loss=7102.2144 epoch=3 num_batches=104 policy_loss=1.1227 value_loss=14202.2049
2026-03-24 19:01:20 [debug    ] agent_trained                  agent=Eve avg_loss=7106.5597 epochs=3
2026-03-24 19:01:20 [info     ] epoch_complete                 avg_loss=7116.5751 epoch=1 num_batches=104 policy_loss=1.123 value_loss=14230.926
2026-03-24 19:01:21 [info     ] epoch_complete                 avg_loss=7111.5001 epoch=2 num_batches=104 policy_loss=1.1232 value_loss=14220.7755
2026-03-24 19:01:21 [info     ] epoch_complete                 avg_loss=7127.7281 epoch=3 num_batches=104 policy_loss=1.1229 value_loss=14253.2322
2026-03-24 19:01:21 [debug    ] agent_trained                  agent=Frank avg_loss=7118.6011 epochs=3
2026-03-24 19:01:21 [info     ] epoch_complete                 avg_loss=7227.526 epoch=1 num_batches=104 policy_loss=1.1226 value_loss=14452.8283
2026-03-24 19:01:21 [info     ] epoch_complete                 avg_loss=7125.7782 epoch=2 num_batches=104 policy_loss=1.1225 value_loss=14249.333
2026-03-24 19:01:22 [info     ] epoch_complete                 avg_loss=7272.0976 epoch=3 num_batches=104 policy_loss=1.1224 value_loss=14541.972
2026-03-24 19:01:22 [debug    ] agent_trained                  agent=Grace avg_loss=7208.4672 epochs=3
2026-03-24 19:01:22 [info     ] epoch_complete                 avg_loss=7114.9728 epoch=1 num_batches=104 policy_loss=1.1227 value_loss=14227.7219
2026-03-24 19:01:23 [info     ] epoch_complete                 avg_loss=7102.5133 epoch=2 num_batches=104 policy_loss=1.1229 value_loss=14202.8024
2026-03-24 19:01:23 [info     ] epoch_complete                 avg_loss=7235.9705 epoch=3 num_batches=104 policy_loss=1.1227 value_loss=14469.7173
2026-03-24 19:01:23 [debug    ] agent_trained                  agent=Hank avg_loss=7151.1522 epochs=3
2026-03-24 19:01:23 [info     ] epoch_complete                 avg_loss=7116.0434 epoch=1 num_batches=104 policy_loss=1.123 value_loss=14229.8626
2026-03-24 19:01:24 [info     ] epoch_complete                 avg_loss=7219.6579 epoch=2 num_batches=104 policy_loss=1.1233 value_loss=14437.0911
2026-03-24 19:01:24 [info     ] epoch_complete                 avg_loss=7104.2436 epoch=3 num_batches=104 policy_loss=1.1235 value_loss=14206.2619
2026-03-24 19:01:24 [debug    ] agent_trained                  agent=Ivan avg_loss=7146.6483 epochs=3
2026-03-24 19:01:24 [info     ] winner_weights_shared          alpha=0.5 learners=8 winner=agent_dave
2026-03-24 19:01:24 [info     ] winner_teaches                 winner=Dave wins_this_iteration=1
2026-03-24 19:01:24 [info     ] iteration_complete             best_agent=Carol best_bb_per_100=369.14 iteration=14

=== Agent Leaderboard ===
Rank  Agent      BB/100     Win Rate   Tournaments  Hands     
------------------------------------------------------------
1     Carol        369.14    19.0%         42        631
2     Grace        190.17    14.3%         42        631
3     Ivan         190.17    14.3%         42        631
4     Frank         47.54    11.9%         42        631
5     Hank          47.54    11.9%         42        631
6     Alice         11.20     9.5%         42        631
7     Dave        -237.72     7.1%         42        631
8     Eve         -237.72     7.1%         42        631
9     Bob         -380.35     4.8%         42        631

2026-03-24 19:01:24 [info     ] iteration_starting             iteration=15
2026-03-24 19:01:24 [debug    ] tournament_starting            tournament_id=selfplay-6b8adc5a
2026-03-24 19:01:35 [debug    ] tournament_complete            hands=9 tournament_id=selfplay-6b8adc5a winner=Grace
2026-03-24 19:01:35 [debug    ] tournament_starting            tournament_id=selfplay-253d1925
2026-03-24 19:03:59 [debug    ] tournament_complete            hands=24 tournament_id=selfplay-253d1925 winner=Hank
2026-03-24 19:03:59 [debug    ] tournament_starting            tournament_id=selfplay-b7432e16
2026-03-24 19:04:00 [debug    ] tournament_complete            hands=3 tournament_id=selfplay-b7432e16 winner=Bob
2026-03-24 19:04:00 [info     ] training_phase                 iteration=15
2026-03-24 19:04:00 [info     ] epoch_complete                 avg_loss=7200.8206 epoch=1 num_batches=111 policy_loss=1.1231 value_loss=14399.4166
2026-03-24 19:04:01 [info     ] epoch_complete                 avg_loss=7201.8213 epoch=2 num_batches=111 policy_loss=1.1233 value_loss=14401.4177
2026-03-24 19:04:01 [info     ] epoch_complete                 avg_loss=7213.3564 epoch=3 num_batches=111 policy_loss=1.1232 value_loss=14424.488
2026-03-24 19:04:01 [debug    ] agent_trained                  agent=Alice avg_loss=7205.3328 epochs=3
2026-03-24 19:04:02 [info     ] epoch_complete                 avg_loss=7199.1609 epoch=1 num_batches=111 policy_loss=1.1237 value_loss=14396.0961
2026-03-24 19:04:02 [info     ] epoch_complete                 avg_loss=7206.7977 epoch=2 num_batches=111 policy_loss=1.1233 value_loss=14411.3704
2026-03-24 19:04:02 [info     ] epoch_complete                 avg_loss=7201.6969 epoch=3 num_batches=111 policy_loss=1.1232 value_loss=14401.1691
2026-03-24 19:04:02 [debug    ] agent_trained                  agent=Bob avg_loss=7202.5518 epochs=3
2026-03-24 19:04:03 [info     ] epoch_complete                 avg_loss=7343.7436 epoch=1 num_batches=111 policy_loss=1.1234 value_loss=14685.2623
2026-03-24 19:04:03 [info     ] epoch_complete                 avg_loss=7227.4682 epoch=2 num_batches=111 policy_loss=1.1231 value_loss=14452.7121
2026-03-24 19:04:03 [info     ] epoch_complete                 avg_loss=7339.0628 epoch=3 num_batches=111 policy_loss=1.1231 value_loss=14675.9011
2026-03-24 19:04:03 [debug    ] agent_trained                  agent=Carol avg_loss=7303.4249 epochs=3
2026-03-24 19:04:03 [info     ] epoch_complete                 avg_loss=7218.7105 epoch=1 num_batches=111 policy_loss=1.1231 value_loss=14435.1965
2026-03-24 19:04:04 [info     ] epoch_complete                 avg_loss=7207.9907 epoch=2 num_batches=111 policy_loss=1.1235 value_loss=14413.7559
2026-03-24 19:04:04 [info     ] epoch_complete                 avg_loss=7389.0429 epoch=3 num_batches=111 policy_loss=1.1228 value_loss=14775.8619
2026-03-24 19:04:04 [debug    ] agent_trained                  agent=Dave avg_loss=7271.9147 epochs=3
2026-03-24 19:04:04 [info     ] epoch_complete                 avg_loss=7200.938 epoch=1 num_batches=111 policy_loss=1.1236 value_loss=14399.6506
2026-03-24 19:04:05 [info     ] epoch_complete                 avg_loss=7328.6872 epoch=2 num_batches=111 policy_loss=1.123 value_loss=14655.15
2026-03-24 19:04:05 [info     ] epoch_complete                 avg_loss=7331.3092 epoch=3 num_batches=111 policy_loss=1.1226 value_loss=14660.395
2026-03-24 19:04:05 [debug    ] agent_trained                  agent=Eve avg_loss=7286.9781 epochs=3
2026-03-24 19:04:06 [info     ] epoch_complete                 avg_loss=7334.2107 epoch=1 num_batches=111 policy_loss=1.1232 value_loss=14666.1968
2026-03-24 19:04:06 [info     ] epoch_complete                 avg_loss=7195.6498 epoch=2 num_batches=111 policy_loss=1.124 value_loss=14389.0733
2026-03-24 19:04:06 [info     ] epoch_complete                 avg_loss=7193.672 epoch=3 num_batches=111 policy_loss=1.1231 value_loss=14385.1195
2026-03-24 19:04:06 [debug    ] agent_trained                  agent=Frank avg_loss=7241.1775 epochs=3
2026-03-24 19:04:06 [info     ] epoch_complete                 avg_loss=7381.3892 epoch=1 num_batches=111 policy_loss=1.123 value_loss=14760.5541
2026-03-24 19:04:07 [info     ] epoch_complete                 avg_loss=7238.4742 epoch=2 num_batches=111 policy_loss=1.1235 value_loss=14474.7232
2026-03-24 19:04:07 [info     ] epoch_complete                 avg_loss=7202.2733 epoch=3 num_batches=111 policy_loss=1.1233 value_loss=14402.3217
2026-03-24 19:04:07 [debug    ] agent_trained                  agent=Grace avg_loss=7274.0456 epochs=3
2026-03-24 19:04:07 [info     ] epoch_complete                 avg_loss=7204.514 epoch=1 num_batches=111 policy_loss=1.1235 value_loss=14406.8026
2026-03-24 19:04:08 [info     ] epoch_complete                 avg_loss=7198.2299 epoch=2 num_batches=111 policy_loss=1.1236 value_loss=14394.2342
2026-03-24 19:04:08 [info     ] epoch_complete                 avg_loss=7200.3003 epoch=3 num_batches=111 policy_loss=1.1229 value_loss=14398.3765
2026-03-24 19:04:08 [debug    ] agent_trained                  agent=Hank avg_loss=7201.0147 epochs=3
2026-03-24 19:04:08 [info     ] epoch_complete                 avg_loss=7227.5894 epoch=1 num_batches=111 policy_loss=1.123 value_loss=14452.9544
2026-03-24 19:04:09 [info     ] epoch_complete                 avg_loss=7205.914 epoch=2 num_batches=111 policy_loss=1.1228 value_loss=14409.604
2026-03-24 19:04:09 [info     ] epoch_complete                 avg_loss=7197.3767 epoch=3 num_batches=111 policy_loss=1.1236 value_loss=14392.5279
2026-03-24 19:04:09 [debug    ] agent_trained                  agent=Ivan avg_loss=7210.2933 epochs=3
2026-03-24 19:04:09 [info     ] winner_weights_shared          alpha=0.5 learners=8 winner=agent_grace
2026-03-24 19:04:09 [info     ] winner_teaches                 winner=Grace wins_this_iteration=1
2026-03-24 19:04:09 [info     ] iteration_complete             best_agent=Carol best_bb_per_100=304.24 iteration=15

=== Agent Leaderboard ===
Rank  Agent      BB/100     Win Rate   Tournaments  Hands     
------------------------------------------------------------
1     Carol        304.24    17.8%         45        667
2     Grace        269.87    15.6%         45        667
3     Hank         134.93    13.3%         45        667
4     Ivan         134.93    13.3%         45        667
5     Frank          0.00    11.1%         45        667
6     Alice        -34.38     8.9%         45        667
7     Bob         -269.87     6.7%         45        667
8     Dave        -269.87     6.7%         45        667
9     Eve         -269.87     6.7%         45        667

2026-03-24 19:04:09 [info     ] models_saved                   best_agent=Carol best_bb_per_100=304.24 suffix=iter15
2026-03-24 19:04:09 [info     ] models_saved                   best_agent=Carol best_bb_per_100=304.24 suffix=final
2026-03-24 19:04:09 [info     ] selfplay_complete              best_agent=Carol best_bb_per_100=304.24 iterations=15

Best Agent: Carol
BB/100: 304.24
Win Rate: 17.8%
Model saved to: ./models/selfplay/best_model.pt
